prec_id,amer_indian,asian,black,hispanic,other,polyracial,white
alamance_03C,3,16,28,17,45,8,54
alamance_03N,3,25,33,28,53,10,61
alamance_03N2,0,0,2,1,5,0,20
alamance_03S,6,32,41,48,67,16,60
alamance_03W,7,8,36,20,37,4,55
alamance_06E,8,8,42,29,29,9,58
alamance_06N,8,5,43,35,41,11,51
alamance_06S,6,11,36,29,41,7,57
alamance_06W,2,3,32,23,24,4,48
alamance_08N,8,5,33,34,41,8,56
alamance_08S,3,4,23,17,23,3,55
alamance_09N,0,6,36,10,29,9,52
alamance_09S,16,7,38,45,59,14,62
alamance_1,4,2,31,18,30,9,63
alamance_103,4,6,29,26,35,6,59
alamance_10N,4,7,36,24,47,7,59
alamance_10S,13,17,46,59,70,22,65
alamance_11,8,2,47,19,34,11,55
alamance_1210,3,11,35,30,31,12,54
alamance_124,1,9,34,23,30,3,55
alamance_125,3,14,31,23,36,8,54
alamance_126,1,3,20,12,28,4,51
alamance_127,6,12,46,44,55,13,52
alamance_128,4,12,41,38,42,13,53
alamance_129,1,12,24,16,27,3,51
alamance_12E,10,6,38,38,37,8,52
alamance_12N,12,8,53,47,48,15,49
alamance_12S,4,6,38,32,26,12,48
alamance_12W,3,4,32,20,40,8,58
alamance_13,7,5,40,37,44,12,54
alamance_2,11,3,20,11,34,3,61
alamance_35,7,11,39,34,44,16,64
alamance_4,3,3,39,14,34,10,65
alamance_5,5,1,25,10,31,3,51
alamance_63,6,6,44,40,47,6,49
alamance_64,6,20,34,38,43,9,57
alamance_7,7,10,27,26,28,4,52
alexander_,0,0,4,0,0,0,11
alexander_B1,2,16,12,9,24,2,60
alexander_B2,3,12,16,19,24,4,64
alexander_E,2,2,25,5,11,1,56
alexander_G1,2,0,1,0,6,0,50
alexander_G2,1,0,16,5,10,1,48
alexander_L,1,3,19,2,7,0,51
alexander_M,1,11,22,15,15,2,52
alexander_S1,5,2,21,23,12,3,55
alexander_S2,2,1,17,4,5,3,54
alexander_SL,0,0,3,4,1,1,48
alexander_T1,3,12,19,13,14,4,55
alexander_T2,4,4,34,16,13,4,52
alexander_T3,0,7,13,10,7,4,50
alexander_T4,0,7,32,11,12,6,55
alexander_T5,1,3,21,14,9,0,50
alexander_W,3,5,4,11,17,2,50
alleghany_,0,0,0,0,0,0,3
alleghany_1,1,0,7,4,10,1,54
alleghany_2,0,0,1,3,3,0,41
alleghany_3,8,3,17,38,25,3,61
alleghany_4,2,0,5,11,15,2,52
alleghany_5,0,0,1,17,6,0,49
alleghany_6,0,0,2,2,5,0,43
alleghany_7,1,0,0,6,5,1,48
anson_,0,0,19,0,0,0,15
anson_ANS,1,3,38,2,20,5,55
anson_BURN,7,7,25,1,18,0,59
anson_GULL,1,0,37,3,18,2,47
anson_LILE,6,2,43,2,17,1,54
anson_MM,2,2,37,3,21,1,43
anson_PEAC,2,14,28,1,26,0,58
anson_POLK,1,7,32,1,20,3,52
anson_W1,5,7,44,6,26,6,50
anson_W2,1,0,44,9,24,1,48
anson_W3,7,14,44,7,29,3,56
anson_WS,0,1,25,1,12,0,38
ashe_,0,0,0,0,0,0,13
ashe_10,0,0,0,3,5,0,32
ashe_11,0,0,12,12,16,0,52
ashe_12,1,2,0,2,7,0,45
ashe_13,0,3,2,7,10,0,50
ashe_14,1,3,3,8,11,2,54
ashe_15,2,1,2,0,5,0,47
ashe_16,1,2,8,10,23,0,56
ashe_17,0,0,0,1,5,1,50
ashe_18,1,0,1,1,0,0,29
ashe_2,2,1,3,7,8,0,52
ashe_20,3,9,12,27,22,4,58
ashe_3,0,1,1,0,4,0,40
ashe_4,0,0,0,1,7,0,44
ashe_6,0,1,0,0,3,0,40
ashe_7,0,0,0,1,6,0,39
ashe_8,0,0,0,1,1,0,35
ashe_9,4,4,21,16,17,3,54
avery_,0,0,0,0,0,0,15
avery_1,2,2,4,7,9,0,44
avery_10,2,0,1,2,10,0,47
avery_11,0,1,1,0,10,1,43
avery_12,0,0,0,1,2,0,37
avery_13,0,0,0,0,2,0,41
avery_14,2,1,7,6,7,0,47
avery_15,5,0,2,5,5,0,46
avery_16,0,0,0,4,18,1,49
avery_17,0,0,9,2,6,0,43
avery_18,1,0,0,0,2,0,40
avery_19,3,0,0,2,4,0,39
avery_2,3,4,22,24,46,5,59
avery_3,3,0,0,3,9,3,42
avery_4,0,0,0,0,1,0,30
avery_5,0,0,0,1,2,0,38
avery_6,1,1,2,5,8,0,42
avery_7,0,0,4,1,3,0,29
avery_8,0,0,0,0,5,0,38
avery_9,1,0,1,0,4,0,39
beaufort_,0,0,12,0,1,0,10
beaufort_AUROR,4,1,38,5,13,4,49
beaufort_BEADM,2,2,24,5,19,3,56
beaufort_BELHV,2,0,42,5,10,3,54
beaufort_BLCK,3,0,32,3,11,2,52
beaufort_CHOCO,3,3,49,26,44,8,64
beaufort_EDWAR,1,1,34,2,13,2,49
beaufort_GILEA,1,4,31,1,17,4,58
beaufort_HB,1,0,21,4,10,0,53
beaufort_NCRK,2,0,26,3,17,3,51
beaufort_OLDF,1,1,39,10,14,3,48
beaufort_PANTE,0,2,36,3,10,1,52
beaufort_PINET,0,0,21,3,11,1,52
beaufort_PSJW3,4,7,49,13,23,3,47
beaufort_RVRD,2,0,41,21,20,3,59
beaufort_SURBA,2,1,23,5,16,2,55
beaufort_TCRK,1,3,37,9,31,2,63
beaufort_WASH1,1,2,50,12,30,5,55
beaufort_WASH2,2,0,48,7,23,4,51
beaufort_WASH4,1,1,45,21,31,8,55
beaufort_WASHP,0,0,31,7,17,4,53
beaufort_WDPD,3,1,23,5,9,1,55
bertie_,0,0,15,0,0,0,12
bertie_C1,1,0,40,4,21,1,53
bertie_C2,1,1,43,1,32,7,50
bertie_IW,0,1,32,1,8,3,20
bertie_M1,2,1,33,0,10,2,48
bertie_M2,0,0,39,2,24,2,45
bertie_MH,0,0,34,1,12,1,44
bertie_RX,3,1,44,2,23,4,41
bertie_SN,2,2,39,1,17,5,40
bertie_W1,5,5,52,7,47,12,53
bertie_W2,2,1,10,0,8,0,44
bertie_WD,1,0,43,3,22,3,33
bertie_WH,1,1,40,2,18,2,51
bladen_,2,0,7,0,0,0,11
bladen_P10,1,4,27,1,3,2,47
bladen_P15,12,6,39,30,29,2,52
bladen_P201,7,2,30,6,16,2,48
bladen_P202,9,4,38,9,21,6,50
bladen_P25,8,4,38,4,12,2,50
bladen_P30,35,19,42,1,17,2,36
bladen_P35,6,5,36,7,13,4,43
bladen_P40,3,2,34,14,14,3,49
bladen_P45,3,2,21,4,10,4,48
bladen_P501,7,7,48,24,23,7,51
bladen_P502,11,5,45,15,21,4,54
bladen_P55,5,1,30,1,6,2,44
bladen_P60,12,5,37,15,22,3,47
bladen_P65,1,3,18,9,2,2,45
bladen_P70,6,0,31,8,9,2,41
bladen_P75,16,9,41,8,15,3,45
bladen_P80,7,5,34,14,12,2,52
brunswick_,0,0,0,0,0,0,1
brunswick_04A,7,21,43,32,60,12,74
brunswick_04B,5,10,36,23,40,5,61
brunswick_04C,5,12,33,14,38,8,60
brunswick_1,14,4,41,15,32,3,59
brunswick_10A,3,1,37,10,39,3,61
brunswick_10B,1,5,16,6,24,4,54
brunswick_11,7,4,46,19,27,6,51
brunswick_12,8,1,35,6,22,3,65
brunswick_13,16,9,45,38,31,9,63
brunswick_14,6,9,38,22,37,3,60
brunswick_15,13,7,39,23,39,4,66
brunswick_16,3,4,24,16,30,3,67
brunswick_17,10,10,55,24,43,7,66
brunswick_18,6,1,35,29,16,1,56
brunswick_19,7,4,30,11,35,4,62
brunswick_2,17,11,47,49,54,12,65
brunswick_20,8,9,36,35,37,3,64
brunswick_21,12,10,34,24,37,15,66
brunswick_22,7,3,6,3,32,0,63
brunswick_23,5,3,12,6,30,1,58
brunswick_3,7,4,41,18,33,8,54
brunswick_5,16,6,44,27,38,10,61
brunswick_6,4,0,39,6,24,3,58
brunswick_7,5,7,38,17,36,6,57
brunswick_8,5,6,40,22,37,7,66
brunswick_9,1,2,4,6,20,2,56
buncombe_,5,8,10,13,33,11,48
buncombe_1.1,8,12,42,16,54,9,62
buncombe_10.1,4,2,46,23,52,8,51
buncombe_11.1,14,5,38,13,53,14,60
buncombe_12.1,5,5,28,27,46,13,60
buncombe_13.1,6,6,43,30,46,18,61
buncombe_14.2,2,10,44,31,55,7,59
buncombe_14.3,3,9,29,17,48,11,60
buncombe_15.1,2,3,23,16,59,11,64
buncombe_16.2,9,11,39,33,55,10,60
buncombe_17.1,2,6,24,11,46,7,62
buncombe_18.2,8,28,32,32,77,11,73
buncombe_19.1,5,4,29,22,38,5,58
buncombe_2.1,5,8,47,24,64,23,66
buncombe_20.1,0,6,29,10,35,8,59
buncombe_21.1,3,16,42,15,55,8,64
buncombe_22.2,4,12,16,17,41,11,67
buncombe_23.2,1,4,2,1,13,4,44
buncombe_23.3,0,3,16,5,25,2,54
buncombe_24.1,2,10,29,27,49,6,62
buncombe_25.1,6,12,35,19,50,20,63
buncombe_26.1,3,4,28,22,42,15,61
buncombe_27.2,2,1,4,9,33,3,55
buncombe_28.1,7,16,28,31,55,17,70
buncombe_29.2,6,12,28,28,46,7,64
buncombe_3.1,3,8,39,27,60,15,65
buncombe_30.2,1,7,22,15,44,3,58
buncombe_30.3,4,16,17,20,47,5,67
buncombe_31.1,0,0,2,5,30,1,57
buncombe_32.1,2,3,21,11,30,5,60
buncombe_33.2,3,3,18,3,31,4,57
buncombe_33.3,5,4,28,15,33,2,62
buncombe_34.1,2,4,9,6,23,2,59
buncombe_35.1,1,10,28,7,32,1,53
buncombe_36.1,3,6,18,11,40,6,64
buncombe_37.1,2,2,1,10,31,4,57
buncombe_38.2,4,1,4,12,37,9,62
buncombe_38.3,10,6,26,19,59,8,64
buncombe_39.2,0,1,9,6,27,6,60
buncombe_39.3,5,5,11,12,42,3,61
buncombe_4.1,0,7,18,10,40,5,56
buncombe_40.2,3,4,12,13,49,10,67
buncombe_41.1,7,5,13,22,53,9,65
buncombe_42.1,5,7,35,34,57,8,62
buncombe_43.2,6,8,30,28,40,11,63
buncombe_44.1,8,15,22,33,62,5,62
buncombe_45.1,6,10,24,32,62,12,69
buncombe_46.1,2,3,7,7,24,1,55
buncombe_47.1,4,5,17,17,56,3,67
buncombe_48.1,6,5,28,26,51,8,65
buncombe_49.1,13,4,23,19,58,9,66
buncombe_5.1,2,5,15,19,50,5,65
buncombe_50.1,2,2,5,0,28,1,58
buncombe_51.2,6,3,9,9,37,3,63
buncombe_52.1,7,5,21,23,65,5,66
buncombe_53.1,6,4,15,9,48,5,63
buncombe_54.2,8,13,40,36,66,13,67
buncombe_55.1,3,13,29,21,50,10,64
buncombe_56.2,0,7,30,16,39,6,60
buncombe_57.1,7,8,20,13,50,3,61
buncombe_58.1,3,3,11,11,35,1,59
buncombe_59.1,1,5,20,14,48,9,65
buncombe_6.1,1,6,24,13,39,5,55
buncombe_60.2,1,7,17,14,30,4,58
buncombe_60.4,1,6,9,13,38,7,54
buncombe_61.1,4,7,18,6,33,6,64
buncombe_62.1,4,12,21,15,47,9,69
buncombe_63.1,1,0,1,3,11,1,48
buncombe_64.1,3,3,32,15,33,4,60
buncombe_65.1,5,14,20,24,43,5,62
buncombe_66.1,2,3,23,21,41,4,55
buncombe_67.1,3,5,16,10,45,5,61
buncombe_68.1,10,7,31,31,73,10,71
buncombe_681,6,0,3,3,10,0,48
buncombe_69.1,8,8,29,22,55,8,71
buncombe_7.1,5,2,30,13,45,10,63
buncombe_70.1,4,10,26,25,58,11,66
buncombe_71.1,8,15,21,24,63,9,68
buncombe_8.2,7,12,43,28,59,12,65
buncombe_8.3,6,13,43,23,47,12,60
buncombe_9.1,10,8,37,35,58,12,67
burke_,0,0,5,0,0,0,17
burke_0029-A,0,15,17,4,15,1,48
burke_0029-B,3,1,6,3,6,1,54
burke_0047-A,3,11,36,7,25,9,57
burke_0047-B,2,5,27,1,21,3,51
burke_1,3,26,26,21,31,2,59
burke_11,2,33,17,20,21,4,57
burke_12,2,7,4,3,15,1,55
burke_13,4,24,14,11,26,4,55
burke_14,3,17,3,9,20,3,56
burke_15,2,21,16,7,21,2,53
burke_18,1,0,1,1,4,0,48
burke_19,0,0,18,3,7,1,49
burke_20,2,0,22,4,6,1,51
burke_21,1,17,11,6,19,2,56
burke_22,4,21,13,7,20,3,54
burke_24,1,21,16,11,25,2,54
burke_3,0,10,6,7,15,0,52
burke_31,4,3,37,30,28,6,60
burke_34,2,8,32,16,26,5,55
burke_35,6,4,36,24,15,9,48
burke_36,0,16,18,15,23,2,53
burke_38,1,19,25,19,23,2,61
burke_39,7,18,39,28,32,8,56
burke_40,3,17,28,12,15,4,55
burke_48,2,11,26,12,21,4,50
burke_51,3,30,41,23,34,8,58
burke_52,3,25,25,7,20,3,53
burke_53,1,19,10,12,25,2,52
burke_62,0,1,7,3,4,0,48
burke_64,0,3,1,3,10,0,49
burke_65,2,8,4,3,16,0,52
burke_66,3,18,30,18,17,3,57
burke_70,2,9,17,6,13,2,58
cabarrus_,0,0,5,0,0,0,16
cabarrus_36586,3,15,36,26,48,18,66
cabarrus_36647,5,7,25,20,36,5,58
cabarrus_36678,4,5,12,17,11,3,54
cabarrus_36708,6,1,7,1,12,0,50
cabarrus_36739,5,6,28,19,30,3,59
cabarrus_36770,3,2,19,15,27,4,56
cabarrus_36800,17,11,35,22,51,13,65
cabarrus_43832,5,1,25,29,28,6,61
cabarrus_43834,6,28,42,36,56,17,63
cabarrus_43836,10,28,35,33,43,7,56
cabarrus_43837,3,17,33,17,35,5,58
cabarrus_43838,7,14,41,55,48,15,62
cabarrus_43839,3,2,10,5,14,1,53
cabarrus_43840,10,22,36,41,50,12,63
cabarrus_43862,7,11,41,44,43,18,59
cabarrus_43863,9,26,43,63,56,17,66
cabarrus_43864,5,19,49,58,67,18,67
cabarrus_43866,9,24,38,38,56,15,65
cabarrus_43867,12,20,47,52,54,14,60
cabarrus_43868,4,22,34,20,41,3,60
cabarrus_43869,11,31,52,61,63,25,74
cabarrus_43870,11,39,48,71,66,22,67
cabarrus_43922,6,6,49,33,37,16,55
cabarrus_43923,4,12,44,47,41,11,54
cabarrus_43924,9,11,38,32,28,14,60
cabarrus_43925,6,2,42,16,25,3,48
cabarrus_43926,4,9,38,40,32,11,51
cabarrus_43927,3,7,44,39,27,10,51
cabarrus_43928,2,4,30,19,31,2,54
cabarrus_43929,10,4,31,26,26,3,55
cabarrus_43930,2,11,45,22,30,5,59
cabarrus_43931,5,17,44,44,38,9,65
cabarrus_44136,6,11,48,70,47,11,67
cabarrus_44137,8,4,26,20,27,8,63
cabarrus_44166,2,1,31,15,17,3,49
cabarrus_44167,6,2,55,40,37,13,50
cabarrus_44168,4,18,40,36,30,5,56
cabarrus_44169,8,8,49,53,38,12,59
cabarrus_44170,2,4,29,13,30,2,57
cabarrus_44171,4,3,38,20,27,9,47
cabarrus_44172,0,0,45,22,30,10,39
cabarrus_44173,5,1,40,35,17,8,53
cabarrus_44174,3,6,35,24,34,8,59
cabarrus_44175,2,5,15,8,15,7,52
cabarrus_44176,2,12,39,34,44,11,57
cabarrus_44177,5,3,37,33,31,7,56
caldwell_PR01,7,3,39,23,29,8,58
caldwell_PR02,2,5,22,3,11,5,54
caldwell_PR05,8,5,23,31,35,2,63
caldwell_PR06,1,1,12,15,25,3,56
caldwell_PR07,0,1,17,6,12,4,51
caldwell_PR08,0,0,13,1,11,2,52
caldwell_PR13,2,6,4,6,24,3,57
caldwell_PR14,3,5,17,26,33,5,64
caldwell_PR15,0,9,15,19,29,9,66
caldwell_PR16,3,7,36,10,24,5,55
caldwell_PR17,0,11,23,17,18,1,57
caldwell_PR18,1,13,25,17,35,6,64
caldwell_PR21,3,3,13,13,23,3,59
caldwell_PR22,3,5,22,23,37,6,60
caldwell_PR24,1,4,13,18,14,3,55
caldwell_PR25,5,2,10,12,14,2,58
caldwell_PR28,3,5,16,23,39,3,60
caldwell_PR29,4,9,36,34,42,8,65
caldwell_PR30,5,6,74,31,41,14,108
caldwell_PR31,2,0,46,17,19,5,89
caldwell_PR32,0,1,20,6,25,2,100
camden_,0,0,2,0,0,0,5
camden_CH,6,10,40,8,37,6,60
camden_SH,3,6,32,4,26,3,61
camden_SM,3,6,38,11,38,6,61
carteret_,0,0,6,1,0,0,15
carteret_ABCH,2,4,9,15,27,7,58
carteret_ATCS,1,0,0,2,2,0,119
carteret_BCRK,7,2,21,10,33,7,62
carteret_BFT1,0,6,32,8,31,5,61
carteret_BFT2,1,9,38,19,26,7,71
carteret_BOGU,3,8,26,10,40,9,67
carteret_CCCP,2,13,9,10,40,3,83
carteret_DASW,1,1,0,0,5,1,112
carteret_EMIS,7,10,12,12,45,3,71
carteret_HAIS,1,3,0,2,3,1,52
carteret_IBSP,0,0,2,0,7,0,43
carteret_MASM,1,2,1,0,10,0,83
carteret_MCRK,2,0,1,5,10,1,47
carteret_MERR,0,0,12,1,8,2,47
carteret_MHD1,5,8,39,18,36,6,65
carteret_MHD2,5,17,40,21,50,5,67
carteret_MHD3,4,8,32,16,41,6,66
carteret_MHD4,3,7,14,12,39,4,70
carteret_NPT1,13,9,38,33,53,12,69
carteret_NPT2,7,5,32,23,36,7,66
carteret_NRIV,2,0,34,1,12,2,39
carteret_OTBE,4,2,0,0,24,3,106
carteret_PELE,2,3,8,5,22,0,53
carteret_PKNL,2,2,3,1,18,2,56
carteret_STEL,4,2,20,9,32,3,63
carteret_WIHA,6,4,30,6,28,7,107
carteret_WILD,6,12,29,25,46,7,69
caswell_,0,0,6,0,0,0,4
caswell_ANDE,2,2,29,5,20,4,49
caswell_HIGH,0,0,32,5,16,1,49
caswell_LEAS,1,1,29,0,7,1,46
caswell_LOCU,0,4,42,9,26,4,54
caswell_MILT,2,2,43,5,23,6,49
caswell_PELH,7,3,36,10,29,9,58
caswell_PROS,1,0,22,6,8,4,49
caswell_PROVI,0,1,23,1,6,1,51
caswell_STON,2,2,38,14,27,7,56
caswell_YANC,3,3,75,9,37,3,97
catawba_1,6,11,24,22,26,6,56
catawba_10,1,0,35,13,12,4,44
catawba_11,0,13,25,27,29,7,55
catawba_12,5,14,47,25,30,11,48
catawba_13,6,20,40,32,32,5,57
catawba_14,1,4,18,11,12,5,53
catawba_15,3,8,41,12,16,3,29
catawba_16,4,16,34,35,47,6,55
catawba_17,2,22,38,26,30,10,56
catawba_19,1,20,29,15,11,3,52
catawba_2,4,13,19,14,13,1,53
catawba_20,2,14,34,27,35,10,59
catawba_21,2,5,19,10,21,1,53
catawba_22,3,30,33,39,38,3,59
catawba_23,5,20,37,25,40,11,56
catawba_24,2,31,29,17,45,12,58
catawba_25,5,18,38,39,35,8,56
catawba_26,0,10,23,7,25,3,53
catawba_27,4,28,31,24,42,7,53
catawba_28,4,33,36,51,56,8,53
catawba_29,2,14,20,28,32,9,55
catawba_3,3,20,29,18,31,2,57
catawba_30,6,35,35,47,53,6,61
catawba_31,2,6,32,18,44,8,63
catawba_32,2,27,38,48,47,9,54
catawba_33,6,42,30,44,56,13,63
catawba_34,1,27,33,39,37,4,57
catawba_35,6,28,37,40,42,9,55
catawba_36,0,15,27,13,22,7,58
catawba_37,2,12,42,32,46,6,59
catawba_38,4,15,27,24,39,5,64
catawba_39,1,18,10,14,23,3,60
catawba_4,1,15,27,13,21,1,49
catawba_40,0,14,36,30,29,8,54
catawba_41,5,6,19,16,35,7,60
catawba_5,6,12,33,18,27,7,54
catawba_6,2,18,32,12,29,2,53
catawba_7,1,27,40,46,40,11,57
catawba_8,5,23,27,20,27,4,59
catawba_9,2,10,29,34,20,7,54
chatham_,0,0,4,0,1,0,13
chatham_15,1,8,30,12,34,10,64
chatham_18,4,7,39,21,30,9,59
chatham_20,10,6,37,15,30,5,62
chatham_21,1,6,14,9,28,4,61
chatham_24,1,0,9,7,11,1,51
chatham_3,3,4,31,14,29,6,61
chatham_30,4,5,38,21,35,7,59
chatham_42,5,7,25,10,36,4,60
chatham_45,1,2,24,2,13,3,54
chatham_6,0,1,15,2,12,1,51
chatham_73,0,2,1,3,13,2,20
chatham_75,5,24,36,24,62,9,65
chatham_78,4,19,23,18,48,13,76
chatham_85,6,9,47,55,44,9,66
chatham_9,0,2,29,14,33,2,62
chatham_ESC114,5,12,49,69,55,18,66
chatham_MCH110,6,21,40,35,63,18,74
chatham_NWM117,9,35,44,44,71,25,73
chatham_PIT113,10,23,49,55,72,19,81
cherokee_ANNW,10,5,11,10,14,3,54
cherokee_ANSW,4,2,18,9,16,3,52
cherokee_BELL,3,1,2,9,9,1,53
cherokee_BRAS,4,1,0,4,4,1,45
cherokee_CSON,5,2,2,5,8,1,48
cherokee_GCRK,10,0,0,3,3,1,42
cherokee_HANG,2,0,0,2,6,0,53
cherokee_HIWA,9,0,4,9,12,2,54
cherokee_HOTH,1,3,5,3,12,2,51
cherokee_MARB,8,2,9,3,12,2,53
cherokee_MURN,13,7,27,13,24,5,54
cherokee_MURS,13,9,12,13,23,5,62
cherokee_PCHT,12,5,11,18,18,4,54
cherokee_RGER,4,3,2,5,9,3,57
cherokee_TOPT,0,0,0,0,2,0,45
cherokee_UNKA,1,1,1,0,2,3,46
chowan_,0,0,1,0,0,0,0
chowan_1,3,2,47,7,30,5,56
chowan_2,3,2,47,12,35,10,55
chowan_3,4,0,22,6,14,4,51
chowan_4,1,3,38,3,20,3,50
chowan_5,0,0,27,5,13,2,47
chowan_6,0,1,32,4,23,4,53
clay_,0,0,0,0,0,0,8
clay_BRAS,2,0,1,1,6,1,49
clay_HAY1,2,0,11,3,14,2,49
clay_HAY2,1,2,6,13,19,5,53
clay_HAYC,0,0,3,2,6,0,46
clay_HIAW,2,2,4,8,17,2,51
clay_SHCR,1,3,1,2,17,0,49
clay_SWEE,2,0,0,2,5,1,46
clay_TUSQ,1,2,1,2,5,0,49
clay_WARN,2,0,2,0,9,0,46
cleveland_B SPGS,7,7,40,21,38,10,59
cleveland_BETHWR,0,6,32,9,19,6,51
cleveland_CASAR,2,0,1,3,13,0,51
cleveland_FALSTN,1,1,17,7,14,4,50
cleveland_GROVER,7,10,34,15,29,10,55
cleveland_H SPGS,1,1,18,4,10,2,46
cleveland_KINGST,0,0,33,3,10,2,41
cleveland_KM N,8,14,79,26,48,16,109
cleveland_KM S,7,24,74,24,45,8,109
cleveland_LATT,1,4,33,24,26,9,53
cleveland_LAWNDL,1,0,36,6,10,2,50
cleveland_MRB-YO,4,1,23,4,13,1,49
cleveland_MULLS,3,0,17,14,14,1,52
cleveland_OAKGRV,3,9,32,16,32,4,59
cleveland_POLKVL,1,0,29,7,19,5,57
cleveland_RIPPY,7,4,42,18,28,8,53
cleveland_S 1,3,2,43,7,21,4,48
cleveland_S 2,5,7,39,20,26,11,50
cleveland_S 3,6,1,44,13,21,13,53
cleveland_S 4,0,5,39,23,21,11,47
cleveland_S 5,1,3,39,6,22,5,52
cleveland_S 6,2,5,43,30,26,14,53
cleveland_S 7,4,11,41,31,24,12,52
cleveland_S 8,2,3,36,22,26,10,54
cleveland_SHANGI,5,6,35,13,20,5,57
cleveland_WACO,5,11,39,18,36,6,51
columbus_,2,0,13,0,0,0,14
columbus_P01A,15,7,36,4,20,6,50
columbus_P02A,30,9,33,7,15,8,40
columbus_P03,1,1,22,10,11,0,43
columbus_P04,2,0,25,3,3,1,42
columbus_P05,1,0,12,2,3,1,38
columbus_P06,6,0,31,3,6,0,48
columbus_P07,23,6,48,9,39,5,54
columbus_P08,3,0,10,0,4,1,39
columbus_P09,3,0,35,4,13,2,50
columbus_P10,4,0,8,5,4,0,49
columbus_P11,4,1,19,4,9,2,44
columbus_P12,1,0,0,0,0,0,34
columbus_P13,1,1,13,8,6,0,45
columbus_P14,19,2,46,18,23,8,53
columbus_P15,8,1,37,2,17,4,51
columbus_P16A,34,11,32,5,17,5,104
columbus_P17,24,1,39,7,19,5,45
columbus_P18,4,0,28,1,8,1,41
columbus_P19,9,6,44,15,35,6,51
columbus_P20,8,2,42,3,28,4,43
columbus_P21,8,7,32,4,10,3,48
columbus_P22,12,2,39,5,24,3,50
columbus_P23,17,4,40,10,25,5,51
columbus_P24,4,0,33,7,12,3,45
columbus_P25A,4,1,17,3,13,1,49
columbus_P26A,9,3,43,13,23,3,82
craven_10,0,0,32,5,12,0,44
craven_11,9,6,34,18,45,5,55
craven_12,0,1,11,6,9,2,47
craven_13,0,0,25,2,16,0,46
craven_14,7,2,48,17,48,9,59
craven_15,1,1,31,4,21,2,50
craven_16,7,15,43,32,48,9,65
craven_17,5,15,34,32,45,6,60
craven_18,9,32,50,74,66,23,62
craven_19,10,11,47,32,42,10,55
craven_20,3,3,28,13,35,3,61
craven_21,4,7,31,11,23,3,53
craven_22,10,31,49,68,68,25,68
craven_23,4,16,48,35,52,6,62
craven_3,3,8,26,14,32,2,60
craven_4,0,5,38,11,21,3,47
craven_5,4,7,33,19,35,4,61
craven_6,1,3,38,8,21,0,45
craven_7,1,0,44,15,27,5,57
craven_8,0,2,37,5,14,3,51
craven_9,1,1,34,1,5,0,38
craven_N1,4,7,45,19,39,12,56
craven_N2,2,8,51,27,38,12,49
craven_N3,4,11,46,22,35,3,59
craven_N4,12,25,49,65,56,23,64
craven_N5,3,7,49,32,36,8,53
craven_N6,9,21,44,36,55,18,65
cumberland_,6,3,27,15,15,4,42
cumberland_AH49,14,27,56,69,63,17,63
cumberland_AL51,38,15,50,39,62,9,62
cumberland_CC01,16,14,52,41,60,17,49
cumberland_CC03,12,14,48,51,48,15,55
cumberland_CC04,6,4,34,27,34,11,56
cumberland_CC05,7,5,56,32,40,16,51
cumberland_CC06,9,7,37,25,36,10,57
cumberland_CC07,4,3,28,17,34,7,58
cumberland_CC08,3,10,34,17,20,3,54
cumberland_CC10,6,11,46,38,29,5,47
cumberland_CC12,3,14,25,19,34,2,57
cumberland_CC13,9,10,59,24,41,20,45
cumberland_CC14,18,36,44,63,61,20,57
cumberland_CC15,16,26,42,34,56,12,56
cumberland_CC16,5,2,54,22,30,13,23
cumberland_CC17,9,12,56,39,49,14,52
cumberland_CC18,11,16,39,39,36,7,51
cumberland_CC19,9,5,50,24,30,10,30
cumberland_CC21,19,22,55,54,73,26,66
cumberland_CC24,10,25,45,55,43,19,56
cumberland_CC25,5,21,46,55,54,14,62
cumberland_CC26,12,31,55,75,66,25,60
cumberland_CC27,21,34,54,91,79,30,65
cumberland_CC29,16,23,56,63,58,17,57
cumberland_CC31,12,12,51,51,52,16,57
cumberland_CC32,7,13,53,57,51,17,48
cumberland_CC33,8,26,50,60,62,19,58
cumberland_CC34,9,40,39,50,64,11,62
cumberland_CL57-1,19,26,55,84,59,25,53
cumberland_CL57-2,13,14,56,64,61,21,50
cumberland_CU02,25,15,44,51,50,16,61
cumberland_EO61-1,19,9,46,24,43,9,57
cumberland_EO61-2,16,5,42,25,35,9,55
cumberland_G10A,28,34,49,74,74,20,66
cumberland_G10B,26,16,43,51,61,15,62
cumberland_G10C,28,21,41,49,53,16,58
cumberland_G11A-1,11,25,54,79,65,26,55
cumberland_G11A-2,8,20,54,61,58,18,54
cumberland_G11B,24,35,56,96,78,28,71
cumberland_G1A,42,16,50,31,48,13,52
cumberland_G1B,26,19,42,48,50,12,57
cumberland_G2A,12,27,59,62,66,22,58
cumberland_G2B,17,24,54,72,63,28,64
cumberland_G2C-1,10,24,47,55,50,19,59
cumberland_G2C-2,11,27,49,57,55,18,61
cumberland_G2D,13,29,51,60,66,29,61
cumberland_G2E-1,16,15,51,57,54,15,52
cumberland_G2E-2,15,13,54,53,56,15,53
cumberland_G3A-1,29,20,54,69,62,18,58
cumberland_G3A-2,33,14,50,53,51,16,61
cumberland_G3B,22,11,44,29,33,11,53
cumberland_G3C,16,8,38,31,34,11,56
cumberland_G4A,15,9,46,41,45,11,57
cumberland_G4B,28,10,46,48,37,10,54
cumberland_G4C,22,14,49,62,45,13,57
cumberland_G5A-1,8,23,53,60,60,17,50
cumberland_G5A-2,12,20,51,55,51,16,53
cumberland_G5B-1,11,21,56,58,59,20,56
cumberland_G5B-2,9,24,55,65,66,22,52
cumberland_G5C,16,12,55,58,55,19,51
cumberland_G6A,35,8,45,30,53,8,60
cumberland_G6B,5,1,27,7,12,4,51
cumberland_G6C,21,3,46,19,36,10,58
cumberland_G7A,13,4,35,16,27,4,52
cumberland_G7B,12,6,35,6,22,5,53
cumberland_G8A,18,17,54,71,65,22,59
cumberland_G8B,17,26,46,56,60,11,61
cumberland_G8C,26,21,46,67,48,21,61
cumberland_G8D,23,17,44,74,64,15,60
cumberland_G9A,20,20,49,62,63,14,61
cumberland_G9B-1,38,18,55,61,57,21,61
cumberland_G9B-2,37,16,51,53,65,20,63
cumberland_LI65,14,19,49,40,57,17,62
cumberland_LR63,17,24,54,91,68,30,56
cumberland_MB62,7,20,52,69,55,19,56
cumberland_MR02,17,30,55,67,61,20,59
cumberland_SH77,25,8,42,39,42,8,54
currituck_,0,0,6,0,0,0,17
currituck_CB,3,0,0,1,3,1,40
currituck_CH,9,10,31,21,34,4,61
currituck_CI,0,0,0,2,4,0,46
currituck_CJ,3,3,29,2,22,5,51
currituck_GW,0,0,0,1,3,0,45
currituck_IR,2,0,25,6,19,0,52
currituck_KI,2,1,3,4,12,2,55
currituck_MY,12,12,41,34,54,10,70
currituck_PB,11,5,33,24,44,13,68
currituck_PP,4,0,29,4,19,7,63
currituck_WH,0,2,5,4,8,1,47
dare_AVON,0,0,0,2,10,1,51
dare_BUX,4,3,3,8,16,3,57
dare_CHCA,0,1,0,0,11,1,53
dare_COL,5,5,6,13,43,6,62
dare_DUCK,0,3,3,1,9,2,48
dare_EL,1,0,1,0,1,0,28
dare_FRCO,1,0,1,9,7,1,57
dare_HAT,1,0,0,0,8,1,51
dare_KDH,13,15,23,35,64,12,69
dare_KTHK,3,7,13,12,43,7,56
dare_MATO,4,2,34,29,55,10,60
dare_MH,0,1,9,2,9,0,48
dare_NGHD,5,5,11,3,27,3,61
dare_SOSH,0,8,6,10,35,3,61
dare_STPT,0,0,0,0,0,0,37
dare_WAN,4,0,2,5,15,0,51
davidson_10,5,12,37,22,26,6,53
davidson_12,2,0,3,1,4,0,49
davidson_14,3,2,5,4,16,2,57
davidson_16,7,5,19,16,16,1,56
davidson_18,3,1,3,2,12,0,55
davidson_20,3,3,11,2,12,2,58
davidson_22,1,2,16,7,10,2,52
davidson_24,3,13,20,12,18,2,49
davidson_26,3,1,15,7,10,1,48
davidson_28,7,12,27,12,31,0,51
davidson_30,6,13,48,20,37,7,48
davidson_32,7,6,37,23,32,5,53
davidson_34,6,24,41,32,35,11,49
davidson_36,1,5,32,20,31,4,50
davidson_38,8,3,47,16,22,3,50
davidson_4,9,12,34,26,32,4,58
davidson_40,4,12,36,13,29,5,48
davidson_42,4,2,5,8,17,0,52
davidson_44,5,5,37,13,21,4,54
davidson_46,3,3,20,8,17,0,52
davidson_48,4,7,20,8,18,1,56
davidson_50,8,6,19,15,18,4,60
davidson_52,5,7,14,10,26,3,56
davidson_54,6,0,3,10,9,1,53
davidson_56,1,0,0,2,10,0,51
davidson_58,8,6,24,20,24,3,57
davidson_6,5,2,22,25,23,5,60
davidson_60,13,17,43,49,35,11,64
davidson_62,5,6,42,27,27,4,52
davidson_64,3,1,44,29,26,8,51
davidson_66,4,4,39,31,26,7,57
davidson_68,7,5,36,37,29,8,53
davidson_70,4,7,25,19,15,0,53
davidson_72,4,2,19,23,27,2,54
davidson_74,12,8,28,22,21,0,56
davidson_76,6,8,13,21,30,3,56
davidson_78,9,3,21,16,27,2,60
davidson_8,3,5,18,6,9,1,49
davidson_80A,6,11,14,14,29,5,91
davidson_82,3,12,15,13,21,0,56
davidson_84,10,8,31,26,38,5,54
davidson_86A,8,18,35,35,49,9,59
davidson_88,5,14,28,18,33,2,56
davie_,0,0,4,0,1,0,10
davie_1,1,0,30,7,12,1,48
davie_10,4,1,19,8,22,6,53
davie_11,2,0,13,17,20,3,46
davie_12,5,8,25,17,29,5,55
davie_13,1,16,25,13,33,4,53
davie_14,1,2,20,7,20,3,51
davie_2,1,2,18,10,7,1,47
davie_3,3,0,29,21,25,3,52
davie_4,5,4,29,21,20,3,49
davie_5,3,3,19,13,25,5,50
davie_6,1,2,20,4,16,2,47
davie_7,1,4,26,5,21,7,47
davie_8,2,11,30,39,28,10,51
davie_9,1,6,35,34,18,5,54
duplin_,0,0,2,0,1,0,3
duplin_ALBE,1,0,24,43,17,2,56
duplin_BEUL,4,1,35,24,29,8,62
duplin_CALY,1,2,26,24,9,1,53
duplin_CFRK,1,0,9,13,10,0,54
duplin_CHAR,1,0,47,17,22,3,49
duplin_CHIN,0,2,27,4,12,1,54
duplin_CYCK,1,0,30,3,10,1,59
duplin_FAIS,3,1,41,34,33,4,55
duplin_GLIS,1,0,18,24,4,1,56
duplin_HALL,2,2,36,11,25,7,58
duplin_KENA,4,3,53,23,37,11,61
duplin_LOCK,1,0,19,2,6,0,44
duplin_MAGN,5,1,44,38,30,5,52
duplin_ROCK,0,1,35,13,14,2,51
duplin_ROSE,4,3,42,27,26,2,57
duplin_SMCA,2,0,33,16,8,4,55
duplin_WALL,5,5,53,49,49,10,68
duplin_WARS,5,4,63,44,43,9,58
duplin_WOLF,0,0,27,51,31,1,58
durham_,0,2,14,0,12,0,13
durham_1,2,9,43,33,33,14,53
durham_10,4,3,45,23,28,7,28
durham_12,2,2,40,8,15,7,12
durham_13,4,6,52,22,28,11,26
durham_14,9,7,53,42,42,13,47
durham_15,3,5,49,41,37,16,41
durham_16,2,24,43,42,61,10,61
durham_17,9,9,56,39,53,17,47
durham_18,7,10,59,47,48,14,49
durham_19,3,8,54,40,56,20,50
durham_2,6,33,45,63,66,28,61
durham_20,6,12,38,43,47,16,61
durham_21,4,5,40,24,39,11,57
durham_22,8,16,64,47,64,21,57
durham_23,13,31,61,62,77,21,63
durham_24,5,28,46,37,65,15,64
durham_25,3,15,41,26,46,15,64
durham_26,2,3,26,10,25,7,56
durham_27,3,34,38,33,76,15,65
durham_28,8,15,43,23,51,11,65
durham_29,12,9,55,51,51,18,59
durham_3,2,21,28,37,44,13,60
durham_30-1,14,38,57,72,76,25,64
durham_30-2,12,25,59,54,75,23,58
durham_31,10,29,46,46,59,12,65
durham_32,4,27,34,29,49,9,59
durham_33,15,38,59,71,78,31,65
durham_34-1,7,23,52,43,50,17,55
durham_34-2,14,35,61,62,69,25,57
durham_35.3,14,50,57,68,87,26,69
durham_36,8,30,48,59,55,20,54
durham_37,9,31,45,51,75,15,69
durham_38,14,38,51,71,78,24,73
durham_39,6,26,40,25,58,11,60
durham_4,4,15,24,25,45,15,55
durham_40,9,15,45,32,46,20,53
durham_41,2,0,48,12,33,7,18
durham_42,2,0,44,13,23,8,19
durham_43,11,42,39,55,87,30,66
durham_44,8,41,44,39,73,27,65
durham_45,11,36,49,46,71,18,63
durham_46,4,23,52,65,63,23,56
durham_47,4,1,53,12,35,11,32
durham_48,2,16,40,28,42,7,51
durham_5,18,51,59,77,74,29,69
durham_50,7,30,43,54,67,17,64
durham_51,13,43,47,54,70,21,66
durham_52,3,12,50,40,58,18,50
durham_53-1,10,34,40,53,67,21,63
durham_53-2,10,38,40,47,70,20,67
durham_54,14,41,57,69,84,25,72
durham_55-11,6,4,51,15,36,15,24
durham_55-49,5,4,52,27,35,15,18
durham_6,6,21,44,43,47,14,52
durham_7,7,28,36,41,55,20,56
durham_8,4,11,49,33,46,16,51
durham_9,10,19,46,17,48,16,63
edgecombe_,0,0,9,0,0,0,10
edgecombe_1001,1,0,41,11,16,2,54
edgecombe_101,2,2,49,9,24,3,46
edgecombe_102,1,5,48,19,23,4,53
edgecombe_103,1,4,42,15,14,5,56
edgecombe_104,2,1,40,8,16,7,48
edgecombe_1101,1,0,31,8,13,3,43
edgecombe_1201,7,2,59,10,40,12,43
edgecombe_1202,2,2,50,3,32,9,34
edgecombe_1203,4,2,45,19,35,6,54
edgecombe_1204,4,2,46,5,20,3,26
edgecombe_1205,5,1,52,7,23,6,16
edgecombe_1301,1,0,29,1,16,3,49
edgecombe_1401,1,1,30,2,8,1,50
edgecombe_201,1,0,31,7,9,2,46
edgecombe_301,1,0,25,2,9,0,39
edgecombe_401,0,0,33,3,5,2,36
edgecombe_501,2,0,33,9,9,1,44
edgecombe_601,1,0,40,8,8,3,41
edgecombe_701,4,0,47,8,19,2,45
edgecombe_801,0,0,35,14,15,1,48
edgecombe_901,0,2,29,4,9,4,48
forsyth_101,6,4,39,33,34,4,56
forsyth_11,10,22,41,53,45,9,69
forsyth_111,4,1,28,11,21,8,56
forsyth_112,7,3,36,18,37,11,59
forsyth_12,6,5,30,23,36,5,60
forsyth_122,13,27,52,49,63,16,59
forsyth_123,4,17,40,40,49,12,59
forsyth_13,7,17,43,34,47,9,59
forsyth_131,2,13,36,34,49,11,57
forsyth_132,3,15,41,32,36,10,67
forsyth_133,11,24,34,33,52,11,66
forsyth_14,3,9,33,23,31,7,60
forsyth_15,3,10,30,18,26,9,58
forsyth_201,5,14,59,56,59,22,60
forsyth_203,2,1,53,16,27,12,22
forsyth_204,4,4,46,25,35,11,48
forsyth_205,0,0,46,8,13,7,19
forsyth_206,4,2,45,23,32,6,45
forsyth_207,9,3,49,51,50,14,50
forsyth_21,4,4,35,18,40,8,63
forsyth_301,4,1,47,10,23,7,15
forsyth_302,2,4,52,24,20,6,31
forsyth_303,1,2,47,12,21,9,10
forsyth_304,4,4,50,5,24,14,22
forsyth_305,1,0,47,12,23,7,28
forsyth_306,7,4,51,41,34,12,50
forsyth_31,1,2,38,12,31,10,57
forsyth_32,7,7,39,17,40,6,57
forsyth_33,3,10,45,45,41,9,63
forsyth_34,6,7,37,23,26,6,59
forsyth_401,3,8,51,34,36,8,45
forsyth_402,4,4,51,17,32,12,21
forsyth_403,7,4,53,25,31,15,48
forsyth_404,5,9,53,30,39,15,56
forsyth_405,4,6,51,32,46,17,31
forsyth_42,8,17,45,54,46,10,62
forsyth_43,8,5,43,52,41,12,61
forsyth_501,4,3,45,25,35,9,47
forsyth_502,4,1,46,20,30,13,33
forsyth_503,4,12,44,42,48,18,56
forsyth_504,6,4,49,46,30,12,48
forsyth_505,4,3,51,41,41,8,46
forsyth_506,2,6,45,37,32,4,57
forsyth_507,11,24,51,65,57,19,62
forsyth_51,2,13,35,32,40,9,62
forsyth_52,0,3,15,7,19,4,55
forsyth_53,4,15,29,26,29,4,61
forsyth_54,5,13,31,19,39,7,57
forsyth_55,5,28,33,34,55,11,56
forsyth_601,8,15,47,38,42,15,59
forsyth_602,11,26,46,51,64,20,61
forsyth_603,2,8,49,35,42,13,60
forsyth_604,2,9,50,42,34,9,54
forsyth_605,5,27,47,64,60,13,60
forsyth_606,2,13,42,43,41,14,50
forsyth_607,4,16,36,35,47,10,64
forsyth_61,3,13,33,41,41,6,65
forsyth_62,4,8,28,31,24,7,59
forsyth_63,8,9,39,41,43,12,63
forsyth_64,2,5,27,25,21,10,49
forsyth_65,6,17,37,32,46,4,64
forsyth_66,9,9,32,45,42,3,65
forsyth_67,3,6,42,23,34,10,62
forsyth_68,2,3,38,16,35,4,60
forsyth_701,2,7,34,10,26,6,54
forsyth_702,0,10,33,20,36,9,62
forsyth_703,1,7,25,14,31,8,52
forsyth_704,2,10,35,19,31,5,60
forsyth_705,1,18,42,41,52,11,60
forsyth_706,2,4,34,23,33,6,54
forsyth_707,4,3,35,21,32,4,53
forsyth_708,4,23,44,58,51,17,67
forsyth_709,5,19,37,34,46,11,61
forsyth_71,2,23,30,31,54,5,61
forsyth_72,1,26,38,56,65,10,69
forsyth_73,7,7,29,17,41,7,61
forsyth_74,6,22,30,24,57,18,62
forsyth_75,2,1,12,5,11,0,51
forsyth_801,1,6,26,17,33,7,55
forsyth_802,2,2,8,11,15,7,54
forsyth_803,0,4,9,2,25,5,54
forsyth_804,1,6,17,6,17,4,50
forsyth_805,1,9,22,17,37,4,58
forsyth_806,4,9,27,27,40,8,55
forsyth_807,2,23,30,29,45,7,58
forsyth_808,3,23,52,50,56,17,63
forsyth_809,2,15,25,21,38,4,61
forsyth_81,12,13,52,39,41,14,55
forsyth_82,7,10,53,28,50,9,57
forsyth_83,3,3,47,23,39,8,60
forsyth_901,1,6,22,16,31,7,63
forsyth_902,4,13,48,20,43,9,59
forsyth_903,7,24,44,42,55,16,60
forsyth_904,7,5,48,47,37,11,56
forsyth_905,1,16,43,38,53,14,60
forsyth_906,3,20,42,39,58,16,62
forsyth_907,1,11,34,31,51,15,59
forsyth_908,7,18,34,25,48,5,61
forsyth_909,3,7,36,24,24,3,54
forsyth_91,2,2,29,16,27,7,62
forsyth_92,5,8,24,8,21,3,59
franklin_1,5,9,50,18,40,7,55
franklin_10,6,2,31,9,12,4,48
franklin_11,3,2,41,13,18,6,51
franklin_12,5,1,41,9,19,1,52
franklin_13,3,5,34,25,27,2,59
franklin_14,9,8,33,38,46,9,64
franklin_15,3,4,47,27,42,7,52
franklin_16,7,2,43,11,21,1,47
franklin_17,5,9,39,38,49,13,67
franklin_18,5,10,33,28,33,5,65
franklin_19,8,19,46,52,65,11,67
franklin_2,2,1,41,17,21,2,50
franklin_3,7,10,45,21,48,1,63
franklin_5,7,3,43,30,31,3,58
franklin_6,5,1,44,11,20,4,53
franklin_7,3,3,29,17,29,5,58
franklin_8,5,7,41,22,38,9,59
franklin_9,9,1,36,7,23,7,52
gaston_,0,0,0,0,0,0,3
gaston_1,1,7,34,12,22,7,53
gaston_10,1,10,38,39,38,11,60
gaston_11,7,2,49,35,32,9,62
gaston_12,8,7,42,35,34,12,68
gaston_13,7,9,41,35,48,7,60
gaston_14,2,2,28,17,16,0,46
gaston_15,7,28,50,58,67,15,69
gaston_16,2,19,33,32,43,3,66
gaston_17,7,25,40,54,50,17,66
gaston_18,6,25,47,67,69,11,71
gaston_19,11,12,51,48,49,11,65
gaston_2,9,7,46,42,45,9,56
gaston_20,9,3,35,17,41,11,57
gaston_21,11,7,43,12,29,7,61
gaston_22,5,10,38,35,49,12,68
gaston_23,1,13,32,24,40,7,66
gaston_24,7,29,43,23,51,8,62
gaston_25,3,14,28,16,42,7,62
gaston_26,9,18,30,30,39,9,65
gaston_27,3,25,30,24,52,11,62
gaston_28,10,16,27,27,40,6,65
gaston_29,6,17,30,18,45,8,61
gaston_3,5,2,45,23,29,10,58
gaston_30,9,8,25,25,32,7,63
gaston_31,5,7,37,10,40,11,64
gaston_32,1,6,31,27,31,3,63
gaston_33,6,3,27,9,35,7,58
gaston_34,5,0,22,9,23,5,63
gaston_35,1,3,27,6,21,3,56
gaston_36,2,9,31,23,41,6,59
gaston_37,0,1,24,11,23,2,58
gaston_38,4,2,25,11,35,9,63
gaston_39,11,3,26,12,41,5,68
gaston_4,7,18,46,55,60,15,63
gaston_40,17,9,44,28,52,10,66
gaston_41,7,8,29,31,36,5,66
gaston_42,5,12,27,13,38,3,66
gaston_43,7,8,43,54,50,11,72
gaston_44,11,9,39,21,39,9,67
gaston_45,4,17,46,24,39,10,63
gaston_46,11,15,35,28,48,7,65
gaston_5,6,8,54,18,37,10,60
gaston_6,1,3,44,28,30,14,57
gaston_7,4,3,47,15,22,7,38
gaston_8,4,4,45,23,28,10,53
gaston_9,6,5,42,31,34,7,57
gates_,0,0,9,0,1,0,11
gates_1,2,4,51,8,29,14,57
gates_2,0,0,34,4,16,6,50
gates_3,4,6,47,3,39,17,59
gates_4N,1,4,36,4,27,4,66
gates_4S,1,1,41,1,18,6,54
gates_5,1,1,38,1,14,5,55
graham_,0,0,0,0,0,0,1
graham_EAST,19,2,0,5,24,5,57
graham_STEC,10,1,0,4,11,0,47
graham_TAPO,2,0,0,3,5,1,37
graham_WEST,33,3,1,13,22,2,56
granville_,1,0,5,0,1,0,12
granville_ANTI,0,0,44,3,14,3,46
granville_BERE,2,4,45,10,21,1,58
granville_BTNR,11,8,51,38,40,13,68
granville_CORI,1,4,48,17,27,8,62
granville_CRDL,4,5,46,14,30,7,57
granville_CRDM,14,10,55,53,52,16,76
granville_EAOX,4,4,51,10,28,10,56
granville_MTEN,11,10,48,53,46,9,75
granville_OKHL,2,0,42,3,17,2,55
granville_SALM,2,8,41,9,24,8,61
granville_SASS,1,1,41,16,24,6,56
granville_SOOX,6,5,48,6,23,4,48
granville_TYHO,9,7,48,22,37,14,74
granville_WILT,5,11,44,40,49,17,76
granville_WOEL,2,1,48,11,24,1,51
greene_,0,0,9,0,1,0,9
greene_ARBA,2,0,34,15,7,2,45
greene_BEAR,0,0,31,9,7,0,39
greene_BULL,2,0,31,14,10,2,43
greene_CAST,0,1,32,10,9,1,48
greene_HOOK,1,0,29,11,10,4,44
greene_MAUR,1,1,38,13,10,1,46
greene_SH#1,4,3,37,14,17,3,47
greene_SHIN,1,1,36,26,17,7,48
greene_SUGG,0,1,33,11,7,2,44
greene_WALS,1,0,41,26,8,2,44
guilford_,1,3,27,6,12,5,31
guilford_CG1,6,22,35,26,43,13,54
guilford_CG2,2,22,30,21,29,5,50
guilford_CG3A,4,17,34,15,31,6,50
guilford_CG3B,5,24,32,16,33,6,51
guilford_FEN1,6,24,40,34,45,15,50
guilford_FEN2,1,6,28,6,12,3,51
guilford_FR1,8,39,42,45,61,17,51
guilford_FR2,5,30,36,19,37,11,52
guilford_FR3,6,16,33,21,34,6,50
guilford_FR4,1,10,24,19,23,3,48
guilford_FR5A,1,20,33,29,39,6,54
guilford_FR5B,2,12,27,27,22,5,52
guilford_G01,5,5,44,20,31,16,44
guilford_G02,4,29,42,16,23,9,40
guilford_G03,7,15,45,22,34,12,32
guilford_G04,10,4,50,23,30,14,39
guilford_G05,8,1,44,7,26,10,23
guilford_G06,1,2,43,9,25,12,22
guilford_G07,9,30,45,26,42,17,47
guilford_G08,4,34,47,27,46,16,46
guilford_G09,10,12,49,25,44,16,48
guilford_G10,5,23,46,37,41,13,50
guilford_G11,4,16,26,14,29,9,48
guilford_G12,3,9,25,17,35,9,49
guilford_G13,1,3,26,9,28,8,53
guilford_G14,0,6,19,7,21,6,48
guilford_G15,1,9,23,13,31,6,54
guilford_G16,0,3,16,8,20,0,49
guilford_G17,2,14,26,13,27,9,52
guilford_G18,0,6,12,4,16,1,44
guilford_G19,3,3,26,6,27,6,52
guilford_G20,1,5,33,14,33,7,51
guilford_G21,8,26,47,28,46,14,53
guilford_G22,0,14,29,4,28,5,48
guilford_G23,2,11,36,14,23,5,48
guilford_G24,2,9,39,16,28,12,49
guilford_G25,5,10,40,22,36,4,51
guilford_G26,4,29,44,25,44,15,53
guilford_G27,3,15,34,26,44,12,57
guilford_G28,2,6,29,15,26,8,49
guilford_G29,3,13,34,24,34,13,56
guilford_G30,0,13,18,6,30,6,51
guilford_G31,3,13,20,10,29,4,50
guilford_G32,3,23,26,8,37,4,50
guilford_G33,4,5,17,4,16,4,47
guilford_G34,2,12,24,14,26,6,48
guilford_G35,1,4,14,5,19,3,49
guilford_G36,3,11,35,18,49,11,49
guilford_G37,7,23,40,41,48,14,51
guilford_G38,0,20,33,27,44,14,55
guilford_G39,5,15,32,26,41,14,49
guilford_G40A1,1,16,23,19,37,4,50
guilford_G40A2,1,11,24,8,29,6,51
guilford_G40B,2,22,28,18,32,5,47
guilford_G41A,2,13,35,34,31,9,52
guilford_G41B,4,19,25,22,38,7,49
guilford_G42A,2,11,29,25,33,6,54
guilford_G42B,0,0,1,0,2,0,11
guilford_G43,6,18,40,52,49,16,59
guilford_G44,8,16,42,34,53,20,54
guilford_G45,8,18,35,38,40,20,50
guilford_G46,9,4,50,29,46,17,38
guilford_G47,14,21,42,36,49,15,50
guilford_G48,5,26,36,38,45,18,58
guilford_G49,8,9,39,27,33,12,44
guilford_G50,22,27,43,51,55,20,51
guilford_G51,11,42,38,32,43,10,51
guilford_G52,12,21,45,23,31,13,44
guilford_G53,13,16,51,39,47,16,44
guilford_G54,12,17,49,43,45,15,42
guilford_G55,10,13,50,22,40,13,41
guilford_G56,8,39,38,27,50,11,41
guilford_G57,12,25,42,26,40,13,44
guilford_G58,6,28,40,30,51,14,45
guilford_G59,6,25,38,23,41,11,44
guilford_G60,17,39,44,43,49,12,49
guilford_G61,7,31,43,31,49,18,48
guilford_G62,4,18,30,30,31,7,49
guilford_G63,1,16,34,18,32,14,48
guilford_G64,5,13,42,37,47,20,51
guilford_G65,6,27,39,38,46,17,51
guilford_G66,5,25,35,30,43,12,51
guilford_G67,3,4,42,22,29,15,22
guilford_G68,3,5,47,22,32,15,14
guilford_G69,6,9,48,31,47,20,47
guilford_G70,3,3,52,25,45,17,25
guilford_G71,3,8,48,28,40,14,29
guilford_G72,8,8,48,36,45,15,38
guilford_G73,6,3,47,13,25,10,25
guilford_G74,4,1,46,6,31,12,13
guilford_G75,4,9,43,19,37,8,33
guilford_GIB,6,8,38,18,34,5,56
guilford_GR,6,4,21,9,16,2,51
guilford_H01,8,27,41,51,39,11,50
guilford_H02,7,18,33,27,23,6,50
guilford_H03,8,34,45,31,38,14,46
guilford_H04,12,44,39,34,44,9,54
guilford_H05,7,30,50,26,48,15,45
guilford_H06,7,38,42,49,52,13,53
guilford_H07,9,15,48,20,42,12,34
guilford_H08,7,3,46,20,27,7,33
guilford_H09,9,11,49,31,38,13,36
guilford_H10,5,17,41,12,36,9,43
guilford_H11,8,10,45,22,41,19,46
guilford_H12,6,9,39,25,30,11,48
guilford_H13,4,13,34,9,31,7,53
guilford_H14,2,14,19,4,18,4,48
guilford_H15,4,15,35,36,40,9,52
guilford_H16,6,15,31,18,21,2,47
guilford_H17,3,17,40,20,30,10,46
guilford_H18,4,22,42,27,30,11,46
guilford_H19A,4,6,41,16,24,8,40
guilford_H19B,1,7,26,11,19,2,49
guilford_H20A,3,16,31,18,33,9,51
guilford_H20B,3,14,27,10,20,6,50
guilford_H21,0,16,32,12,24,7,50
guilford_H22,5,8,34,26,35,7,51
guilford_H23,2,15,28,18,21,2,53
guilford_H24,5,24,34,29,40,7,52
guilford_H25,8,24,38,35,47,10,55
guilford_H26,2,23,38,25,41,8,51
guilford_H27-A,4,37,31,43,38,7,53
guilford_H27-B,6,25,32,38,39,6,49
guilford_H28,4,28,41,34,41,7,51
guilford_H29A,4,36,35,38,40,11,47
guilford_H29B,5,24,35,38,42,13,53
guilford_JAM1,5,17,39,17,39,6,54
guilford_JAM2,1,24,30,19,35,6,47
guilford_JAM3,4,32,32,13,38,7,49
guilford_JAM4,4,20,23,11,35,2,52
guilford_JAM5,6,29,17,11,18,5,53
guilford_JEF1,6,9,37,23,23,8,53
guilford_JEF2,9,8,39,40,36,12,55
guilford_JEF3,11,15,47,26,45,18,48
guilford_JEF4,6,17,35,18,28,5,49
guilford_MON1,11,9,43,30,31,8,49
guilford_MON2A,8,5,44,31,44,13,48
guilford_MON2B,2,12,35,14,28,7,47
guilford_MON3,6,15,38,28,45,12,56
guilford_NCGR1,3,16,27,19,32,6,51
guilford_NCGR2,2,10,22,8,27,5,54
guilford_NCLAY1,4,12,38,11,30,7,52
guilford_NCLAY2,7,8,20,3,17,4,51
guilford_NDRI,8,7,21,20,22,2,49
guilford_NMAD,5,5,37,15,27,6,52
guilford_NWASH,2,0,21,2,10,1,50
guilford_OR1,5,14,30,22,37,10,52
guilford_OR2,5,21,26,18,36,7,54
guilford_PG1,3,3,32,17,18,6,48
guilford_PG2,6,3,29,10,22,3,53
guilford_RC1,7,10,39,26,39,9,52
guilford_RC2,1,14,39,31,46,15,58
guilford_SCLAY,5,3,22,12,20,3,52
guilford_SDRI,5,31,34,43,56,6,54
guilford_SF1,6,20,23,25,37,3,55
guilford_SF2,3,6,16,6,17,3,52
guilford_SF3,0,20,32,30,44,8,53
guilford_SF4,5,27,33,39,48,13,56
guilford_SMAD,9,5,36,20,34,6,50
guilford_STOK,7,20,24,36,39,8,54
guilford_SUM1,7,29,39,22,42,11,49
guilford_SUM2,12,10,38,15,29,7,53
guilford_SUM3,4,0,19,17,14,6,48
guilford_SUM4,8,6,18,3,16,2,48
guilford_SWASH,0,1,16,3,6,0,46
halifax_,5,0,13,0,0,0,6
halifax_BUTWD,5,0,32,1,10,1,33
halifax_CONC,0,1,24,2,6,0,25
halifax_ENF 2,3,3,45,1,19,3,26
halifax_ENF1,6,3,88,5,28,10,61
halifax_FAUCT,6,2,34,2,13,5,46
halifax_HAL,4,5,40,6,21,4,42
halifax_HOL,39,21,41,7,35,6,30
halifax_HPR,1,1,84,4,12,0,91
halifax_LIT 1,9,3,44,8,22,9,40
halifax_LIT 2,5,4,33,3,17,3,44
halifax_RINGW,17,4,44,1,19,6,28
halifax_RR 10,12,23,46,21,35,9,56
halifax_RR 11,6,12,44,14,31,6,52
halifax_RR 3,4,2,25,3,18,3,53
halifax_RR 4,5,9,23,6,22,1,51
halifax_RR 5,4,3,36,7,11,3,51
halifax_RR 6,3,7,31,4,10,1,48
halifax_RR 7,5,1,43,8,21,9,46
halifax_RR 8,2,2,34,4,18,6,47
halifax_RR 9,8,1,51,15,38,11,53
halifax_RR1-2,6,10,61,9,25,6,85
halifax_SN,3,6,87,8,42,4,67
halifax_WEL 1,3,1,43,8,25,5,34
halifax_WEL 2,2,2,32,2,8,1,30
halifax_WEL 3,2,1,45,4,32,9,44
harnett_,1,0,12,0,4,0,19
harnett_PR01,29,36,54,93,89,34,61
harnett_PR07,29,31,55,93,97,32,72
harnett_PR08,15,20,47,61,67,15,68
harnett_PR16,19,19,54,79,71,25,64
harnett_PR20,25,5,44,27,41,11,53
harnett_PR23,17,8,46,55,58,15,63
harnett_PR24,17,5,44,59,50,13,63
harnett_PR25,20,13,53,27,38,12,56
harnett_PR26,19,6,41,24,39,11,63
harnett_PR28,10,8,43,49,59,15,65
harnett_PR29,23,10,48,41,42,15,64
harnett_PR30,22,27,87,64,87,21,116
haywood_,0,0,0,0,0,0,16
haywood_AC,7,3,6,13,18,2,60
haywood_BC,0,0,0,0,0,0,14
haywood_BE-1,6,0,3,1,11,2,53
haywood_BE-2,2,2,7,10,11,2,52
haywood_BE-3,2,5,3,9,13,3,54
haywood_BE-4,3,1,9,11,16,0,52
haywood_BE-7,1,0,4,2,8,1,50
haywood_BE56,5,0,25,11,10,2,54
haywood_CE,0,0,0,1,3,0,45
haywood_CL-N,3,5,8,12,15,6,55
haywood_CL-S,7,2,15,9,20,5,54
haywood_CR,2,2,0,7,12,1,54
haywood_EF,0,1,1,7,9,1,49
haywood_FC-1,0,1,1,2,6,1,45
haywood_FC-2,0,0,0,0,0,0,31
haywood_HA,2,2,10,10,12,1,47
haywood_ID,1,0,1,4,8,2,47
haywood_IH,8,8,9,13,27,1,63
haywood_JC,10,0,4,18,27,4,61
haywood_LJ,2,1,5,10,14,0,51
haywood_P,6,0,3,15,14,2,62
haywood_PC,2,0,7,3,4,4,49
haywood_SA,3,5,5,9,17,3,53
haywood_WC,4,1,8,11,8,1,48
haywood_WE,7,2,2,8,7,1,51
haywood_WO,1,0,0,0,2,0,39
haywood_WS-1,2,3,14,8,20,5,57
haywood_WS-2,5,2,20,10,15,4,56
haywood_WW,5,0,5,10,10,4,54
henderson_,1,0,1,0,0,0,6
henderson_AR,2,0,20,16,19,3,56
henderson_AT,5,4,9,18,43,6,62
henderson_BC,1,1,6,12,19,4,53
henderson_BK,2,9,32,11,24,1,57
henderson_CB,1,2,5,6,22,3,50
henderson_CC,11,12,28,30,42,7,65
henderson_CV,0,0,0,0,9,0,15
henderson_ED,5,5,26,33,36,6,63
henderson_EF,7,8,34,39,30,10,60
henderson_ES,4,8,18,21,29,4,54
henderson_EV,2,9,13,13,27,4,67
henderson_FL,8,21,33,42,53,10,63
henderson_FR,3,9,7,4,37,3,55
henderson_GM,2,12,22,26,20,1,53
henderson_GR,4,4,10,14,20,1,59
henderson_HC,7,14,30,17,40,5,60
henderson_HS,1,2,11,14,32,4,58
henderson_HV-1,4,10,28,26,41,5,55
henderson_HV-2,6,13,50,52,47,13,57
henderson_HV-3,7,9,38,40,42,10,62
henderson_LJ,2,11,15,10,23,4,50
henderson_LP,1,2,12,12,18,2,51
henderson_MG,5,3,23,15,20,2,54
henderson_NB,7,10,21,53,42,7,61
henderson_NE,4,12,30,27,38,5,56
henderson_NM,5,10,25,21,33,3,62
henderson_NW,1,4,19,24,28,4,58
henderson_PR,3,15,23,28,40,3,55
henderson_PV,2,6,14,15,23,2,59
henderson_RG,5,5,18,19,28,5,57
henderson_RR,2,1,1,9,8,2,50
henderson_SB,4,4,15,29,31,5,62
henderson_SE,1,5,17,34,18,5,56
henderson_SM,5,4,21,21,37,10,66
henderson_SW,1,5,20,31,27,5,57
hertford_,0,1,6,0,1,0,8
hertford_A1,12,9,45,6,27,7,49
hertford_A2,8,1,39,9,19,6,54
hertford_A3,10,4,49,3,19,7,21
hertford_BR,0,0,34,1,4,3,24
hertford_CM,3,2,26,1,9,0,36
hertford_CO,6,0,31,2,9,4,39
hertford_HV,1,0,33,2,13,2,44
hertford_M1,0,4,46,13,31,10,47
hertford_M2,3,0,41,2,12,4,44
hertford_ML,0,0,23,1,9,2,46
hertford_SJ,3,0,36,5,10,2,40
hertford_UN,2,1,35,2,13,3,44
hertford_WN,15,3,37,1,14,9,47
hoke_06A,25,31,46,73,67,26,54
hoke_1,37,1,21,5,8,0,17
hoke_12,30,17,39,56,48,21,53
hoke_13,31,5,30,19,21,3,45
hoke_14,22,22,52,57,56,22,52
hoke_2,45,7,36,16,32,6,43
hoke_3,37,5,35,16,12,3,37
hoke_4,30,3,27,11,10,5,41
hoke_5,28,2,32,24,21,6,49
hoke_61,23,2,42,23,15,6,47
hoke_62,19,3,36,11,22,7,44
hoke_63,30,10,48,55,45,16,50
hoke_64,29,5,41,25,25,7,48
hoke_65,8,1,37,2,1,2,7
hyde_BM,0,1,5,1,8,0,48
hyde_ENG,0,0,29,1,7,0,49
hyde_FF,0,0,23,0,2,0,39
hyde_LL,1,0,29,1,11,0,40
hyde_OCK,1,1,4,7,11,3,53
hyde_SLAD,1,0,17,0,2,0,39
hyde_SQ,2,0,27,3,7,1,45
iredell_,0,0,9,0,0,0,16
iredell_BA,5,10,39,27,47,10,64
iredell_BE,8,14,33,58,51,10,59
iredell_CC1,7,15,39,59,60,12,66
iredell_CC2,11,26,45,52,60,19,62
iredell_CC3,7,20,43,51,73,14,70
iredell_CC4,9,22,41,48,76,14,69
iredell_CD,9,22,38,49,39,10,56
iredell_CH-A,3,14,39,31,35,4,55
iredell_CH-B,6,11,30,38,40,7,57
iredell_CS,3,12,33,21,34,4,54
iredell_DV1-A,7,25,35,45,69,12,67
iredell_DV1-B,11,21,28,34,62,11,67
iredell_DV2-A,4,19,22,28,55,10,63
iredell_DV2-B,9,23,26,34,52,7,64
iredell_EM,3,0,17,7,10,0,51
iredell_FT,6,18,42,36,59,13,65
iredell_NH,1,0,5,3,9,0,47
iredell_OL,0,0,15,5,5,0,48
iredell_SB,0,0,20,9,16,4,54
iredell_SH-A,2,18,29,21,45,3,56
iredell_SH-B,3,10,30,11,26,4,56
iredell_ST1,4,33,40,70,49,10,59
iredell_ST2,8,16,40,47,36,6,57
iredell_ST3,9,9,50,32,39,12,52
iredell_ST4,4,10,46,35,44,7,52
iredell_ST5,10,13,43,38,45,9,57
iredell_ST6,5,19,50,37,49,9,52
iredell_TB,7,0,30,23,27,3,57
iredell_UG,7,4,12,7,13,1,49
jackson_,16,0,2,0,2,0,18
jackson_BCK,20,5,3,7,18,2,57
jackson_CAN,5,0,1,2,4,1,45
jackson_CAS,5,7,1,9,24,4,66
jackson_CFK,3,2,0,5,9,2,48
jackson_CUL,21,20,35,50,60,26,72
jackson_DIL,10,7,10,12,15,2,54
jackson_GCK,10,3,4,0,13,2,53
jackson_GLV,2,1,3,16,24,1,63
jackson_QUA,57,43,16,22,41,14,61
jackson_RIV,3,1,0,4,7,3,55
jackson_SAV,11,5,4,10,17,2,54
jackson_SCC,9,4,5,4,22,5,57
jackson_SNW,11,6,14,10,23,4,61
jackson_SSW,19,16,23,21,38,4,70
jackson_WEB,17,8,12,6,23,3,60
johnston_,0,0,10,0,1,0,19
johnston_PR04,1,1,35,16,20,1,48
johnston_PR07,5,7,37,15,42,6,60
johnston_PR08,3,1,27,17,28,5,54
johnston_PR09,9,15,41,43,53,4,55
johnston_PR10A,4,5,50,42,45,12,54
johnston_PR10B,5,6,32,19,37,5,55
johnston_PR11A,3,9,36,37,43,9,54
johnston_PR11B,6,15,42,39,55,8,61
johnston_PR12A,11,16,35,20,57,7,59
johnston_PR12B,12,7,40,30,51,14,56
johnston_PR13,7,5,34,25,38,7,56
johnston_PR14,7,0,20,25,30,2,59
johnston_PR19,4,2,28,20,28,2,54
johnston_PR20,10,1,46,45,51,8,54
johnston_PR21,8,2,37,20,41,7,51
johnston_PR22,7,4,35,30,36,6,55
johnston_PR23A,9,11,38,36,45,7,62
johnston_PR23B,6,4,38,34,52,6,59
johnston_PR24,5,5,48,46,47,9,55
johnston_PR25,6,1,46,52,47,5,51
johnston_PR26,4,3,47,51,41,11,55
johnston_PR27A,2,11,45,36,41,9,51
johnston_PR27B,7,5,44,38,52,4,56
johnston_PR28,8,6,43,34,51,9,57
johnston_PR29A,15,8,39,38,55,12,61
johnston_PR29B,12,13,45,46,71,14,66
johnston_PR30,12,6,42,47,45,11,58
johnston_PR31A,4,7,35,22,41,5,55
johnston_PR31B,13,13,41,41,63,8,61
johnston_PR32,2,3,35,30,46,10,53
johnston_PR33,12,7,28,44,57,8,61
johnston_PR34,16,11,53,64,83,16,64
johnston_PR35,8,10,102,42,98,8,153
johnston_PR36,6,5,64,20,47,5,101
johnston_PR37,11,4,67,54,61,8,107
johnston_PR38,5,0,44,25,36,2,102
jones_,0,0,3,0,0,0,2
jones_P01,1,1,29,0,8,1,48
jones_P02,2,0,18,6,5,2,47
jones_P03,1,2,23,3,5,0,53
jones_P04,1,5,44,10,21,5,54
jones_P05,4,1,45,11,20,3,49
jones_P06,0,0,20,4,6,1,47
jones_P07,2,6,40,9,23,5,54
lee_,0,0,0,0,0,0,3
lee_A1,8,12,47,75,53,14,58
lee_A2,12,13,48,85,54,12,60
lee_B1,1,6,33,15,14,2,52
lee_B2,7,9,38,53,36,11,55
lee_C1,18,10,39,59,43,9,58
lee_C2,13,5,33,36,30,8,62
lee_D1,12,21,35,57,35,10,56
lee_D2,7,12,32,46,33,5,58
lee_E1,9,5,34,34,17,4,54
lee_E2,5,13,43,66,38,8,54
lenoir_,0,0,11,0,2,0,8
lenoir_C,3,4,46,17,28,6,52
lenoir_FC,13,10,38,19,34,8,52
lenoir_I,4,2,39,13,15,6,48
lenoir_K1,3,0,44,4,13,4,11
lenoir_K2,1,1,47,5,12,9,26
lenoir_K3,1,8,44,9,19,8,48
lenoir_K4,0,18,41,18,36,5,51
lenoir_K5,3,6,47,6,20,5,44
lenoir_K6,3,1,46,8,17,8,40
lenoir_K7,3,1,50,11,13,6,43
lenoir_K8,2,0,47,4,14,2,7
lenoir_K9,5,5,41,4,25,6,48
lenoir_MH,4,7,46,26,31,7,53
lenoir_N,2,5,47,24,34,8,53
lenoir_PH1,2,1,17,9,5,1,47
lenoir_PH2,2,1,29,11,10,2,51
lenoir_SH,1,1,23,4,8,1,48
lenoir_SW,0,1,27,3,7,0,46
lenoir_T1,2,2,27,19,6,2,53
lenoir_T2,1,0,20,13,10,2,50
lenoir_V,0,3,45,11,13,3,48
lenoir_W,0,1,21,6,4,1,51
lincoln_AS25,4,4,28,34,19,5,50
lincoln_BC13,4,5,37,43,34,8,51
lincoln_BS26,1,2,33,12,22,2,54
lincoln_CF19,1,0,10,7,18,2,55
lincoln_CR06,1,2,12,13,11,2,52
lincoln_DN29,2,6,15,24,34,6,61
lincoln_DV08,2,4,22,27,20,3,52
lincoln_DW28,7,7,29,12,29,2,54
lincoln_HG17,3,0,34,39,37,5,55
lincoln_HV07,2,1,20,27,23,4,53
lincoln_IS20,5,4,28,19,19,5,55
lincoln_IS23,3,6,30,19,31,3,54
lincoln_LI14,1,2,25,18,17,0,50
lincoln_LM16,0,3,13,13,16,3,56
lincoln_LN11,3,3,30,29,29,3,52
lincoln_LS12,3,2,31,37,28,6,57
lincoln_LS15,1,1,12,6,17,1,51
lincoln_LW18,5,1,27,6,16,3,53
lincoln_LW31,7,8,29,18,37,6,60
lincoln_NB03,1,0,11,10,13,2,53
lincoln_NB09,4,2,19,16,23,1,55
lincoln_OB21,1,6,19,14,25,1,52
lincoln_OG10,4,5,22,29,17,2,56
lincoln_PC22,3,4,19,21,30,5,54
lincoln_SL24,2,5,22,24,23,3,53
lincoln_TE27,1,6,13,11,30,5,53
lincoln_TR30,4,3,29,14,18,5,53
lincoln_WP32,2,6,30,23,49,8,62
macon_1,4,7,20,13,24,8,56
macon_10,0,0,0,2,9,1,41
macon_11,4,3,4,9,24,3,53
macon_12,2,5,13,4,22,3,52
macon_13,2,0,0,4,7,0,44
macon_14,2,0,2,4,6,1,45
macon_15,6,0,3,13,21,4,52
macon_2,2,5,19,12,19,4,50
macon_3,4,6,17,23,29,6,59
macon_4,4,1,6,5,16,2,52
macon_5,9,4,10,17,23,1,53
macon_6,4,4,2,10,24,3,53
macon_7,3,5,2,6,29,4,51
macon_8,0,0,0,1,7,0,41
macon_9,1,1,1,10,25,3,59
madison_,0,0,0,0,0,0,12
madison_BEECH,0,1,5,9,25,1,68
madison_EBBS C,1,1,1,3,20,0,58
madison_GRAPEV,0,2,2,5,15,1,56
madison_HOT SP,2,0,3,1,11,1,56
madison_LAUREL,2,3,1,1,14,0,59
madison_MARS H,7,11,30,23,47,11,72
madison_NORTH,6,3,2,8,34,2,63
madison_REVERE,0,0,0,2,6,0,45
madison_SANDY,0,1,1,0,8,1,57
madison_SOUTH,4,4,0,2,13,4,62
madison_SPRING,0,5,2,1,10,2,53
madison_WALNUT,0,3,2,3,23,0,63
martin_,0,0,28,0,3,0,14
martin_BG,1,0,24,6,13,0,47
martin_CR,5,0,35,4,9,3,48
martin_GN,2,0,36,4,6,1,47
martin_GR,0,0,25,1,5,0,42
martin_HM,1,0,36,3,4,1,43
martin_HS,1,0,27,0,2,1,30
martin_J,5,0,38,13,24,3,53
martin_PP,1,0,23,0,3,0,41
martin_R1,0,0,40,4,8,1,42
martin_R2,1,4,43,6,14,2,42
martin_W,7,1,25,0,6,1,49
martin_W1,4,2,49,10,29,5,52
martin_W2,7,3,42,18,30,9,56
mcdowell_,0,0,1,0,1,0,12
mcdowell_43891,0,9,23,14,15,5,49
mcdowell_43892,3,9,30,23,12,2,51
mcdowell_43893,0,1,8,13,4,2,52
mcdowell_43894,4,1,15,16,6,6,48
mcdowell_43895,0,5,12,11,6,3,49
mcdowell_CCREEK,0,2,12,9,7,11,49
mcdowell_DYSART,6,17,14,3,14,4,56
mcdowell_FORT 1,0,2,28,3,3,2,52
mcdowell_FORT 2,0,4,19,6,4,5,49
mcdowell_GLENWD,1,6,4,6,8,1,51
mcdowell_HIGGIN,0,1,9,8,5,5,51
mcdowell_M.COVE,2,3,13,6,2,2,51
mcdowell_N.COVE,1,4,2,3,2,0,47
mcdowell_NEBO,1,8,22,11,9,2,51
mcdowell_PLEASA,0,2,13,7,8,7,55
mcdowell_T.COVE,1,0,3,2,1,0,46
mcdowell_WEST M,4,12,26,17,15,7,52
mecklenburg_,0,0,11,0,2,0,15
mecklenburg_1,3,7,17,14,33,0,54
mecklenburg_10,4,15,25,23,43,7,61
mecklenburg_100,8,22,35,44,56,11,60
mecklenburg_101,8,20,32,44,49,7,55
mecklenburg_102,9,33,52,74,78,14,59
mecklenburg_103,9,26,28,40,61,6,58
mecklenburg_104,10,23,56,46,58,19,47
mecklenburg_105,6,33,50,59,73,22,61
mecklenburg_106,3,11,26,13,30,5,49
mecklenburg_107.1,11,35,50,45,72,17,56
mecklenburg_108,10,17,55,53,60,17,49
mecklenburg_109,7,13,26,22,40,14,57
mecklenburg_11,16,32,55,60,70,23,71
mecklenburg_110,3,5,24,16,24,5,51
mecklenburg_111,8,18,29,30,44,6,59
mecklenburg_112,6,23,24,22,48,10,57
mecklenburg_113,9,24,35,39,53,10,64
mecklenburg_114,3,11,31,30,50,6,57
mecklenburg_115,5,10,41,49,40,7,49
mecklenburg_116,8,15,50,49,47,10,44
mecklenburg_117,6,12,46,50,55,16,55
mecklenburg_118,9,27,36,45,59,7,68
mecklenburg_119,2,14,29,13,45,4,55
mecklenburg_12,9,18,60,39,57,19,39
mecklenburg_120,9,33,48,65,53,17,46
mecklenburg_121,10,28,39,36,59,12,66
mecklenburg_122,17,39,50,75,78,20,62
mecklenburg_123,5,22,51,45,53,9,53
mecklenburg_124,6,13,52,52,58,14,44
mecklenburg_125,5,17,41,46,38,11,44
mecklenburg_126,4,27,57,49,64,18,56
mecklenburg_127,7,20,24,28,51,5,60
mecklenburg_128,6,27,39,47,62,15,57
mecklenburg_129,2,13,40,41,41,14,51
mecklenburg_13,11,34,56,47,66,21,56
mecklenburg_130,8,25,46,43,50,12,55
mecklenburg_131,1,16,25,13,39,7,59
mecklenburg_132,12,25,48,51,52,9,51
mecklenburg_133,7,25,30,44,57,11,64
mecklenburg_134,13,30,39,69,67,22,68
mecklenburg_135,14,24,57,71,77,24,64
mecklenburg_136,8,19,27,17,43,5,54
mecklenburg_137,14,42,34,58,72,12,60
mecklenburg_138,13,33,53,67,54,14,48
mecklenburg_139.1,6,33,35,45,60,8,61
mecklenburg_14,6,19,47,32,50,13,48
mecklenburg_140,14,43,42,65,77,20,66
mecklenburg_141,11,31,47,57,60,26,54
mecklenburg_142,10,27,36,45,62,21,64
mecklenburg_143,2,30,42,56,68,13,66
mecklenburg_144,3,32,33,41,66,10,64
mecklenburg_145,12,38,58,79,80,26,69
mecklenburg_146,6,35,54,67,69,20,56
mecklenburg_147,11,33,56,68,70,13,60
mecklenburg_148,23,49,51,75,91,27,72
mecklenburg_149,11,30,52,70,71,24,52
mecklenburg_15,5,13,26,29,49,12,63
mecklenburg_150,8,19,46,47,56,14,62
mecklenburg_151,5,30,47,51,65,23,53
mecklenburg_16,7,4,56,24,38,10,21
mecklenburg_17,6,5,54,37,56,14,49
mecklenburg_18,0,2,3,1,23,1,50
mecklenburg_19,2,10,13,11,35,3,58
mecklenburg_2,9,18,41,28,42,13,58
mecklenburg_20,0,13,20,17,45,5,54
mecklenburg_200,9,19,39,38,40,9,57
mecklenburg_201,13,21,58,68,81,17,62
mecklenburg_202,9,32,48,72,80,15,68
mecklenburg_203,8,28,55,68,74,27,58
mecklenburg_204.1,12,35,51,73,71,18,59
mecklenburg_205,6,34,44,69,58,13,54
mecklenburg_206,7,25,42,50,69,24,70
mecklenburg_207,11,25,39,47,68,12,63
mecklenburg_208,2,20,32,32,57,7,70
mecklenburg_209,12,23,38,54,63,14,65
mecklenburg_21,7,16,40,28,47,9,58
mecklenburg_210,8,27,59,57,72,26,53
mecklenburg_211,14,31,58,81,80,24,66
mecklenburg_212,18,50,62,86,84,25,66
mecklenburg_213,11,29,55,57,54,16,53
mecklenburg_214,13,35,56,31,68,21,56
mecklenburg_215,6,39,42,40,57,11,62
mecklenburg_216,9,36,43,59,69,12,67
mecklenburg_217,6,23,40,49,59,14,60
mecklenburg_218,7,14,36,32,55,3,56
mecklenburg_219,11,23,33,27,41,7,55
mecklenburg_22,13,25,50,47,68,20,61
mecklenburg_220,6,19,37,35,45,7,57
mecklenburg_221,8,22,31,41,60,10,63
mecklenburg_222,12,29,56,57,66,21,55
mecklenburg_223.1,8,33,52,69,69,21,66
mecklenburg_224,6,27,41,48,54,11,56
mecklenburg_225,4,16,35,31,39,7,55
mecklenburg_226,11,35,39,49,71,15,60
mecklenburg_227,11,43,38,67,71,12,64
mecklenburg_228,11,42,48,73,73,17,58
mecklenburg_229,10,37,48,84,79,23,65
mecklenburg_23,11,9,46,17,41,10,48
mecklenburg_230,11,46,53,80,80,21,62
mecklenburg_231,11,42,45,71,77,13,64
mecklenburg_232,12,39,35,65,77,15,66
mecklenburg_233,4,25,30,24,62,5,63
mecklenburg_234,12,18,41,65,56,11,59
mecklenburg_235,7,23,45,52,64,13,59
mecklenburg_236,9,20,33,41,52,9,61
mecklenburg_237,9,34,57,70,70,23,56
mecklenburg_238.1,5,26,41,55,62,10,58
mecklenburg_239,7,31,48,48,63,15,56
mecklenburg_24,5,17,56,33,51,15,49
mecklenburg_240,6,20,32,45,62,11,75
mecklenburg_241,7,21,47,58,67,12,61
mecklenburg_242,3,17,20,14,43,3,55
mecklenburg_243,7,40,54,93,89,23,68
mecklenburg_25,6,8,54,11,45,11,27
mecklenburg_26,11,26,54,40,67,14,47
mecklenburg_27,8,10,57,41,59,13,43
mecklenburg_28,10,16,52,40,54,17,51
mecklenburg_29,7,18,50,37,44,16,54
mecklenburg_3,5,21,48,50,58,16,41
mecklenburg_30,12,21,41,28,50,15,56
mecklenburg_31,8,7,54,23,42,18,31
mecklenburg_32,2,10,8,6,28,1,52
mecklenburg_33,9,20,45,46,57,9,56
mecklenburg_34,8,14,43,39,56,16,61
mecklenburg_35,4,10,29,25,28,4,53
mecklenburg_36,2,15,29,24,43,7,57
mecklenburg_37,8,20,25,36,47,5,62
mecklenburg_38,5,18,41,46,49,9,54
mecklenburg_39,4,16,60,30,44,15,37
mecklenburg_4,4,25,47,53,58,12,52
mecklenburg_40,10,28,55,29,53,13,47
mecklenburg_41,11,34,52,27,48,16,48
mecklenburg_42,6,7,55,29,41,13,37
mecklenburg_43,13,27,54,55,62,19,50
mecklenburg_44,3,16,36,22,39,10,51
mecklenburg_45,7,41,43,53,56,11,50
mecklenburg_46,10,22,51,48,54,17,60
mecklenburg_47,2,16,32,30,52,8,63
mecklenburg_48,4,13,17,7,33,0,49
mecklenburg_49,2,13,31,31,36,4,55
mecklenburg_5,7,15,46,41,42,9,45
mecklenburg_50,4,16,39,47,46,10,55
mecklenburg_51,13,25,37,32,46,10,59
mecklenburg_52,4,12,53,29,41,10,38
mecklenburg_53,9,29,58,42,65,18,45
mecklenburg_54,11,5,56,30,39,8,34
mecklenburg_55,4,1,53,10,37,9,18
mecklenburg_56,7,18,57,16,33,10,21
mecklenburg_57,2,16,30,31,43,5,58
mecklenburg_58,7,24,34,38,37,10,56
mecklenburg_59,6,19,34,37,36,4,55
mecklenburg_6,8,14,56,50,60,16,52
mecklenburg_60,6,4,52,24,42,10,38
mecklenburg_61,7,30,49,40,54,8,51
mecklenburg_62,6,26,54,60,65,18,47
mecklenburg_63,10,34,53,73,53,11,54
mecklenburg_64,5,16,38,29,42,11,49
mecklenburg_65,2,18,25,24,39,4,49
mecklenburg_66,1,5,24,13,33,6,54
mecklenburg_67,2,7,23,12,27,2,52
mecklenburg_68,3,14,42,42,51,21,57
mecklenburg_69,11,34,30,37,59,7,63
mecklenburg_7,2,7,42,30,41,13,60
mecklenburg_70,5,12,18,12,41,2,59
mecklenburg_71,3,16,38,26,48,9,57
mecklenburg_72,6,10,21,18,34,4,55
mecklenburg_73,3,11,26,27,37,6,57
mecklenburg_74,3,21,28,26,51,9,58
mecklenburg_75,5,14,24,27,59,5,64
mecklenburg_76,4,14,29,23,52,6,61
mecklenburg_77,8,7,57,56,42,13,34
mecklenburg_78.1,13,23,41,52,46,13,48
mecklenburg_79,7,38,40,28,42,4,50
mecklenburg_8,2,13,23,17,38,5,55
mecklenburg_80,12,32,48,53,52,16,60
mecklenburg_81,12,32,58,52,58,14,53
mecklenburg_82,16,15,62,50,51,14,48
mecklenburg_83,8,25,51,52,61,11,54
mecklenburg_84,8,16,46,46,55,12,52
mecklenburg_85,5,14,39,39,53,12,55
mecklenburg_86,1,9,11,8,37,2,53
mecklenburg_87,9,20,42,62,50,10,61
mecklenburg_88,4,22,39,54,55,11,61
mecklenburg_89,11,30,53,50,66,15,61
mecklenburg_9,7,19,42,23,51,12,64
mecklenburg_90,4,15,31,28,43,5,58
mecklenburg_91,10,35,34,38,57,11,66
mecklenburg_92,3,27,40,41,57,10,63
mecklenburg_93,4,18,24,35,47,5,54
mecklenburg_94,14,19,47,56,51,13,54
mecklenburg_95,8,23,47,49,55,13,49
mecklenburg_96,4,11,32,27,53,7,58
mecklenburg_97,4,10,47,40,44,12,56
mecklenburg_98,12,30,54,76,59,18,49
mecklenburg_99,5,16,51,49,56,17,51
mitchell_,0,0,0,0,0,0,13
mitchell_1,1,0,1,6,12,3,50
mitchell_2,0,0,0,0,0,0,36
mitchell_3,0,0,0,1,9,0,45
mitchell_4,9,6,14,28,30,7,63
mitchell_5,1,0,1,7,8,2,47
mitchell_6,0,1,2,1,1,0,45
mitchell_7,0,0,0,1,1,0,33
mitchell_8,0,0,0,0,2,0,37
mitchell_9,2,1,1,8,18,1,51
montgomery_,0,0,10,0,5,0,19
montgomery_BIS,2,3,31,30,24,3,49
montgomery_CAN,3,5,37,35,29,5,49
montgomery_CHE,1,1,22,6,8,0,48
montgomery_ELD,1,4,7,5,12,1,52
montgomery_LIT,1,1,7,4,2,1,49
montgomery_MTG,8,13,44,3,23,2,50
montgomery_OPH,3,0,0,0,1,0,44
montgomery_PEE,2,18,25,4,13,0,48
montgomery_ROC,1,0,38,20,10,1,44
montgomery_STA,3,0,21,14,16,3,56
montgomery_T1,6,15,40,13,24,5,49
montgomery_T2,3,5,28,11,15,1,53
montgomery_UWH,6,14,9,1,15,4,51
montgomery_WAD,3,29,28,1,15,1,34
moore_,0,0,4,0,0,0,12
moore_BEN,12,1,30,17,20,2,46
moore_CAM,12,5,31,15,16,2,48
moore_CAR,19,7,33,26,34,8,52
moore_DHR,4,2,25,11,7,2,48
moore_EAB,16,10,34,22,29,6,45
moore_EKWD,5,4,17,10,12,1,43
moore_EUR,6,12,22,27,36,10,50
moore_EWD,9,2,29,5,10,3,43
moore_LTR,14,10,33,20,33,4,51
moore_NSP,6,6,28,20,19,8,50
moore_PBF,21,15,36,20,32,8,44
moore_PDN,7,11,25,14,34,6,53
moore_PHA1,10,9,22,16,26,4,49
moore_PHA2,6,7,15,6,14,1,43
moore_PHB1,3,15,23,12,31,5,48
moore_PHB2,3,12,14,6,19,0,45
moore_PHC,9,7,29,23,38,9,52
moore_RBN,4,3,20,15,8,4,44
moore_SLS,6,10,18,16,23,5,51
moore_SSP,12,9,44,16,37,6,46
moore_TLT,2,1,33,4,8,4,31
moore_VSS,11,3,25,18,20,3,41
moore_WAB,24,12,36,28,40,5,51
moore_WEM,0,0,21,10,11,3,52
moore_WKWD,7,6,23,7,17,5,45
moore_WND,8,5,29,17,17,7,44
nash_0040A,13,20,49,28,56,13,54
nash_1,3,4,35,38,27,7,49
nash_11,8,1,40,19,33,6,51
nash_12,0,3,26,5,7,2,46
nash_15,15,9,46,23,47,19,56
nash_2,4,4,35,3,14,3,45
nash_21,3,1,36,2,8,3,39
nash_22,8,1,36,6,8,2,43
nash_25,9,5,39,22,36,8,55
nash_26,15,8,27,17,23,6,54
nash_3,6,2,35,6,11,3,49
nash_31,7,8,44,7,25,7,41
nash_32,6,9,41,16,23,8,48
nash_33,3,5,46,10,33,8,36
nash_34,8,3,50,15,35,10,48
nash_35,10,16,41,19,31,9,54
nash_36,9,15,40,21,40,4,50
nash_37,5,22,44,26,45,12,51
nash_38,8,15,46,23,41,7,50
nash_39,3,9,34,9,28,4,50
nash_4,3,0,26,19,23,2,53
nash_41,5,3,33,14,19,6,44
nash_42,6,5,39,24,29,9,45
nash_5,2,1,39,33,28,7,55
nash_6,5,3,33,25,20,4,50
nash_7,18,4,41,13,23,7,47
nash_8,2,1,33,44,19,3,52
new hanover_,1,0,2,0,1,0,13
new hanover_CF01,10,10,50,26,50,8,67
new hanover_CF02,5,4,40,15,34,9,64
new hanover_CF05,6,14,33,29,43,13,65
new hanover_CF06,6,15,51,28,36,7,69
new hanover_FP02,3,5,13,12,47,7,70
new hanover_FP03,1,7,11,6,26,4,62
new hanover_FP04,6,10,34,16,47,8,71
new hanover_FP05,3,0,16,11,38,8,65
new hanover_FP06,7,16,37,42,53,9,76
new hanover_FP07,7,16,33,25,47,9,73
new hanover_H01,7,8,37,17,41,8,60
new hanover_H02,2,16,18,12,36,6,67
new hanover_H03,7,20,28,28,49,15,75
new hanover_H04,8,9,36,28,43,11,74
new hanover_H05,2,15,22,26,51,12,71
new hanover_H06,9,14,36,40,53,11,72
new hanover_H08,4,10,26,32,52,5,75
new hanover_H09,5,22,28,26,62,10,74
new hanover_H10,9,18,46,49,52,16,68
new hanover_H11,6,25,42,47,54,11,76
new hanover_M02,12,21,32,28,55,13,82
new hanover_M03,6,15,42,37,54,14,70
new hanover_M04,13,29,42,47,80,15,76
new hanover_M06,2,17,31,16,56,11,70
new hanover_M07,4,12,13,10,31,1,60
new hanover_W03,7,13,56,23,43,18,70
new hanover_W08,8,6,51,18,39,17,59
new hanover_W12,5,10,36,20,32,10,62
new hanover_W13,6,10,52,57,48,19,68
new hanover_W15,11,21,56,57,65,28,71
new hanover_W16,8,21,27,21,49,16,74
new hanover_W17,1,16,39,16,36,9,65
new hanover_W18,1,7,26,8,37,8,69
new hanover_W21,6,18,35,29,59,11,72
new hanover_W24,15,24,41,55,63,23,76
new hanover_W25,6,14,54,34,62,21,71
new hanover_W26,11,6,39,34,43,21,68
new hanover_W27,6,13,53,23,45,16,67
new hanover_W28,12,20,41,52,58,20,73
new hanover_W29,11,7,61,34,45,24,59
new hanover_W30,10,24,49,36,59,22,74
new hanover_W31,4,18,29,22,56,10,69
new hanover_WB,1,2,8,12,30,11,71
northampton_,0,0,3,0,0,0,0
northampton_CONWAY,1,3,33,0,12,0,51
northampton_CREEKS,0,0,29,0,6,2,45
northampton_GALATI,0,0,30,1,11,3,42
northampton_GARYSB,4,0,47,4,20,4,42
northampton_GASTON,5,3,45,5,37,4,53
northampton_JACKSO,0,0,35,1,5,0,41
northampton_LAKE G,2,3,38,1,21,4,53
northampton_LASKER,0,1,15,0,0,0,36
northampton_MILWAU,0,0,30,0,4,1,31
northampton_NEWTOW,0,0,23,0,3,1,48
northampton_PENDLE,0,0,26,1,2,0,32
northampton_PLEASA,1,0,32,3,7,0,33
northampton_POTECA,0,0,32,0,3,1,28
northampton_REHOBE,0,1,27,1,4,3,31
northampton_RICH S,2,1,49,3,23,2,46
northampton_SEABOA,4,1,42,2,15,2,43
northampton_SEVERN,2,1,26,0,4,0,39
northampton_WOODLA,2,2,31,4,12,2,41
onslow_,0,0,0,0,0,0,3
onslow_BC21,12,19,35,67,62,19,66
onslow_BM08,19,43,59,90,81,29,68
onslow_CL10,3,5,31,31,40,10,61
onslow_CR07,19,23,48,63,66,24,69
onslow_EN03,18,43,58,101,87,35,74
onslow_FS16,6,6,29,22,44,7,71
onslow_GB12,5,20,49,47,57,17,63
onslow_HM05,16,22,53,81,64,24,64
onslow_HN14,10,11,41,46,47,12,58
onslow_HR17,6,7,22,22,32,5,55
onslow_HU20,13,21,44,49,57,17,69
onslow_JA01,18,30,50,80,74,22,74
onslow_ML23,2,2,36,16,25,5,45
onslow_MT24,2,5,29,15,28,1,56
onslow_NE22A,9,21,52,68,63,20,58
onslow_NE22B,13,25,55,84,74,31,65
onslow_NM13,1,1,26,10,24,2,54
onslow_NR02,6,14,50,59,63,13,51
onslow_RL09,15,10,44,45,55,14,62
onslow_SF18,7,17,30,29,58,15,68
onslow_SW19,12,14,30,40,57,15,71
onslow_TL06,20,22,42,53,64,19,59
onslow_VR15,4,10,36,31,36,9,57
onslow_WN04,8,31,46,64,66,18,55
orange_,0,0,0,0,0,0,1
orange_BC,6,35,31,34,50,12,62
orange_BP,1,16,22,17,33,12,56
orange_CA,1,0,34,15,20,3,46
orange_CB,3,18,27,23,43,14,60
orange_CC,9,27,25,40,36,18,53
orange_CF,5,39,31,50,57,13,59
orange_CG,1,3,32,22,20,1,55
orange_CH,3,16,27,24,41,8,52
orange_CO,11,30,36,44,58,18,58
orange_CP,3,11,40,23,45,10,62
orange_CS1,4,7,21,11,33,6,56
orange_CW,4,2,26,7,39,7,63
orange_CX,6,14,48,35,55,13,68
orange_DA,9,38,27,33,54,14,62
orange_DM,9,28,35,49,47,15,63
orange_EA,9,28,25,40,42,19,58
orange_EF,3,4,31,16,30,3,57
orange_EH,6,29,37,33,50,17,61
orange_ENO,8,11,33,40,51,8,63
orange_ES,4,32,33,24,50,12,53
orange_GB,11,20,39,45,49,15,67
orange_GL,7,32,26,40,57,15,68
orange_GR,11,29,30,45,51,20,59
orange_H,1,3,25,7,17,2,48
orange_HF,6,30,35,29,57,14,63
orange_KM,2,18,26,17,42,6,63
orange_LC,2,27,43,52,54,16,65
orange_LI,10,28,34,46,47,27,61
orange_MF,13,32,30,59,50,21,57
orange_NC,2,27,17,28,44,12,55
orange_NS,9,27,45,38,55,25,58
orange_OG,3,10,32,33,47,11,63
orange_OW,8,30,48,55,51,23,64
orange_PA,6,48,38,48,72,20,65
orange_RF,3,30,35,27,57,16,59
orange_SJ,4,19,40,29,49,11,58
orange_SM,4,9,30,12,34,9,64
orange_TH,8,24,40,40,49,17,57
orange_TO,0,5,30,11,22,3,57
orange_WC,5,4,35,18,29,5,59
orange_WD,8,40,40,51,62,20,63
orange_WDS,0,2,2,0,4,0,15
orange_WH,9,13,47,30,42,11,59
orange_WW,4,17,24,34,37,14,58
pamlico_,0,0,5,0,0,0,16
pamlico_1AL A,2,0,20,0,9,0,46
pamlico_1GB,4,1,20,7,11,0,49
pamlico_1RB,3,2,28,6,17,1,56
pamlico_2OT,4,3,26,6,36,4,58
pamlico_2SW,2,1,28,2,12,5,41
pamlico_3BY,3,2,40,7,20,3,54
pamlico_4HB,0,0,0,0,3,0,36
pamlico_4MSIC,2,0,23,0,3,0,32
pamlico_4VM A,0,0,16,1,5,0,30
pamlico_5AP,9,9,35,9,31,2,62
pasquotank_,0,0,0,0,0,0,1
pasquotank_1-A,5,4,47,21,38,4,57
pasquotank_1-B,4,8,45,11,38,8,61
pasquotank_2-A,3,12,48,10,33,7,54
pasquotank_2-B,3,2,46,3,35,7,50
pasquotank_3-A,3,10,47,7,34,7,51
pasquotank_3-B,1,1,52,3,27,5,36
pasquotank_4-A,0,4,52,6,27,6,49
pasquotank_4-B,6,9,52,21,50,16,56
pasquotank_MH,4,9,53,18,58,13,67
pasquotank_NEW,2,2,48,5,30,5,56
pasquotank_NIX,3,13,47,13,52,11,62
pasquotank_PRO,10,11,49,29,68,12,72
pasquotank_SAL,0,4,34,2,17,2,56
pender_,0,0,9,2,1,0,22
pender_CF11,6,6,38,19,33,5,60
pender_CL05,2,1,46,18,21,1,44
pender_CS04,2,0,32,8,14,1,51
pender_CT03,1,0,22,0,7,3,32
pender_GR06,9,2,36,12,21,3,55
pender_LC09,0,2,37,8,22,6,56
pender_LT18,3,3,29,21,36,7,64
pender_LU16,1,1,29,14,18,1,51
pender_MH07,0,0,9,1,6,1,48
pender_MT19,4,11,32,19,37,7,58
pender_NB01,4,3,43,18,36,3,53
pender_PL10,1,0,19,1,0,0,44
pender_RP20,2,4,46,26,39,5,58
pender_SB02,6,2,50,23,47,6,62
pender_SC13,4,5,31,24,39,4,59
pender_SH12,1,3,9,4,27,1,57
pender_SP15,5,2,35,13,43,2,61
pender_UH08,0,0,39,2,17,1,41
pender_UT14,4,8,24,27,38,7,60
pender_UU17,1,1,38,13,15,3,50
perquimans_,0,0,3,0,0,0,5
perquimans_BELVID,0,0,23,1,4,1,48
perquimans_BETHEL,6,1,42,6,23,6,52
perquimans_EAST H,1,1,38,3,15,4,48
perquimans_NEW HO,5,2,41,7,22,7,57
perquimans_NICANO,0,0,17,0,3,0,39
perquimans_PARKVI,2,4,42,5,15,3,49
perquimans_WEST H,1,1,33,6,10,2,50
person_ALVI,3,1,41,9,18,6,58
person_BFRK,3,1,28,11,14,3,48
person_CUCL,3,1,37,2,16,8,57
person_FLRI,17,8,40,27,48,11,66
person_HLWY,17,6,31,2,12,3,49
person_HUML,2,0,26,6,8,5,43
person_MTTZ,2,5,39,13,29,4,54
person_OLHI,3,0,32,3,11,7,49
person_ROX1,3,1,46,23,22,6,51
person_ROX2,10,10,41,10,19,5,53
person_ROX3,8,2,44,17,24,8,51
person_ROX4,7,0,38,11,22,8,52
person_RX1A,4,3,39,13,15,10,54
person_WDSD,5,0,33,14,16,4,49
pitt_,0,0,17,3,7,0,22
pitt_0200A,7,4,41,28,19,6,51
pitt_0200B,3,0,42,16,30,8,51
pitt_0800A,3,2,41,12,32,6,52
pitt_0800B,1,1,32,6,28,6,52
pitt_1001,6,2,36,27,32,7,54
pitt_101,3,9,48,29,44,8,53
pitt_1101,4,0,36,12,17,5,43
pitt_1102A,7,7,38,19,21,8,54
pitt_1102B,6,11,34,19,33,3,53
pitt_1201,8,7,49,36,52,15,59
pitt_1301,0,0,24,11,6,5,45
pitt_1403A1,3,12,35,28,33,8,49
pitt_1403A2,2,9,45,24,34,6,53
pitt_1403B,6,17,37,28,48,12,56
pitt_1501,2,0,43,17,17,2,32
pitt_1503,7,14,50,26,37,13,46
pitt_1504A,9,21,49,15,50,11,52
pitt_1504B,9,25,38,28,49,12,55
pitt_1505A,7,13,45,29,44,15,52
pitt_1505B,5,7,46,23,39,6,41
pitt_1506,6,12,39,24,37,16,47
pitt_1507,12,23,46,41,51,21,62
pitt_1507B,5,18,33,30,40,16,49
pitt_1508A,6,10,31,19,28,11,55
pitt_1508B,4,10,28,24,34,16,55
pitt_1509,12,31,42,45,62,15,60
pitt_1510A,4,9,31,16,30,7,52
pitt_1510B,2,17,40,15,46,7,54
pitt_1511A,5,23,37,15,40,9,51
pitt_1511B,8,20,40,32,52,19,62
pitt_1512A,4,19,46,37,49,14,52
pitt_1512B,8,21,36,20,38,12,49
pitt_1513A,4,12,38,21,37,14,54
pitt_1513B,4,10,33,24,41,11,51
pitt_301,5,4,48,33,40,14,50
pitt_401,3,0,42,12,18,4,42
pitt_501,0,0,32,6,12,4,44
pitt_601,6,6,40,27,32,6,57
pitt_701,1,10,32,4,26,6,44
pitt_901,2,0,32,3,6,0,43
polk_CG05,1,2,8,13,15,3,54
polk_CL07,2,4,15,23,23,6,57
polk_CL08,2,2,17,8,24,2,55
polk_GC09,3,3,34,20,16,6,62
polk_SA04,0,0,9,4,17,3,54
polk_TR123,1,2,32,14,27,8,61
polk_WO06,2,7,25,19,22,6,55
randolph_,0,0,3,0,0,0,12
randolph_1,6,22,21,19,25,1,60
randolph_10,8,13,33,62,29,10,57
randolph_11,3,8,25,30,24,2,55
randolph_12,2,3,26,12,32,1,53
randolph_13,8,4,16,19,23,4,58
randolph_14,1,1,24,3,6,4,46
randolph_15,4,7,23,50,26,3,59
randolph_16,7,7,16,24,18,2,54
randolph_17,4,2,20,14,17,2,50
randolph_18,4,8,5,9,16,4,52
randolph_19,7,1,20,26,27,3,56
randolph_2,8,14,20,12,22,4,56
randolph_20,1,1,31,27,26,1,60
randolph_21,4,6,32,31,38,4,60
randolph_22,8,6,30,25,27,9,52
randolph_23,12,2,41,26,27,8,58
randolph_24,1,0,10,0,6,0,50
randolph_25,6,2,23,14,21,3,58
randolph_26,11,7,20,12,18,2,56
randolph_27,0,0,1,4,3,0,38
randolph_28,9,6,29,21,31,1,53
randolph_29,10,4,17,17,31,3,64
randolph_3,9,28,38,35,45,4,59
randolph_30,6,0,13,7,20,3,54
randolph_31,7,14,42,30,26,6,59
randolph_32,10,8,27,43,34,2,55
randolph_33,7,2,34,21,21,1,50
randolph_34,5,2,27,16,20,0,56
randolph_35,7,0,30,16,21,5,56
randolph_36,8,1,18,17,19,4,56
randolph_37,7,3,25,7,18,4,54
randolph_38,11,7,21,22,29,4,68
randolph_39,9,8,21,14,31,4,60
randolph_4,1,12,24,19,27,0,53
randolph_40,5,7,7,15,15,2,54
randolph_5,9,13,48,53,33,6,52
randolph_6,4,6,38,37,26,7,56
randolph_7,3,14,36,45,34,3,60
randolph_8,4,16,38,45,24,6,53
randolph_9,5,3,30,33,24,2,55
richmond_,1,0,15,1,2,0,17
richmond_1,23,15,53,30,41,10,52
richmond_10,10,2,31,7,15,3,43
richmond_11,8,2,29,4,16,2,45
richmond_12,5,4,39,14,19,6,51
richmond_13,2,2,28,12,7,3,47
richmond_14,0,2,21,0,2,0,20
richmond_15,2,0,11,0,1,0,36
richmond_16,4,0,8,1,0,0,37
richmond_2,26,17,38,27,43,10,59
richmond_3,4,3,26,7,6,1,49
richmond_4,13,4,38,13,32,6,49
richmond_5,7,2,22,9,5,0,46
richmond_6,11,6,27,10,12,3,52
richmond_7,12,2,36,2,8,5,42
richmond_8,29,14,50,16,40,10,53
richmond_9,33,10,46,18,43,13,61
robeson_,13,0,11,1,3,0,13
robeson_1,37,0,29,3,12,3,29
robeson_10,35,3,33,16,28,6,44
robeson_11,34,22,33,15,47,7,52
robeson_11A,37,3,25,15,28,8,39
robeson_12,28,9,37,19,34,6,40
robeson_13,27,2,35,14,29,7,42
robeson_14,26,4,29,17,23,7,40
robeson_15,26,3,40,14,15,6,30
robeson_16,19,1,36,6,24,9,19
robeson_17,34,8,25,0,18,6,26
robeson_18A,25,19,29,15,37,9,44
robeson_19,44,7,45,10,37,12,38
robeson_2,39,3,41,5,27,7,30
robeson_20,19,0,31,5,20,4,38
robeson_21,31,5,41,22,43,12,52
robeson_22,45,16,34,14,52,17,47
robeson_23,54,12,26,13,41,14,41
robeson_24,37,5,20,14,21,2,30
robeson_25,42,4,24,17,35,6,34
robeson_26,36,6,37,29,42,11,38
robeson_27,19,5,27,9,25,4,35
robeson_28,43,4,24,24,22,3,29
robeson_29,34,5,41,5,22,4,32
robeson_3,25,2,26,13,24,7,48
robeson_30,44,6,24,27,34,9,33
robeson_31,28,2,41,22,40,10,47
robeson_32,34,6,39,18,42,8,44
robeson_33,36,2,21,13,13,8,21
robeson_34,42,0,27,6,18,7,29
robeson_35,47,4,13,4,32,8,29
robeson_36,31,1,34,5,10,4,37
robeson_37,11,0,17,3,5,1,37
robeson_38,33,2,15,0,10,2,29
robeson_39,44,2,32,1,19,11,29
robeson_4,39,5,20,6,21,3,29
robeson_40,14,0,28,2,10,3,35
robeson_41,36,5,32,14,31,9,47
robeson_5,39,1,42,8,35,7,41
robeson_6,26,3,32,0,14,1,29
robeson_7,35,0,28,13,7,2,33
robeson_8,29,1,24,8,16,3,46
robeson_9,28,2,34,19,24,4,41
rockingham_DR,5,2,41,18,22,6,52
rockingham_EC,4,15,42,17,37,7,58
rockingham_ED-1,14,5,41,21,36,8,52
rockingham_HO,2,3,31,8,25,1,50
rockingham_HU,12,4,27,28,41,4,55
rockingham_IR,5,3,29,6,25,7,48
rockingham_LI,8,3,39,15,31,5,52
rockingham_LK-2,3,7,40,24,31,3,51
rockingham_MA,3,3,38,35,33,9,54
rockingham_MC,5,17,37,33,37,10,53
rockingham_MS,11,12,91,53,79,20,101
rockingham_NB,10,6,27,16,32,3,54
rockingham_RC,10,5,38,14,31,8,53
rockingham_SE,11,4,64,46,49,11,99
rockingham_WS,6,7,69,34,58,14,109
rowan_,0,0,1,0,0,0,3
rowan_05A,3,24,50,35,49,3,99
rowan_1,6,4,16,12,26,2,54
rowan_10,2,2,22,20,19,4,52
rowan_11,7,13,41,27,34,6,54
rowan_12,4,4,42,26,35,4,51
rowan_13,3,2,20,8,15,1,49
rowan_14A,6,9,58,22,46,3,105
rowan_15,7,7,31,17,32,6,57
rowan_16,1,9,37,26,30,4,57
rowan_17,4,9,39,31,36,6,53
rowan_18,0,1,44,4,15,6,37
rowan_19A,9,10,54,26,38,7,98
rowan_2,2,1,37,13,19,2,53
rowan_21,5,4,36,26,36,6,56
rowan_22,1,2,8,0,4,1,43
rowan_23,3,1,7,9,9,3,52
rowan_24,0,0,24,4,15,1,51
rowan_25,8,7,22,19,26,7,59
rowan_26,2,2,10,9,16,0,48
rowan_27,1,0,26,5,9,0,51
rowan_28,4,8,41,19,34,8,54
rowan_29,1,0,20,12,15,2,49
rowan_3,4,9,20,9,14,6,52
rowan_30,4,19,33,37,31,3,59
rowan_31,4,4,22,9,18,0,46
rowan_32,1,5,35,22,20,2,51
rowan_33,0,5,9,8,14,1,54
rowan_34,6,25,43,32,34,9,51
rowan_35,5,9,41,18,22,4,50
rowan_36,4,8,44,26,38,8,52
rowan_38,6,4,47,24,40,11,52
rowan_39,5,21,39,22,42,8,49
rowan_4,6,4,26,18,31,1,57
rowan_40,7,3,41,18,33,8,55
rowan_41,8,19,40,30,36,10,50
rowan_42,6,1,49,22,31,13,23
rowan_44,4,2,15,16,24,3,55
rowan_45,5,3,36,9,21,2,53
rowan_7,2,8,38,8,27,6,49
rowan_8,3,9,34,27,37,6,57
rowan_9,2,4,19,11,20,3,56
rutherford_,0,0,6,0,0,0,11
rutherford_03A,1,4,20,6,21,5,53
rutherford_04A,2,6,32,9,27,4,56
rutherford_05A,4,1,32,27,35,3,59
rutherford_06A,4,3,30,13,38,5,59
rutherford_09A,2,2,20,15,31,3,57
rutherford_10A,0,0,4,2,14,1,52
rutherford_11,5,5,35,21,40,7,65
rutherford_13,9,9,49,36,41,6,57
rutherford_14,2,9,43,28,38,8,57
rutherford_16A,3,1,19,13,21,3,60
rutherford_18,0,2,31,5,25,5,52
rutherford_19,1,0,28,16,17,2,56
rutherford_27,11,9,40,29,33,6,59
rutherford_28,4,2,32,10,22,5,57
rutherford_29,2,3,35,14,23,5,55
rutherford_30,6,8,46,23,40,6,57
rutherford_34,1,1,8,1,11,1,59
sampson_AUTR,10,3,26,11,17,4,52
sampson_CLCE,8,2,47,15,18,6,31
sampson_CLEA,8,4,46,36,38,11,44
sampson_CLEM,15,5,32,23,25,10,54
sampson_CLNE,17,6,38,16,22,2,50
sampson_CLSW,23,6,37,23,30,12,51
sampson_CLWE,12,5,35,13,22,8,54
sampson_GARL,4,2,38,16,14,2,40
sampson_GIDD,3,0,37,35,33,5,39
sampson_HARR,6,2,47,18,27,3,45
sampson_HERR,3,1,16,5,6,2,37
sampson_INGO,1,0,35,23,18,2,40
sampson_KEEN,5,1,31,20,28,4,50
sampson_KFRK,30,12,35,27,32,5,50
sampson_LAKE,12,5,44,27,42,8,47
sampson_MING,11,2,43,28,41,5,57
sampson_NGRV,10,0,29,29,37,4,52
sampson_PLVW,10,7,35,18,29,7,56
sampson_ROSE,6,2,31,12,30,5,56
sampson_ROWA,11,3,35,31,28,5,45
sampson_SBRG,8,3,28,22,12,7,45
sampson_TURK,2,4,35,18,20,4,45
sampson_WBRK,6,5,24,24,24,3,49
scotland_,2,0,1,0,0,0,7
scotland_1,31,9,54,11,40,14,49
scotland_10,40,15,45,10,32,4,57
scotland_2,35,9,45,7,36,11,52
scotland_3,32,25,47,21,41,7,57
scotland_4,41,17,41,33,52,11,60
scotland_5,48,19,33,7,23,0,52
scotland_6,27,3,32,1,14,2,46
scotland_7,45,21,58,12,37,10,48
scotland_8,32,7,31,5,21,1,48
scotland_9,40,6,41,18,28,4,60
stanly_,0,0,0,0,0,0,1
stanly_10,4,20,26,14,24,2,51
stanly_11,1,18,23,0,23,2,55
stanly_12,1,9,8,4,17,3,47
stanly_13,3,10,17,3,28,0,48
stanly_14,1,3,7,2,10,0,45
stanly_15,1,5,33,4,13,1,46
stanly_16,2,3,32,4,18,0,48
stanly_17,1,7,26,3,27,3,53
stanly_18,4,7,25,2,20,5,51
stanly_19,2,11,8,4,17,2,49
stanly_2,4,9,26,11,18,4,50
stanly_20,4,12,8,1,23,3,53
stanly_21,0,2,7,2,6,0,51
stanly_22,3,3,27,13,17,3,50
stanly_23,2,5,12,12,21,2,58
stanly_24,2,4,16,12,32,2,53
stanly_25,3,1,18,7,31,3,57
stanly_26,3,7,18,3,18,3,48
stanly_27,6,2,31,6,23,4,54
stanly_28,2,3,37,8,21,2,52
stanly_3,5,5,28,11,23,5,54
stanly_7,4,24,37,10,25,2,51
stanly_8,2,5,43,11,26,8,44
stokes_,0,0,6,0,1,0,17
stokes_1,2,0,7,1,4,1,47
stokes_10,9,1,11,21,30,5,56
stokes_11,5,4,17,28,30,7,55
stokes_12,2,1,13,7,18,0,52
stokes_13,5,4,14,12,13,5,50
stokes_14,7,2,11,10,25,3,56
stokes_15,0,1,6,7,15,2,47
stokes_16,3,1,29,7,16,7,50
stokes_17,2,2,25,9,14,4,49
stokes_18,1,1,28,3,4,2,43
stokes_19,2,1,21,1,8,5,49
stokes_2,2,0,9,13,15,4,49
stokes_20,2,0,15,10,15,2,52
stokes_3,1,0,4,9,6,1,47
stokes_4,4,2,13,12,13,4,49
stokes_5,5,0,16,3,9,2,43
stokes_6,0,1,11,2,6,1,45
stokes_7,0,1,23,1,7,2,44
stokes_8,1,1,8,6,8,3,50
stokes_9,2,1,19,8,22,5,56
surry_,0,0,5,0,0,0,13
surry_1,3,1,10,10,26,5,54
surry_10,1,0,7,9,12,1,46
surry_11,3,1,19,36,17,2,56
surry_12,8,7,33,26,41,9,59
surry_13,0,4,24,8,16,1,52
surry_14,4,4,30,11,19,2,49
surry_15,4,2,30,12,18,4,54
surry_16,0,1,10,20,11,2,53
surry_17,1,1,4,11,9,2,47
surry_18,2,3,20,16,19,4,55
surry_19,2,9,21,22,28,7,57
surry_2,0,1,18,27,17,1,49
surry_20,2,1,20,4,14,2,49
surry_21,0,3,15,7,16,2,53
surry_22,0,1,10,19,9,1,51
surry_23,2,0,14,4,19,4,52
surry_24,0,0,7,2,7,0,45
surry_25,1,0,11,8,18,1,59
surry_26,3,1,10,22,23,2,60
surry_27,1,1,24,7,17,2,52
surry_28,6,0,16,11,15,2,51
surry_3,1,3,13,33,24,3,55
surry_33,3,10,27,7,27,1,53
surry_4,0,4,10,33,12,1,53
surry_5,5,1,11,24,18,3,60
surry_6,1,4,16,15,19,2,53
surry_7,1,1,27,13,16,2,52
surry_8,1,3,13,4,20,2,54
surry_9,1,0,11,7,6,3,52
swain_,0,0,0,0,0,0,2
swain_ALARKA,7,0,1,3,4,4,34
swain_ALMOND,13,3,3,4,12,2,32
swain_BC1,21,3,9,3,27,5,48
swain_BC2,23,2,9,7,22,3,45
swain_WHCH,44,3,12,14,29,10,46
transylvania_B1,0,7,19,6,29,8,59
transylvania_B2,5,1,40,10,22,13,58
transylvania_B3,4,4,23,13,32,10,58
transylvania_B4,6,9,22,15,25,6,60
transylvania_BD,1,4,26,7,15,6,66
transylvania_CC,2,3,5,8,15,2,60
transylvania_CM,0,2,0,3,5,0,50
transylvania_DR,5,1,5,3,27,7,61
transylvania_EF,0,0,3,4,10,2,52
transylvania_LR,1,2,9,8,14,2,60
transylvania_PF,4,7,28,25,24,10,57
transylvania_RE,9,0,3,1,17,2,60
transylvania_TC1,1,1,0,2,8,1,90
transylvania_TC7,2,2,1,10,13,1,146
transylvania_WC,1,1,7,6,11,2,54
tyrrell_,0,0,4,0,1,0,3
tyrrell_1,0,0,32,0,4,0,20
tyrrell_14,0,0,0,0,0,0,27
tyrrell_15,2,1,30,1,8,2,47
tyrrell_16,0,0,1,1,0,0,20
tyrrell_2,2,12,32,12,16,3,52
tyrrell_3,0,1,19,0,2,0,36
union_,0,0,8,0,1,0,7
union_017A,7,18,34,46,42,4,62
union_017B,8,20,35,40,47,14,63
union_020A,5,10,33,53,38,6,62
union_020B,4,11,29,27,23,5,60
union_028A,11,28,41,51,56,7,63
union_028B,9,31,31,32,46,12,57
union_028C,10,21,36,36,38,5,60
union_028D,2,24,40,40,36,6,60
union_029A,3,26,46,61,59,18,57
union_029B,3,16,27,38,31,5,60
union_029C,4,14,30,25,25,7,56
union_037A,12,25,41,55,56,9,69
union_037B,4,13,24,12,22,1,52
union_038A,8,20,36,54,53,15,62
union_038B,9,23,32,35,41,6,62
union_1,4,5,41,38,21,6,50
union_10,6,7,40,31,21,7,50
union_11,2,1,19,10,14,2,55
union_12,4,3,14,2,17,1,54
union_13,5,3,10,14,19,3,56
union_14,11,2,27,29,19,6,58
union_15,12,18,34,59,55,12,60
union_16,16,22,37,41,36,11,58
union_18,5,15,25,25,32,1,56
union_19,4,16,40,39,41,8,63
union_2,2,1,44,46,26,5,48
union_21,6,3,23,13,18,2,56
union_22,6,8,21,18,35,6,57
union_23,3,6,33,26,27,3,50
union_24,3,4,27,17,20,4,55
union_25,10,13,29,15,19,5,52
union_26,6,2,35,16,14,7,55
union_27,5,2,29,9,13,1,51
union_3,2,3,35,33,19,2,54
union_30,8,22,37,52,45,8,57
union_31,10,22,36,59,37,9,57
union_32,3,20,31,17,38,5,54
union_33,1,3,37,26,30,9,56
union_34,5,7,36,23,25,3,53
union_35,2,10,18,20,28,1,57
union_36,2,3,27,16,16,5,54
union_39,4,4,27,17,22,2,54
union_4,4,4,45,34,22,7,39
union_40,7,27,30,35,43,11,61
union_41,5,28,31,23,40,7,65
union_42,2,6,31,40,28,5,60
union_43,4,2,46,28,19,2,41
union_5,5,14,37,52,46,5,61
union_6,6,10,29,30,15,4,54
union_7,8,4,36,54,35,9,56
union_8,5,13,45,44,37,14,55
union_9,4,3,38,12,17,4,48
vance_,0,0,3,0,1,0,3
vance_CC,3,5,51,10,34,6,92
vance_EH1,4,3,50,25,35,4,34
vance_HTOP,1,0,33,4,19,2,41
vance_KITT,4,1,53,21,39,11,56
vance_MIDD,3,3,45,10,34,5,45
vance_NH,3,3,78,11,36,7,96
vance_NH1,3,11,54,12,31,6,38
vance_NV,1,3,73,14,31,3,71
vance_SCRK,4,5,48,30,39,9,53
vance_SH1,4,6,44,24,33,7,43
vance_SH2,1,1,38,7,9,1,42
vance_WH,4,10,83,23,56,3,95
wake_01-07A,7,2,30,7,20,3,23
wake_07-07A,0,1,1,0,8,0,15
wake_11689,8,27,43,53,67,16,62
wake_12055,3,28,28,13,51,7,51
wake_12420,6,5,57,34,53,20,37
wake_12785,7,9,55,36,54,12,31
wake_13-01,14,33,56,78,71,24,58
wake_13-02,3,18,32,29,53,3,56
wake_13-05,3,19,44,48,57,15,55
wake_13-06,8,35,46,46,62,9,58
wake_13-07,4,29,43,53,58,14,54
wake_13-08,6,25,48,58,57,16,52
wake_13-09,13,40,51,77,69,21,58
wake_13-10,6,34,40,57,72,14,63
wake_13-11,3,21,37,26,58,12,55
wake_13150,1,9,28,16,34,8,55
wake_13516,3,14,27,23,41,7,52
wake_13881,7,27,47,50,66,19,60
wake_14-01,4,4,17,1,19,1,50
wake_14-02,4,25,35,41,59,13,62
wake_14246,10,22,41,48,59,15,60
wake_14611,10,23,59,58,59,23,48
wake_14977,8,22,35,36,62,13,55
wake_15-01,16,11,36,41,59,12,61
wake_15-02,15,29,41,58,67,16,61
wake_15-03,12,10,38,45,57,14,60
wake_15-04,3,9,35,22,40,6,52
wake_15342,2,20,28,23,67,13,56
wake_15707,3,18,43,60,64,13,59
wake_16-01,6,9,40,38,47,12,60
wake_16-02,13,21,57,65,65,22,55
wake_16-03,7,5,38,31,37,5,53
wake_16-04,6,8,43,27,49,8,55
wake_16-05,7,15,39,40,58,13,57
wake_16-06,2,7,43,27,47,7,53
wake_16-07,9,13,41,36,64,16,59
wake_16-08,16,27,60,82,70,23,56
wake_16-09,15,17,43,48,56,12,57
wake_16072,4,21,45,59,72,21,61
wake_16438,3,10,38,32,61,10,54
wake_16803,9,29,52,68,69,16,56
wake_17-01,10,32,46,51,58,18,56
wake_17-02,1,6,28,31,28,7,49
wake_17-03,11,42,55,73,79,26,62
wake_17-04,12,26,51,67,62,25,56
wake_17-05,3,36,48,72,83,13,63
wake_17-06,8,3,43,37,35,7,56
wake_17-07,10,32,56,66,66,15,57
wake_17-08,16,33,53,77,75,31,66
wake_17-09,5,19,46,53,55,19,45
wake_17-10,4,19,41,35,49,7,49
wake_17-11,9,47,50,73,71,18,56
wake_17168,2,17,27,17,44,6,56
wake_17533,9,17,35,35,58,15,63
wake_17899,11,30,47,62,65,24,60
wake_18-01,19,42,50,57,80,23,65
wake_18-02,6,27,28,33,70,8,64
wake_18-03,0,29,26,23,59,4,59
wake_18-04,8,30,38,43,69,17,65
wake_18-05,6,39,30,37,70,10,59
wake_18-06,14,32,39,45,78,24,61
wake_18-07,10,20,35,37,62,11,60
wake_18-08,6,34,36,54,73,14,65
wake_18264,9,12,56,26,47,13,37
wake_18629,0,7,27,15,38,5,55
wake_19-03,8,13,38,38,57,11,58
wake_19-04,9,37,47,54,75,24,63
wake_19-05,6,17,31,34,59,11,60
wake_19-07,4,12,45,32,53,7,56
wake_19-09,10,18,41,39,60,13,64
wake_19-10,7,24,41,68,75,15,68
wake_19-11,5,18,37,41,47,7,56
wake_19-12,10,28,43,50,64,17,61
wake_19-13,9,27,39,40,58,15,59
wake_19-14,3,39,35,44,55,13,57
wake_19-15,6,26,37,41,60,15,57
wake_19-16,6,18,44,43,51,12,55
wake_19-17,14,29,46,66,79,19,65
wake_20-01,9,30,43,52,62,11,57
wake_20-03,3,25,33,30,56,10,60
wake_20-04,6,44,29,34,71,9,59
wake_20-05,5,39,31,22,66,12,64
wake_20-06A,11,35,47,56,65,17,58
wake_20-06B,2,28,29,42,53,8,62
wake_20-08,8,43,36,58,73,13,64
wake_20-09,4,23,31,29,43,5,60
wake_20-10,5,44,29,35,72,12,57
wake_20-11,5,35,35,43,65,12,60
wake_20-12,3,39,32,34,55,5,56
wake_20-13,15,49,45,72,82,23,71
wake_20-14,14,48,31,45,71,13,62
wake_36586,6,31,29,32,49,8,53
wake_43831,4,16,34,26,60,13,60
wake_43832,3,13,23,21,55,11,56
wake_43833,1,5,12,11,38,3,55
wake_43834,0,5,11,10,26,7,57
wake_43835,0,3,17,2,34,2,55
wake_43836,4,15,27,25,61,13,65
wake_43837,2,12,19,26,41,8,56
wake_43839,1,9,12,9,30,5,55
wake_43840,0,7,10,5,36,4,58
wake_43841,0,5,10,5,33,3,56
wake_43842,0,11,32,23,50,6,59
wake_43843,1,6,35,17,36,5,52
wake_43844,7,13,43,41,68,18,61
wake_43845,2,13,29,24,38,3,52
wake_43846,3,21,38,28,59,16,54
wake_43847,0,7,19,12,31,0,59
wake_43848,6,24,45,67,65,16,56
wake_43849,7,4,49,27,48,11,34
wake_43850,6,9,52,27,50,17,48
wake_43851,11,27,50,60,66,24,60
wake_43852,11,14,56,49,52,13,38
wake_43853,17,29,49,64,76,27,64
wake_43855,1,1,46,17,31,4,27
wake_43856,5,6,56,28,51,15,39
wake_43857,6,13,38,29,48,14,58
wake_43858,10,16,57,34,63,20,57
wake_43859,2,1,12,11,40,6,58
wake_43860,1,3,18,7,32,2,49
wake_43861,10,34,55,52,66,25,62
wake_43862,5,29,36,27,61,13,59
wake_43863,5,28,37,29,64,16,60
wake_43864,2,24,25,15,52,7,57
wake_43865,4,32,22,16,46,11,55
wake_43866,3,12,17,10,32,7,48
wake_43867,2,24,29,14,51,8,58
wake_43922,5,17,43,37,57,9,58
wake_43923,5,31,42,59,62,12,55
wake_43924,3,31,36,44,54,14,56
wake_43925,2,23,39,46,50,12,55
wake_43926,9,41,32,29,73,11,59
wake_43927,3,27,35,27,66,14,64
wake_43928,2,27,18,15,59,6,57
wake_43929,6,31,40,44,63,12,59
wake_43930,5,37,39,35,64,5,59
wake_43931,6,38,33,39,64,11,57
wake_43932,3,35,40,43,53,11,54
wake_43933,2,34,24,37,60,12,58
wake_43934,13,45,41,31,80,20,59
wake_43935,4,14,28,31,41,2,54
wake_43936,6,32,34,39,53,6,57
wake_43937,3,23,31,30,66,11,57
wake_43938,5,22,34,39,54,13,55
wake_43939,5,38,34,31,70,6,57
wake_43940,2,28,22,28,59,5,58
wake_43941,11,33,34,58,67,13,60
wake_43942,4,29,38,53,65,14,56
wake_43952,12,42,38,59,81,18,62
wake_43954,9,44,35,41,70,8,62
wake_43956,19,46,51,67,83,28,70
wake_43957,7,51,38,36,81,8,62
wake_43958,23,59,40,65,89,30,64
wake_43959,5,45,38,31,60,11,55
wake_43986,7,16,40,38,48,6,56
wake_43987,1,6,30,29,50,8,59
wake_43988,13,36,42,54,77,15,60
wake_43989,9,34,41,37,74,5,56
wake_43990,5,19,40,34,53,7,54
wake_43991,6,17,40,49,51,8,60
wake_43992,7,13,36,32,51,7,60
wake_44013,1,12,36,33,45,13,54
wake_44014,7,17,36,25,46,7,55
wake_44015,3,20,27,17,39,5,55
wake_44016,6,23,48,60,65,20,65
wake_44017,5,11,39,26,47,8,57
wake_44018,5,20,34,31,63,7,60
wake_44019,3,26,39,48,67,10,64
wake_44021,12,31,38,48,71,19,62
wake_44022,10,32,44,68,75,23,62
wake_44023,0,7,15,5,32,2,53
wake_44024,1,21,38,46,53,13,59
wake_44025,2,13,39,23,49,11,55
wake_44045,6,37,39,49,67,15,64
wake_44046,8,38,40,55,73,15,56
wake_44047,2,11,16,13,47,4,51
wake_44048,3,18,27,21,50,7,52
wake_44049,3,16,44,40,63,19,62
wake_44050,0,25,27,12,51,12,56
wake_44051,9,33,33,50,63,15,61
wake_44052,6,23,37,40,52,16,52
wake_44053,7,31,36,40,60,8,64
wake_44054,8,39,38,56,67,12,64
wake_44075,3,4,41,27,43,9,53
wake_44076,11,8,49,69,59,11,55
wake_44077,5,3,42,29,46,7,55
wake_44105,2,12,25,30,31,3,49
wake_44106,5,10,47,57,60,14,57
wake_44107,6,7,41,52,52,10,53
wake_44108,11,20,55,64,78,19,60
wake_44136,15,32,42,51,72,19,65
wake_44137,8,28,34,44,77,16,60
wake_44166,5,21,37,57,66,14,63
wake_44167,10,14,41,52,62,10,66
wake_44169,7,7,37,43,62,13,61
wake_44170,5,32,43,65,71,17,65
wake_44171,4,12,37,46,53,11,58
wake_44172,5,8,39,25,54,14,59
wake_44173,10,16,44,56,69,15,59
wake_44174,9,19,36,50,51,10,58
warren_,2,0,6,0,0,0,4
warren_1,5,0,29,0,20,3,50
warren_10,9,0,50,1,27,5,49
warren_11,4,1,28,0,11,2,31
warren_12,0,0,23,0,9,2,50
warren_13,3,1,34,1,14,2,46
warren_14,9,1,43,4,21,3,50
warren_2,4,0,26,1,10,3,49
warren_3,5,2,31,3,11,2,46
warren_4,2,0,37,1,14,1,46
warren_5,2,0,39,4,23,5,43
warren_6,7,2,43,3,21,5,49
warren_7,6,1,39,5,12,2,46
warren_8,37,6,41,7,20,3,32
warren_9,5,1,32,1,5,2,43
washington_,0,0,2,0,0,0,0
washington_LM,0,1,42,6,17,8,48
washington_P1,3,7,43,6,13,4,41
washington_P2,0,0,46,4,14,2,41
washington_P3,1,3,43,3,25,4,56
washington_SC,2,2,32,6,11,3,51
washington_SK,1,1,33,0,15,2,48
watauga_,0,0,0,0,0,0,2
watauga_1,0,0,3,4,9,0,45
watauga_10,1,1,4,3,9,2,52
watauga_11,2,5,12,15,23,0,58
watauga_12,5,18,19,32,44,19,57
watauga_13,7,14,20,36,40,12,57
watauga_14,5,16,23,25,39,17,60
watauga_15,7,14,31,37,43,11,57
watauga_16,0,0,0,0,2,0,30
watauga_17,1,0,2,1,6,0,44
watauga_18,0,1,11,7,14,4,49
watauga_19,2,3,16,16,35,7,55
watauga_2,1,0,3,3,5,2,46
watauga_20,0,0,0,6,7,0,44
watauga_3,2,6,9,11,22,3,59
watauga_4,4,13,18,14,30,11,59
watauga_5,5,7,26,17,39,12,57
watauga_6,5,10,20,24,40,15,55
watauga_7,5,16,24,28,44,16,64
watauga_8,2,2,10,11,15,3,52
watauga_9,0,1,4,2,9,1,43
wayne_,0,0,2,0,0,0,3
wayne_1,2,3,41,17,37,4,54
wayne_10,3,5,51,11,32,8,49
wayne_11,11,22,50,20,50,9,54
wayne_12,2,25,51,31,52,21,67
wayne_13,2,13,50,24,48,10,52
wayne_14,4,9,38,35,40,10,61
wayne_15,4,3,39,50,53,13,59
wayne_16,4,6,42,21,42,15,54
wayne_17,2,7,45,21,37,7,43
wayne_18,3,6,50,23,30,10,49
wayne_19,2,6,50,21,26,13,44
wayne_2,3,8,44,25,35,11,58
wayne_20,1,6,49,12,31,5,44
wayne_21,2,10,50,18,41,7,49
wayne_22,5,11,43,19,44,6,56
wayne_23,7,11,39,36,45,11,58
wayne_24,4,1,31,23,29,4,65
wayne_25,2,3,37,24,35,4,62
wayne_26,6,9,46,35,48,9,57
wayne_27,4,7,51,20,34,2,49
wayne_28,10,8,49,50,47,11,66
wayne_29,4,6,48,28,38,4,51
wayne_3,10,9,41,27,48,8,62
wayne_30,3,1,48,26,32,2,48
wayne_4,5,13,46,26,52,16,62
wayne_5,5,20,41,19,51,12,64
wayne_6,4,14,42,16,50,9,59
wayne_7,2,10,47,27,61,13,64
wayne_8,5,8,41,23,44,4,61
wayne_9,8,15,37,17,45,10,61
wilkes_,0,0,0,0,0,0,10
wilkes_101,0,0,18,9,4,0,49
wilkes_102,1,1,32,8,8,6,53
wilkes_103,0,1,0,1,2,1,46
wilkes_104,0,2,16,18,18,2,51
wilkes_105,0,0,10,5,11,3,52
wilkes_106,0,1,27,1,9,1,50
wilkes_107,1,1,7,11,18,1,63
wilkes_108,0,2,32,15,15,4,54
wilkes_109,0,0,17,3,10,1,47
wilkes_110,0,0,1,3,1,1,47
wilkes_111,0,2,5,9,13,4,56
wilkes_112,1,5,28,29,19,3,57
wilkes_113,3,0,2,0,10,0,50
wilkes_114,1,0,3,0,3,1,44
wilkes_115A,2,1,14,17,30,9,56
wilkes_117,1,0,21,10,8,1,52
wilkes_118,3,4,36,30,25,5,58
wilkes_119,4,1,5,17,20,1,59
wilkes_120,1,0,8,7,13,2,54
wilkes_121,2,0,16,11,10,2,57
wilkes_122,1,0,2,3,4,1,44
wilkes_123,0,0,8,1,7,2,48
wilkes_124,1,0,2,3,4,1,54
wilkes_125,0,0,1,3,3,1,47
wilkes_126,0,0,1,2,2,4,48
wilkes_127,3,13,34,22,27,3,53
wilkes_128,1,1,34,19,23,3,58
wilkes_129,1,2,24,20,12,9,52
wilson_PRBL,1,3,35,31,25,2,58
wilson_PRCR,8,0,36,17,26,5,53
wilson_PRGA,3,1,41,21,32,5,52
wilson_PROL,0,3,40,43,51,3,58
wilson_PRSA,1,2,39,15,17,3,39
wilson_PRSP,5,1,38,17,27,3,52
wilson_PRST,2,1,40,15,19,3,45
wilson_PRTA,6,20,46,39,57,13,61
wilson_PRTO,8,2,48,13,41,6,53
wilson_PRWA,3,0,43,18,29,11,45
wilson_PRWB,2,1,45,18,26,6,29
wilson_PRWC,5,2,49,20,25,5,39
wilson_PRWD,1,1,26,5,20,2,55
wilson_PRWE,1,2,42,17,23,4,44
wilson_PRWH,2,0,50,10,29,1,27
wilson_PRWI,2,9,43,15,39,9,50
wilson_PRWJ,4,14,44,21,48,7,56
wilson_PRWK,1,3,36,11,23,4,50
wilson_PRWL,5,11,35,12,38,4,56
wilson_PRWM,7,15,46,28,57,6,56
wilson_PRWN,1,2,53,14,29,5,29
wilson_PRWP,3,7,30,19,25,2,46
wilson_PRWQ,0,0,45,6,14,1,8
wilson_PRWR,2,4,46,25,27,5,45
yadkin_,0,0,3,0,2,0,15
yadkin_BNVL,3,6,30,24,25,2,64
yadkin_DCRK,2,6,13,34,16,5,65
yadkin_EBND,3,4,12,22,21,2,65
yadkin_FBSH,1,5,26,19,25,3,64
yadkin_NBCK,1,7,11,18,7,0,57
yadkin_NFAL,2,0,9,4,8,0,54
yadkin_NKNB,5,0,40,21,27,9,64
yadkin_NLIB,2,5,34,51,32,9,63
yadkin_SBCK,1,0,4,10,6,0,69
yadkin_SFAL,0,0,16,10,19,0,54
yadkin_SKNB,2,5,4,4,4,1,53
yadkin_SLIB,3,1,19,16,19,1,62
yancey_,0,0,0,0,1,0,15
yancey_01 BUR,5,9,29,18,31,6,67
yancey_02 CAN,1,3,3,4,10,0,50
yancey_03 EGY,1,0,0,0,4,1,46
yancey_04 RAM,0,0,1,3,4,0,41
yancey_05 GRE,1,1,0,0,3,1,45
yancey_06 JAC,2,0,4,3,12,2,55
yancey_07 BRU,0,0,0,5,2,0,47
yancey_08 CRA,4,0,7,4,16,2,60
yancey_09 SOU,4,0,2,5,22,3,53
yancey_10 PEN,1,0,1,2,11,0,50
yancey_11 PRI,1,0,3,7,13,1,57
