prec_id,Obama/Biden,Romney/Ryan,Johnson/Gray,Virgil Goode (Write-in),Write-in (miscellaneous)
alamance_01,488,1661,16,1,6
alamance_02,429,1936,32,0,4
alamance_035,832,1437,19,0,3
alamance_03C,526,1318,19,0,2
alamance_03N,881,1380,21,0,6
alamance_03N2,262,238,4,0,0
alamance_03S,1380,2088,27,0,7
alamance_03W,568,1125,17,0,6
alamance_04,627,1951,25,1,2
alamance_05,365,1358,14,0,7
alamance_063,987,570,8,0,3
alamance_064,924,1731,21,0,4
alamance_06E,753,683,10,0,0
alamance_06N,941,432,7,0,2
alamance_06S,667,1147,18,0,2
alamance_06W,351,324,10,0,1
alamance_07,425,1593,22,0,3
alamance_08N,643,1117,17,0,1
alamance_08S,283,685,11,6,5
alamance_09N,479,763,17,0,1
alamance_09S,1078,1666,29,2,3
alamance_103,559,1195,9,1,3
alamance_10N,950,1459,18,3,5
alamance_10S,2098,2045,69,0,19
alamance_11,1280,880,15,0,2
alamance_124,543,723,15,0,2
alamance_125,483,899,12,0,2
alamance_126,476,965,8,0,2
alamance_127,1982,596,12,0,1
alamance_128,794,336,13,0,4
alamance_129,339,755,7,0,0
alamance_1210,550,549,8,1,0
alamance_12E,594,344,4,0,0
alamance_12N,2009,275,11,0,1
alamance_12S,534,215,1,0,2
alamance_12W,650,736,18,0,3
alamance_13,1145,995,13,3,2
alamance_CURBSIDE,0,0,0,0,0
alexander_B1,455,1596,20,0,5
alexander_B2,548,1699,36,0,6
alexander_E,463,1161,38,0,8
alexander_G1,98,389,8,1,0
alexander_G2,184,419,6,0,3
alexander_L,193,579,15,0,2
alexander_M,313,767,18,0,7
alexander_S1,325,936,26,0,3
alexander_S2,199,403,11,0,3
alexander_SL,105,509,3,0,2
alexander_T1,223,690,16,1,2
alexander_T2,397,610,13,0,1
alexander_T3,299,552,12,4,4
alexander_T4,389,591,14,0,3
alexander_T5,168,459,11,0,6
alexander_W,252,893,16,0,8
alleghany_01,224,572,9,3,1
alleghany_02,44,137,0,0,1
alleghany_03,712,1125,31,0,5
alleghany_04,215,713,10,0,3
alleghany_05,145,248,7,0,1
alleghany_06,123,281,7,2,4
alleghany_07,111,301,9,0,1
alleghany_CURBSIDE,0,0,0,0,0
anson_ANS,412,336,5,0,1
anson_BURN,281,596,4,0,0
anson_GULL,525,257,4,0,1
anson_LILE,1142,518,8,0,0
anson_MM,789,151,4,0,1
anson_PEAC,257,581,10,0,3
anson_POLK,384,302,3,0,4
anson_W1,1314,399,4,0,3
anson_W2,842,305,4,0,1
anson_W3,973,626,6,0,3
anson_WS,100,95,1,0,1
ashe_02,141,314,12,0,2
ashe_03,44,175,3,0,1
ashe_04,47,129,3,0,1
ashe_06,59,148,4,0,4
ashe_07,62,80,7,0,2
ashe_08,38,47,0,0,0
ashe_09,315,544,12,0,5
ashe_10,32,68,3,0,0
ashe_11,265,419,9,0,3
ashe_12,88,235,4,0,2
ashe_13,115,281,5,0,4
ashe_14,177,372,8,0,3
ashe_15,74,255,8,0,4
ashe_16,191,410,10,0,5
ashe_17,89,284,7,0,6
ashe_18,26,52,1,0,2
ashe_20,285,561,18,0,3
avery_01,83,332,5,0,0
avery_02,315,644,19,0,2
avery_03,40,200,3,0,1
avery_04,12,25,0,0,0
avery_05,16,119,1,0,0
avery_06,78,240,3,0,0
avery_07,23,113,0,0,0
avery_08,29,159,1,0,0
avery_09,19,169,2,0,1
avery_10,90,312,6,0,0
avery_11,68,153,1,0,1
avery_12,21,143,2,0,0
avery_13,81,158,1,0,0
avery_14,73,280,8,0,1
avery_15,59,216,2,0,0
avery_16,145,358,10,0,4
avery_17,42,238,4,0,0
avery_18,32,153,4,0,1
avery_19,18,161,0,0,0
beaufort_AUROR,201,200,4,0,0
beaufort_BEADM,80,447,2,0,1
beaufort_BELHV,198,249,2,1,1
beaufort_BLCK,161,167,4,0,0
beaufort_CHOCO,288,571,8,0,2
beaufort_EDWAR,197,198,2,0,1
beaufort_GILEA,121,219,3,0,0
beaufort_HB,56,311,1,0,1
beaufort_NCRK,100,425,7,0,3
beaufort_OLDF,156,234,4,0,2
beaufort_PANTE,159,315,3,0,0
beaufort_PINET,48,346,4,0,0
beaufort_PSJW3,247,50,1,0,0
beaufort_RVRD,156,355,3,0,3
beaufort_SURBA,158,550,4,0,0
beaufort_TCRK,154,505,7,0,6
beaufort_WASH1,223,128,5,0,2
beaufort_WASH2,205,113,3,0,0
beaufort_WASH4,186,247,7,0,0
beaufort_WASHP,103,263,3,0,2
beaufort_WDPD,80,358,6,0,3
bertie_C1,106,179,1,0,0
bertie_C2,171,78,2,0,0
bertie_IW,102,13,0,0,0
bertie_M1,115,141,1,0,0
bertie_M2,246,148,2,0,0
bertie_MH,113,124,1,0,1
bertie_RX,382,111,0,0,0
bertie_SN,160,37,0,0,0
bertie_W1,446,228,6,0,1
bertie_W2,21,283,3,0,0
bertie_WD,283,36,1,0,0
bertie_WH,154,195,2,0,0
bladen_P10,120,142,2,0,0
bladen_P15,186,333,6,0,4
bladen_P201,80,223,9,0,3
bladen_P202,169,311,5,0,1
bladen_P25,191,215,5,0,0
bladen_P30,131,52,1,0,1
bladen_P35,74,85,1,0,2
bladen_P40,111,272,6,0,1
bladen_P45,69,165,4,0,1
bladen_P501,292,167,2,0,1
bladen_P502,161,118,3,0,0
bladen_P55,145,146,1,0,0
bladen_P60,233,211,6,0,1
bladen_P65,69,132,0,0,0
bladen_P70,69,83,1,0,0
bladen_P75,220,97,0,0,0
bladen_P80,132,203,5,0,1
bladen_CURBSIDE,0,0,0,0,0
brunswick_01,536,527,9,0,1
brunswick_02,1343,1244,26,0,9
brunswick_03,607,336,10,0,1
brunswick_04A,1808,2308,27,0,9
brunswick_04B,877,1249,23,0,4
brunswick_04C,645,835,8,0,5
brunswick_05,835,1295,24,0,8
brunswick_06,434,570,8,0,0
brunswick_07,711,988,7,0,3
brunswick_08,1038,1509,24,0,5
brunswick_09,294,493,3,0,0
brunswick_10A,635,1247,14,0,3
brunswick_10B,945,1802,10,0,5
brunswick_11,912,647,11,1,1
brunswick_12,619,1106,14,1,3
brunswick_13,707,1077,26,0,3
brunswick_14,840,1881,20,0,9
brunswick_15,1004,2100,35,0,6
brunswick_16,977,2010,20,0,0
brunswick_17,1476,1886,14,0,1
brunswick_18,347,720,12,0,1
brunswick_19,932,1635,13,0,2
brunswick_20,633,1385,29,0,9
brunswick_21,802,1846,37,0,5
brunswick_22,547,981,14,0,3
brunswick_23,533,997,12,0,8
brunswick_CURBSIDE,245,223,0,0,0
buncombe_01.1,400,61,18,0,9
buncombe_02.1,762,84,22,0,5
buncombe_03.1,518,84,13,0,4
buncombe_04.1,268,89,4,0,4
buncombe_05.1,303,224,16,0,1
buncombe_06.1,283,123,8,0,3
buncombe_07.1,264,80,4,0,3
buncombe_08.2,382,167,9,0,8
buncombe_08.3,400,165,9,0,3
buncombe_09.1,607,296,26,0,7
buncombe_10.1,425,19,6,0,3
buncombe_11.1,297,34,5,0,3
buncombe_12.1,387,116,14,0,7
buncombe_13.1,477,86,15,0,10
buncombe_14.2,409,131,14,0,4
buncombe_14.3,203,104,4,0,3
buncombe_15.1,369,126,15,0,11
buncombe_16.2,466,133,18,0,6
buncombe_17.1,314,136,12,0,2
buncombe_18.2,424,506,16,0,7
buncombe_19.1,108,100,3,0,0
buncombe_20.1,122,53,6,0,3
buncombe_21.1,411,266,13,1,1
buncombe_22.2,311,168,6,0,8
buncombe_23.2,58,42,3,0,2
buncombe_23.3,156,150,3,2,0
buncombe_24.1,317,265,14,0,2
buncombe_25.1,335,289,11,0,8
buncombe_26.1,270,134,15,0,7
buncombe_27.2,104,80,3,0,3
buncombe_28.1,387,102,29,0,10
buncombe_29.2,309,312,10,0,2
buncombe_30.2,161,253,9,1,6
buncombe_30.3,220,306,12,0,0
buncombe_31.1,177,387,6,0,3
buncombe_32.1,198,256,16,0,2
buncombe_33.2,172,170,7,0,4
buncombe_33.3,237,260,24,0,5
buncombe_34.1,171,161,5,0,3
buncombe_35.1,216,176,4,0,6
buncombe_36.1,223,256,7,0,5
buncombe_37.1,145,265,6,0,4
buncombe_38.2,108,272,9,0,1
buncombe_38.3,261,514,19,0,2
buncombe_39.2,168,223,15,1,1
buncombe_39.3,199,273,13,0,6
buncombe_40.2,265,510,15,0,6
buncombe_41.1,216,490,22,0,8
buncombe_42.1,318,298,7,0,4
buncombe_43.2,233,209,9,0,5
buncombe_44.1,341,417,18,2,2
buncombe_45.1,392,500,22,0,7
buncombe_46.1,156,173,5,0,4
buncombe_47.1,366,647,21,2,7
buncombe_48.1,329,484,20,0,3
buncombe_49.1,348,702,31,0,10
buncombe_50.1,201,368,12,0,13
buncombe_51.2,222,284,5,0,6
buncombe_52.1,255,463,13,1,2
buncombe_53.1,210,419,11,0,3
buncombe_54.2,341,351,11,1,3
buncombe_55.1,271,414,22,0,8
buncombe_56.2,266,262,9,0,3
buncombe_57.1,298,482,19,0,3
buncombe_58.1,162,227,5,0,0
buncombe_59.1,287,438,11,1,1
buncombe_60.2,175,144,5,0,1
buncombe_60.4,141,232,8,0,3
buncombe_61.1,339,403,18,0,7
buncombe_62.1,311,347,18,0,2
buncombe_63.1,89,145,6,0,1
buncombe_64.1,225,289,20,0,3
buncombe_65.1,467,296,17,0,6
buncombe_66.1,266,168,15,0,5
buncombe_67.1,199,226,8,0,1
buncombe_68.1,396,533,22,0,7
buncombe_681,53,103,2,0,0
buncombe_69.1,296,447,12,1,1
buncombe_70.1,354,294,18,0,6
buncombe_71.1,355,471,20,0,6
burke_0001,728,1195,20,0,8
burke_0003,193,539,9,0,3
burke_0011,378,1222,18,0,11
burke_0012,195,1009,16,0,4
burke_0013,361,1324,17,0,4
burke_0014,258,994,14,0,10
burke_0015,227,704,6,0,1
burke_0018,114,202,4,0,1
burke_0019,164,257,5,0,0
burke_0020,276,354,5,0,1
burke_0021,308,540,15,0,3
burke_0022,346,857,18,0,2
burke_0024,597,1055,30,2,11
burke_0029-A,190,514,8,0,2
burke_0029-B,233,439,8,0,3
burke_0031,826,404,10,1,5
burke_0034,713,591,11,0,8
burke_0035,573,391,11,0,1
burke_0036,430,762,16,0,5
burke_0038,539,793,19,1,2
burke_0039,545,479,17,0,2
burke_0040,424,620,14,0,4
burke_0047-A,773,566,13,0,4
burke_0047-B,387,443,12,0,5
burke_0048,617,789,19,0,8
burke_0051,857,1194,22,0,4
burke_0052,343,413,10,0,1
burke_0053,439,806,20,0,3
burke_0062,216,313,5,0,1
burke_0064,202,310,8,0,2
burke_0065,208,442,7,0,3
burke_0066,487,707,19,0,1
burke_0070,554,1039,18,0,5
cabarrus_01-02,447,1120,15,0,0
cabarrus_01-04,1184,1536,31,0,0
cabarrus_01-06,883,1277,12,0,0
cabarrus_01-07,539,1273,20,0,0
cabarrus_01-08,932,1270,26,0,0
cabarrus_01-09,178,540,7,0,0
cabarrus_01-10,760,1140,20,0,0
cabarrus_02-01,788,1133,37,0,0
cabarrus_02-02,1057,1747,20,0,0
cabarrus_02-03,1399,2250,47,0,0
cabarrus_02-05,990,1743,18,0,0
cabarrus_02-06,1153,975,22,0,0
cabarrus_02-07,661,1432,21,0,0
cabarrus_02-08,1647,2007,37,0,0
cabarrus_02-09,1817,1834,30,0,0
cabarrus_03-00,802,1868,47,0,0
cabarrus_04-01,977,914,11,0,0
cabarrus_04-02,944,634,10,0,0
cabarrus_04-03,919,911,25,0,0
cabarrus_04-04,536,447,8,0,0
cabarrus_04-05,456,513,9,0,0
cabarrus_04-06,655,534,10,0,0
cabarrus_04-07,314,820,9,0,0
cabarrus_04-08,386,660,9,0,0
cabarrus_04-09,617,1228,13,0,0
cabarrus_04-10,875,1451,32,0,0
cabarrus_05-00,439,1392,22,0,0
cabarrus_06-00,251,1121,16,0,0
cabarrus_07-00,144,543,5,0,0
cabarrus_08-00,622,1891,26,0,0
cabarrus_09-00,313,1273,17,0,0
cabarrus_10-00,779,2320,26,0,0
cabarrus_11-01,1306,1484,42,0,0
cabarrus_11-02,511,1342,28,0,0
cabarrus_12-01,251,173,11,0,0
cabarrus_12-02,836,342,10,0,0
cabarrus_12-03,548,861,15,0,0
cabarrus_12-04,829,811,15,0,0
cabarrus_12-05,528,947,18,0,0
cabarrus_12-06,496,528,14,0,0
cabarrus_12-07,912,64,1,0,0
cabarrus_12-08,406,398,9,0,0
cabarrus_12-09,471,875,17,0,0
cabarrus_12-10,293,527,15,0,0
cabarrus_12-11,447,572,16,0,0
cabarrus_12-12,520,790,18,0,0
cabarrus_ACCUMULATED,0,0,0,12,261
caldwell_PR01,251,377,10,0,0
caldwell_PR02,130,256,11,0,0
caldwell_PR05,178,432,18,0,0
caldwell_PR06,147,356,11,0,0
caldwell_PR07,119,406,12,0,0
caldwell_PR08,148,253,5,0,0
caldwell_PR13,209,598,25,0,0
caldwell_PR14,183,295,20,0,0
caldwell_PR15,168,472,11,0,0
caldwell_PR16,169,144,9,0,0
caldwell_PR17,140,254,17,0,0
caldwell_PR18,219,470,18,0,0
caldwell_PR21,189,551,13,0,0
caldwell_PR22,201,496,10,0,0
caldwell_PR24,106,254,10,0,0
caldwell_PR25,131,276,6,0,0
caldwell_PR28,160,450,18,0,0
caldwell_PR29,207,259,3,0,0
caldwell_PR30,232,186,2,0,0
caldwell_PR31,125,147,0,0,0
caldwell_PR32,201,535,13,0,0
caldwell_ACCUMULATED,0,0,0,15,111
camden_CH,217,447,11,0,3
camden_SH,149,426,6,0,4
camden_SM,270,653,20,0,4
carteret_ABCH,130,377,4,0,1
carteret_ATCS,123,247,2,0,0
carteret_BCRK,138,478,5,0,2
carteret_BFT1,184,110,9,0,2
carteret_BFT2,258,340,8,0,4
carteret_BOGU,135,418,5,0,4
carteret_CCCP,119,355,5,0,4
carteret_DASW,39,154,1,0,0
carteret_EMIS,225,522,7,0,2
carteret_HAIS,74,356,2,0,0
carteret_IBSP,55,93,2,0,0
carteret_MASM,80,193,5,0,0
carteret_MCRK,34,214,4,0,0
carteret_MERR,67,117,2,0,0
carteret_MHD1,263,440,7,0,3
carteret_MHD2,315,450,17,0,6
carteret_MHD3,280,688,10,0,4
carteret_MHD4,149,516,12,0,2
carteret_NPT1,250,539,20,0,2
carteret_NPT2,168,610,14,0,4
carteret_NRIV,129,44,2,0,1
carteret_OTBE,112,495,2,0,2
carteret_PELE,58,201,3,0,1
carteret_PKNL,151,369,4,0,2
carteret_STEL,78,315,11,0,4
carteret_WIHA,107,331,11,0,2
carteret_WILD,205,431,11,0,4
caswell_ANDE,223,399,5,0,2
caswell_HIGH,332,328,4,0,1
caswell_LEAS,236,225,7,0,0
caswell_LOCU,881,520,7,0,1
caswell_MILT,965,568,11,0,2
caswell_PELH,768,1275,18,0,1
caswell_PROS,168,435,10,0,0
caswell_PROVI,236,353,2,0,2
caswell_STON,574,841,11,0,2
caswell_YANC,965,650,9,0,2
catawba_01,450,1694,29,0,7
catawba_02,348,1075,17,0,4
catawba_03,435,984,17,0,5
catawba_04,244,234,7,0,1
catawba_05,720,1143,20,0,8
catawba_06,431,1090,12,0,4
catawba_07,806,1045,22,0,6
catawba_08,495,1160,23,0,8
catawba_09,352,1156,15,0,4
catawba_10,277,118,4,1,2
catawba_11,340,329,8,1,1
catawba_12,920,187,6,0,4
catawba_13,570,299,11,0,0
catawba_14,419,672,13,0,7
catawba_15,609,5,3,0,1
catawba_16,731,670,21,0,5
catawba_17,425,516,11,0,6
catawba_19,278,422,7,0,2
catawba_20,643,1384,25,0,10
catawba_21,262,797,10,0,3
catawba_22,698,1345,23,1,9
catawba_23,814,1778,29,0,8
catawba_24,754,1856,32,0,6
catawba_25,530,617,20,1,5
catawba_26,457,796,9,0,5
catawba_27,576,1692,32,0,7
catawba_28,704,1312,20,0,2
catawba_29,399,1155,16,0,6
catawba_30,961,1334,24,0,7
catawba_31,656,1953,31,0,5
catawba_32,806,1048,26,0,9
catawba_33,1099,2666,41,0,12
catawba_34,932,2216,25,1,10
catawba_35,575,827,27,0,2
catawba_36,510,1009,12,0,1
catawba_37,689,819,23,0,5
catawba_38,645,1320,20,1,2
catawba_39,411,1161,14,0,2
catawba_40,468,551,16,0,6
catawba_41,495,1509,17,0,4
catawba_CURBSIDE,325,422,0,0,1
chatham_3,167,444,12,0,0
chatham_6,64,366,3,0,0
chatham_9,144,347,4,0,1
chatham_15,249,186,8,0,1
chatham_18,237,534,10,0,2
chatham_20,247,435,6,0,3
chatham_21,228,270,15,0,0
chatham_24,63,324,1,0,1
chatham_30,146,237,6,0,2
chatham_42,196,317,4,0,3
chatham_45,133,222,6,0,1
chatham_73,336,126,1,0,0
chatham_75,331,455,11,0,3
chatham_78,289,271,11,0,0
chatham_85,195,254,12,0,2
chatham_ESC114,333,318,10,0,0
chatham_MCH110,405,255,23,0,6
chatham_NWM117,254,234,14,0,1
chatham_PIT113,492,452,26,0,7
cherokee_ANNW,275,630,10,0,1
cherokee_ANSW,292,755,16,0,2
cherokee_BELL,187,494,3,0,3
cherokee_BRAS,146,376,5,0,1
cherokee_CSON,113,372,9,0,3
cherokee_GCRK,46,226,2,0,2
cherokee_HANG,80,425,5,0,1
cherokee_HIWA,289,871,8,0,0
cherokee_HOTH,194,573,6,0,1
cherokee_MARB,204,653,22,0,4
cherokee_MURN,421,844,10,1,7
cherokee_MURS,404,944,15,5,7
cherokee_PCHT,348,982,23,0,6
cherokee_RGER,242,660,12,0,8
cherokee_TOPT,64,227,7,0,1
cherokee_UNKA,73,246,3,0,2
chowan_1,273,105,0,0,2
chowan_2,254,232,6,0,1
chowan_3,120,373,10,2,1
chowan_4,115,174,3,0,0
chowan_5,102,226,4,0,1
chowan_6,146,208,4,0,0
clay_BRAS,185,375,9,0,2
clay_HAY1,224,556,5,0,3
clay_HAY2,292,619,11,0,3
clay_HAYC,78,186,2,0,1
clay_HIAW,226,656,10,0,4
clay_SHCR,159,617,13,0,1
clay_SWEE,140,319,7,0,3
clay_TUSQ,127,325,3,0,0
clay_WARN,148,320,7,0,6
cleveland_B SPGS,792,1813,31,1,8
cleveland_BETHWR,320,812,14,0,1
cleveland_CASAR,108,744,18,0,4
cleveland_FALSTN,191,832,15,0,4
cleveland_GROVER,613,1311,22,2,3
cleveland_H SPGS,125,319,3,0,2
cleveland_KINGST,486,222,4,0,1
cleveland_KM N,1229,1745,20,1,5
cleveland_KM S,1119,1618,23,0,6
cleveland_LATT,414,1296,15,1,4
cleveland_LAWNDL,652,557,12,1,2
cleveland_MRB-YO,241,715,7,0,4
cleveland_MULLS,289,925,19,0,4
cleveland_OAKGRV,518,1565,14,0,3
cleveland_POLKVL,368,1095,15,0,1
cleveland_RIPPY,881,1400,19,2,10
cleveland_S 1,893,469,5,0,1
cleveland_S 2,995,1252,22,0,5
cleveland_S 3,726,448,6,2,4
cleveland_S 4,1071,614,8,0,1
cleveland_S 5,901,862,11,0,5
cleveland_S 6,1102,877,12,0,2
cleveland_S 7,857,1033,15,2,8
cleveland_S 8,768,788,9,0,3
cleveland_SHANGI,602,1216,22,1,0
cleveland_WACO,801,1265,15,0,5
columbus_P01A,237,346,7,0,6
columbus_P02A,192,104,5,0,2
columbus_P03,89,200,4,0,0
columbus_P04,76,99,1,0,1
columbus_P05,56,135,4,0,0
columbus_P06,98,229,2,0,1
columbus_P07,370,375,7,0,5
columbus_P08,27,160,2,0,1
columbus_P09,213,185,0,0,0
columbus_P10,53,256,3,0,0
columbus_P11,60,287,3,0,3
columbus_P12,34,108,1,0,0
columbus_P13,55,232,2,0,3
columbus_P14,293,449,9,0,0
columbus_P15,247,430,10,0,0
columbus_P16A,236,361,8,0,5
columbus_P17,234,135,0,0,1
columbus_P18,81,126,4,0,1
columbus_P19,206,301,3,0,3
columbus_P20,117,88,0,0,0
columbus_P21,74,250,3,0,1
columbus_P22,178,418,9,0,1
columbus_P23,193,263,4,0,3
columbus_P24,99,657,5,0,0
columbus_P25A,79,449,8,0,2
columbus_P26A,403,523,9,0,3
craven_03,230,753,11,0,3
craven_04,160,214,0,0,1
craven_05,266,549,9,0,4
craven_06,123,145,5,0,1
craven_07,228,302,3,0,0
craven_08,80,99,3,0,0
craven_09,108,116,0,0,0
craven_10,101,146,3,0,0
craven_11,207,634,6,0,4
craven_12,34,201,1,0,0
craven_13,48,183,2,0,1
craven_14,143,257,6,0,2
craven_15,83,119,2,0,0
craven_16,264,646,15,0,2
craven_17,107,386,13,0,3
craven_18,307,434,26,0,5
craven_19,285,227,7,0,1
craven_20,277,609,5,0,2
craven_21,182,585,9,0,0
craven_22,217,457,13,0,2
craven_23,241,539,10,0,1
craven_N1,245,140,7,0,5
craven_N2,366,147,1,0,4
craven_N3,224,273,12,0,2
craven_N4,467,395,18,0,3
craven_N5,271,181,8,0,1
craven_N6,318,533,12,0,5
cumberland_AL51,938,1730,19,0,8
cumberland_AH49,1394,568,11,0,4
cumberland_G5A-1,1238,438,7,0,5
cumberland_G5A-2,828,569,6,0,6
cumberland_G6B,251,562,4,0,2
cumberland_G7A,270,596,11,0,0
cumberland_G5C,1014,489,11,0,4
cumberland_G6C,613,718,12,0,5
cumberland_CL57-1,1406,471,13,0,0
cumberland_CL57-2,1388,365,8,0,3
cumberland_CC01,1202,127,8,0,0
cumberland_G1A,1032,371,9,0,3
cumberland_CC03,485,140,3,0,1
cumberland_CC04,356,341,13,0,0
cumberland_CC05,1233,110,9,0,0
cumberland_CC06,361,406,9,0,0
cumberland_CC07,271,475,8,0,1
cumberland_CC08,298,646,6,0,0
cumberland_G2A,1757,878,12,0,7
cumberland_CC10,459,299,9,0,1
cumberland_G3B,387,268,3,0,3
cumberland_CC12,265,919,13,0,1
cumberland_CC13,1647,41,3,0,0
cumberland_CC14,684,1133,13,0,2
cumberland_CC15,651,1051,11,0,3
cumberland_CC16,1456,22,5,0,1
cumberland_CC17,1531,158,5,0,1
cumberland_CC18,358,721,8,0,2
cumberland_CC19,631,8,2,0,0
cumberland_G4B,546,635,11,0,1
cumberland_CC21,1592,537,10,0,6
cumberland_G2B,1686,941,14,1,6
cumberland_G2C-1,862,645,22,0,4
cumberland_G2C-2,812,805,21,0,3
cumberland_CC24,436,340,7,0,3
cumberland_CC25,639,443,15,0,5
cumberland_CC26,1520,476,13,0,4
cumberland_CC27,1676,429,11,0,5
cumberland_G5B-1,1699,182,4,0,4
cumberland_G5B-2,1237,282,9,0,2
cumberland_CC29,964,396,9,0,5
cumberland_G4A,557,451,5,0,2
cumberland_CC31,761,481,18,0,2
cumberland_CC32,692,126,5,0,0
cumberland_CC33,945,555,13,0,5
cumberland_CC34,523,821,5,0,1
cumberland_G8B,633,617,6,0,2
cumberland_CU02,722,556,13,0,2
cumberland_G8C,907,521,16,0,3
cumberland_G8A,1268,708,21,0,3
cumberland_EO61-1,615,1244,9,0,2
cumberland_EO61-2,544,741,8,0,2
cumberland_G8D,844,937,35,0,4
cumberland_G9B-1,1142,1075,14,0,8
cumberland_G9B-2,1050,1039,13,0,2
cumberland_G9A,794,894,15,0,6
cumberland_G10B,816,735,14,0,5
cumberland_G1B,1064,1474,11,0,4
cumberland_LR63,1845,528,14,0,3
cumberland_LI65,727,1267,22,0,8
cumberland_G2D,1212,1162,16,0,6
cumberland_G11B,954,654,23,0,4
cumberland_MB62,1213,290,4,1,4
cumberland_MR02,1128,506,14,0,2
cumberland_G3A-1,1476,592,18,0,3
cumberland_G3A-2,789,558,13,0,3
cumberland_G3C,386,449,6,3,0
cumberland_G4C,752,274,10,0,1
cumberland_SH77,607,892,9,0,2
cumberland_G11A-1,1234,313,12,0,11
cumberland_G11A-2,1155,308,13,0,0
cumberland_G6A,706,1728,23,0,2
cumberland_G10C,624,1170,8,0,4
cumberland_G10A,1168,1527,17,0,8
cumberland_G7B,210,578,7,0,0
cumberland_G2E-1,1101,206,6,0,4
cumberland_G2E-2,1599,233,13,0,2
currituck_CB,50,62,0,0,0
currituck_CH,316,831,37,0,2
currituck_CI,47,99,3,0,1
currituck_CJ,118,158,6,0,2
currituck_GW,46,128,7,0,0
currituck_IR,109,317,9,2,2
currituck_KI,159,396,17,0,2
currituck_MY,497,1455,35,1,8
currituck_PB,505,921,35,0,7
currituck_PP,266,463,18,0,2
currituck_WH,116,194,2,0,1
dare_AVON,191,227,5,0,0
dare_BUX,265,418,8,0,0
dare_CHCA,161,136,20,0,0
dare_COL,854,1025,21,0,0
dare_DUCK,140,158,1,0,0
dare_EL,13,32,1,0,0
dare_FRCO,158,274,6,0,0
dare_HAT,104,219,6,0,0
dare_KDH,1317,1509,67,0,0
dare_KTHK,744,1021,16,0,0
dare_MATO,1325,1575,30,0,0
dare_MH,106,235,5,0,0
dare_NGHD,648,864,17,0,0
dare_SOSH,817,1350,26,0,0
dare_STPT,28,71,2,0,0
dare_WAN,178,496,10,0,0
dare_CURBSIDE,0,0,0,0,0
dare_ACCUMULATED,0,0,0,5,71
davidson_04,816,2491,28,0,5
davidson_06,366,1195,22,0,7
davidson_08,236,474,10,0,0
davidson_10,464,1023,24,0,2
davidson_12,157,383,12,0,2
davidson_14,170,853,15,0,1
davidson_16,358,1548,19,0,3
davidson_18,230,888,13,0,1
davidson_20,345,1292,14,0,4
davidson_22,138,405,9,0,2
davidson_24,229,528,10,0,2
davidson_26,162,376,5,0,4
davidson_28,451,1042,19,0,2
davidson_30,1171,168,7,0,1
davidson_32,429,264,6,0,2
davidson_34,565,445,13,0,2
davidson_36,469,290,4,0,4
davidson_38,630,109,4,0,0
davidson_40,659,630,16,0,3
davidson_42,196,1189,10,0,6
davidson_44,762,1931,22,0,5
davidson_46,379,1250,14,0,5
davidson_48,340,1186,19,0,2
davidson_50,385,1568,18,0,4
davidson_52,621,1978,31,0,4
davidson_54,137,852,12,0,0
davidson_56,136,600,15,0,3
davidson_58,493,1207,24,0,0
davidson_60,913,1651,28,0,6
davidson_62,673,247,13,0,0
davidson_64,914,190,5,0,0
davidson_66,444,557,7,0,5
davidson_68,565,677,8,0,3
davidson_70,296,1221,17,0,3
davidson_72,285,1324,18,0,1
davidson_74,440,1859,30,0,3
davidson_76,393,1624,24,0,9
davidson_78,487,1462,26,0,9
davidson_80A,506,2336,36,0,12
davidson_82,398,1223,25,0,3
davidson_84,686,2103,31,0,3
davidson_86A,691,1316,23,0,6
davidson_88,327,1206,14,0,3
davidson_CURBSIDE,231,242,4,0,0
davie_01,202,509,5,0,2
davie_02,188,483,12,0,0
davie_03,403,1234,23,0,4
davie_04,389,683,18,1,1
davie_05,333,1320,10,0,3
davie_06,298,777,10,0,1
davie_07,347,767,14,0,6
davie_08,651,659,13,0,3
davie_09,501,903,8,0,5
davie_10,385,1159,15,2,4
davie_11,207,887,9,0,5
davie_12,594,1853,20,1,3
davie_13,486,1495,18,0,1
davie_14,402,975,14,0,1
davie_CURBSIDE,83,156,2,0,0
duplin_ALBE,93,464,5,0,2
duplin_BEUL,187,692,15,0,0
duplin_CALY,118,342,1,0,1
duplin_CFRK,38,304,1,0,0
duplin_CHAR,318,152,1,0,0
duplin_CHIN,91,297,3,0,1
duplin_CYCK,131,521,2,0,0
duplin_FAIS,230,332,5,0,2
duplin_GLIS,56,260,11,0,0
duplin_HALL,161,263,3,0,3
duplin_KENA,292,274,5,0,0
duplin_LOCK,45,172,1,0,1
duplin_MAGN,247,172,3,0,0
duplin_ROCK,161,214,1,0,1
duplin_ROSE,281,367,0,0,0
duplin_SMCA,87,324,7,0,2
duplin_WALL,636,751,5,0,1
duplin_WARS,556,310,1,0,0
duplin_WOLF,130,509,3,0,0
durham_01,248,37,3,0,1
durham_02,440,76,10,0,3
durham_03,370,81,9,0,2
durham_04,370,105,10,0,4
durham_05,389,80,7,2,3
durham_06,295,65,7,0,4
durham_07,263,58,10,0,1
durham_08,422,34,8,0,1
durham_09,474,120,5,0,3
durham_10,259,4,1,0,1
durham_12,178,7,0,0,0
durham_13,326,6,0,0,0
durham_14,413,37,3,0,2
durham_15,326,36,1,0,1
durham_16,381,171,10,1,5
durham_17,587,19,2,0,2
durham_18,478,20,2,0,0
durham_19,568,95,5,0,3
durham_20,351,46,12,0,2
durham_21,415,105,9,0,2
durham_22,991,77,7,0,0
durham_23,842,171,7,0,9
durham_24,483,387,7,0,2
durham_25,194,331,8,0,4
durham_26,160,344,5,0,2
durham_27,363,218,13,0,2
durham_28,333,673,19,0,4
durham_29,532,407,10,0,3
durham_30-1,588,328,15,1,2
durham_30-2,744,167,15,0,4
durham_31,498,439,19,0,3
durham_32,195,300,14,0,3
durham_33,737,297,32,0,3
durham_34-1,435,122,21,0,6
durham_34-2,730,139,16,0,2
durham_35.3,904,470,39,0,5
durham_36,438,151,18,0,4
durham_37,571,513,25,0,2
durham_38,656,239,22,1,7
durham_39,480,398,13,0,2
durham_40,379,73,11,0,2
durham_41,374,9,0,0,3
durham_42,288,5,0,1,1
durham_43,863,548,25,0,2
durham_44,415,471,25,1,8
durham_45,471,502,27,0,3
durham_46,510,167,12,1,7
durham_47,409,8,0,0,0
durham_48,353,158,9,0,3
durham_50,609,423,22,0,10
durham_51,677,328,27,0,7
durham_52,550,85,7,0,7
durham_53-1,394,260,15,0,5
durham_53-2,538,372,18,0,1
durham_54,772,272,31,0,7
durham_55-11,412,8,2,0,2
durham_55-49,322,4,4,0,2
edgecombe_0101,406,45,4,0,0
edgecombe_0102,322,356,5,0,3
edgecombe_0103,226,405,4,0,2
edgecombe_0104,264,295,3,0,0
edgecombe_0201,207,228,4,0,0
edgecombe_0301,81,95,0,0,0
edgecombe_0401,127,94,2,0,0
edgecombe_0501,131,122,2,0,0
edgecombe_0601,234,102,0,0,1
edgecombe_0701,234,105,1,0,0
edgecombe_0801,119,249,1,0,0
edgecombe_0901,108,303,4,0,2
edgecombe_1001,213,227,1,0,1
edgecombe_1101,104,228,6,0,0
edgecombe_1201,656,23,0,0,2
edgecombe_1202,375,9,0,0,0
edgecombe_1203,312,455,10,0,1
edgecombe_1204,311,16,0,0,0
edgecombe_1205,282,1,1,0,0
edgecombe_1301,120,305,4,0,1
edgecombe_1401,74,321,3,0,1
forsyth_011,1239,2005,39,0,0
forsyth_012,439,1403,27,0,0
forsyth_013,1074,1691,26,0,0
forsyth_014,437,1068,24,0,0
forsyth_015,412,927,14,0,0
forsyth_021,598,1907,20,0,0
forsyth_031,612,836,14,0,0
forsyth_032,634,1151,18,0,0
forsyth_033,969,702,17,0,0
forsyth_034,540,932,15,0,0
forsyth_042,1007,1053,17,0,0
forsyth_043,880,930,13,0,0
forsyth_051,676,1284,28,0,0
forsyth_052,335,607,14,0,0
forsyth_053,486,1075,17,0,0
forsyth_054,715,1345,16,0,0
forsyth_055,802,1540,18,0,0
forsyth_061,617,857,18,0,0
forsyth_062,514,940,17,0,0
forsyth_063,870,1941,25,0,0
forsyth_064,324,498,6,0,0
forsyth_065,891,1868,24,0,0
forsyth_066,472,1082,23,0,0
forsyth_067,531,735,23,0,0
forsyth_068,588,1247,23,0,0
forsyth_071,926,1741,28,0,0
forsyth_072,1371,2467,34,0,0
forsyth_073,621,1604,21,0,0
forsyth_074,959,1188,23,0,0
forsyth_075,139,358,3,0,0
forsyth_081,1362,832,28,0,0
forsyth_082,1738,1294,21,0,0
forsyth_083,1133,494,13,0,0
forsyth_091,458,1049,11,0,0
forsyth_092,332,943,19,0,0
forsyth_101,889,796,11,0,0
forsyth_111,334,924,15,0,0
forsyth_112,790,1276,25,0,0
forsyth_122,1953,1611,30,0,0
forsyth_123,908,1062,18,0,0
forsyth_131,913,1416,30,0,0
forsyth_132,992,1628,25,0,0
forsyth_133,1311,2617,51,0,0
forsyth_201,2460,409,20,0,0
forsyth_203,1222,17,1,0,0
forsyth_204,1030,74,7,0,0
forsyth_205,610,2,1,0,0
forsyth_206,1160,109,4,0,0
forsyth_207,1246,263,6,0,0
forsyth_301,754,5,3,0,0
forsyth_302,810,23,1,0,0
forsyth_303,616,2,1,0,0
forsyth_304,1662,21,4,0,0
forsyth_305,1105,14,0,0,0
forsyth_306,994,124,7,0,0
forsyth_401,1244,73,1,0,0
forsyth_402,1163,4,0,0,0
forsyth_403,1217,41,1,0,0
forsyth_404,1373,138,8,0,0
forsyth_405,1940,13,5,0,0
forsyth_501,1448,104,2,0,0
forsyth_502,1063,31,2,0,0
forsyth_503,883,125,14,0,0
forsyth_504,834,108,3,0,0
forsyth_505,986,224,9,0,0
forsyth_506,635,439,12,0,0
forsyth_507,2154,1274,27,0,0
forsyth_601,927,333,14,0,0
forsyth_602,1778,1120,34,0,0
forsyth_603,1068,305,28,0,0
forsyth_604,772,237,13,0,0
forsyth_605,1760,796,16,0,0
forsyth_606,765,424,14,0,0
forsyth_607,991,739,12,0,0
forsyth_701,481,589,8,0,0
forsyth_702,762,444,16,0,0
forsyth_703,553,337,12,0,0
forsyth_704,808,508,19,0,0
forsyth_705,938,525,15,0,0
forsyth_706,554,379,12,0,0
forsyth_707,565,435,11,0,0
forsyth_708,1525,1273,22,0,0
forsyth_709,1044,830,19,0,0
forsyth_801,527,486,10,0,0
forsyth_802,474,778,2,0,0
forsyth_803,428,991,10,0,0
forsyth_804,428,589,12,0,0
forsyth_805,765,1117,17,0,0
forsyth_806,553,902,8,0,0
forsyth_807,640,836,13,0,0
forsyth_808,1446,778,19,0,0
forsyth_809,881,1250,14,0,0
forsyth_901,757,595,19,0,0
forsyth_902,847,236,23,0,0
forsyth_903,1340,979,20,0,0
forsyth_904,1276,346,16,0,0
forsyth_905,905,531,17,0,0
forsyth_906,1172,1082,16,0,0
forsyth_907,786,627,20,0,0
forsyth_908,895,1318,16,0,0
forsyth_909,512,492,11,0,0
forsyth_ACCUMULATED,0,0,0,5,404
franklin_01,1010,433,7,0,5
franklin_02,627,403,12,0,1
franklin_03,1115,974,22,1,2
franklin_05,584,840,21,0,6
franklin_06,696,478,8,0,1
franklin_07,313,760,10,0,2
franklin_08,789,1042,12,0,11
franklin_09,451,643,6,2,4
franklin_10,285,444,4,0,2
franklin_11,780,421,7,0,2
franklin_12,454,434,3,0,6
franklin_13,436,822,12,0,3
franklin_14,984,1626,34,3,7
franklin_15,1400,565,12,0,2
franklin_16,927,564,11,0,4
franklin_17,795,1391,26,0,4
franklin_18,649,1108,28,0,7
franklin_19,1141,1655,33,0,7
gaston_01,141,151,9,0,0
gaston_02,331,198,6,0,0
gaston_03,239,151,4,0,0
gaston_04,345,627,18,0,0
gaston_05,345,141,6,0,0
gaston_06,279,84,5,0,0
gaston_07,232,5,0,0,0
gaston_08,209,131,7,0,0
gaston_09,179,187,8,0,0
gaston_10,243,269,15,0,0
gaston_11,170,139,1,0,0
gaston_12,202,358,12,0,0
gaston_13,264,460,10,0,0
gaston_14,118,198,3,0,0
gaston_15,346,612,15,0,0
gaston_16,181,499,3,0,0
gaston_17,236,425,12,0,0
gaston_18,442,579,18,0,0
gaston_19,334,606,13,0,0
gaston_20,194,528,15,0,0
gaston_21,221,310,6,0,0
gaston_22,234,644,15,0,0
gaston_23,297,486,10,0,0
gaston_24,299,386,21,0,0
gaston_25,174,379,10,0,0
gaston_26,218,401,10,0,0
gaston_27,291,719,14,0,0
gaston_28,246,523,9,0,0
gaston_29,213,675,14,0,0
gaston_30,180,404,6,0,0
gaston_31,176,563,12,0,0
gaston_32,222,529,16,0,0
gaston_33,68,283,7,0,0
gaston_34,133,459,12,0,0
gaston_35,180,429,6,0,0
gaston_36,255,820,9,0,0
gaston_37,190,475,5,0,0
gaston_38,135,399,8,0,0
gaston_39,137,674,21,0,0
gaston_40,232,403,9,0,0
gaston_41,140,350,12,0,0
gaston_42,177,491,11,0,0
gaston_43,250,569,21,0,0
gaston_44,321,640,13,0,0
gaston_45,221,329,14,0,0
gaston_46,254,552,13,0,0
gaston_ACCUMULATED,0,0,0,11,236
gates_1,196,230,3,0,2
gates_2,128,301,4,0,0
gates_3,346,355,4,0,1
gates_4N,238,386,10,0,2
gates_4S,233,158,3,0,1
gates_5,180,298,3,0,2
graham_EAST,488,1048,14,0,10
graham_STEC,180,545,12,0,2
graham_TAPO,50,274,2,0,0
graham_WEST,401,883,25,0,13
granville_ANTI,662,240,3,0,0
granville_BERE,563,581,7,0,0
granville_BTNR,1190,802,13,0,4
granville_CORI,796,807,10,1,3
granville_CRDL,933,449,8,0,5
granville_CRDM,1588,1480,24,1,4
granville_EAOX,1117,499,8,1,3
granville_MTEN,1165,1531,38,1,8
granville_OKHL,521,400,7,0,0
granville_SALM,628,684,3,0,0
granville_SASS,639,656,10,0,1
granville_SOOX,966,218,5,0,0
granville_TYHO,941,1657,27,2,12
granville_WILT,1102,2108,39,11,7
granville_WOEL,787,293,6,0,0
greene_ARBA,134,168,1,0,0
greene_BEAR,73,148,1,0,0
greene_BULL,133,133,4,0,0
greene_CAST,95,245,3,0,0
greene_HOOK,68,193,2,0,0
greene_MAUR,174,304,2,0,1
greene_SH#1,114,193,0,0,0
greene_SHIN,112,315,4,0,0
greene_SUGG,74,187,1,0,0
greene_WALS,178,252,2,0,1
guilford_CG1,989,859,14,0,6
guilford_CG2,677,841,16,0,2
guilford_CG3A,646,744,13,0,1
guilford_CG3B,904,1048,17,0,5
guilford_FEN1,1989,765,13,0,7
guilford_FEN2,460,1027,14,0,0
guilford_FR1,1534,952,22,0,4
guilford_FR2,745,1009,24,0,1
guilford_FR3,547,684,10,0,1
guilford_FR4,411,725,5,0,3
guilford_FR5A,636,838,21,0,4
guilford_FR5B,381,672,18,0,9
guilford_G01,875,69,10,0,6
guilford_G02,532,218,5,0,1
guilford_G03,1465,70,3,0,2
guilford_G04,1385,61,0,0,1
guilford_G05,1209,12,4,0,1
guilford_G06,1198,27,1,0,0
guilford_G07,1043,325,7,0,1
guilford_G08,1309,357,14,0,1
guilford_G09,1667,291,8,0,4
guilford_G10,1676,369,17,0,2
guilford_G11,788,275,26,0,6
guilford_G12,648,174,10,0,1
guilford_G13,733,365,16,0,2
guilford_G14,638,318,14,0,6
guilford_G15,681,388,17,0,7
guilford_G16,596,645,5,0,5
guilford_G17,655,689,14,1,12
guilford_G18,363,663,8,0,3
guilford_G19,501,669,9,0,4
guilford_G20,850,1051,23,0,6
guilford_G21,1309,1221,15,0,3
guilford_G22,516,903,12,0,2
guilford_G23,588,438,20,0,1
guilford_G24,581,301,16,0,1
guilford_G25,806,608,13,0,4
guilford_G26,1506,593,18,0,7
guilford_G27,1122,1229,28,0,6
guilford_G28,593,396,13,0,2
guilford_G29,746,485,24,0,8
guilford_G30,561,775,14,2,7
guilford_G31,532,599,18,0,5
guilford_G32,920,1138,21,0,3
guilford_G33,593,837,9,0,1
guilford_G34,679,815,14,0,3
guilford_G35,520,481,13,0,1
guilford_G36,799,613,10,0,5
guilford_G37,1337,458,18,0,7
guilford_G38,1057,748,12,0,1
guilford_G39,789,489,10,1,2
guilford_G40A1,604,622,17,0,2
guilford_G40A2,498,462,7,0,3
guilford_G40B,517,653,5,0,2
guilford_G41A,624,500,8,2,2
guilford_G41B,549,759,12,0,3
guilford_G42A,723,850,12,0,5
guilford_G42B,255,202,2,0,1
guilford_G43,1426,560,27,0,7
guilford_G44,1198,256,41,0,6
guilford_G45,1937,342,38,0,11
guilford_G46,1910,33,5,0,2
guilford_G47,1143,258,23,0,5
guilford_G48,1634,540,46,0,11
guilford_G49,643,135,7,0,4
guilford_G50,1712,363,8,0,3
guilford_G51,886,394,11,0,5
guilford_G52,1436,126,8,0,2
guilford_G53,1978,126,9,0,2
guilford_G54,1675,146,10,0,1
guilford_G55,1492,227,13,0,5
guilford_G56,963,274,6,0,3
guilford_G57,1145,270,9,0,6
guilford_G58,1103,228,8,0,3
guilford_G59,852,235,6,0,1
guilford_G60,956,325,13,0,4
guilford_G61,1190,286,8,0,1
guilford_G62,636,382,10,0,4
guilford_G63,759,491,7,0,3
guilford_G64,1436,420,14,0,4
guilford_G65,1099,668,20,0,5
guilford_G66,931,886,21,0,4
guilford_G67,1270,5,3,0,0
guilford_G68,1904,8,2,1,1
guilford_G69,1734,107,7,0,1
guilford_G70,1956,9,3,1,3
guilford_G71,1758,13,2,0,2
guilford_G72,1726,61,7,0,2
guilford_G73,1263,12,1,0,0
guilford_G74,1784,17,3,0,2
guilford_G75,1239,68,1,0,1
guilford_GIB,799,877,12,0,2
guilford_GR,353,1345,21,0,3
guilford_H01,754,344,8,0,4
guilford_H02,473,604,9,0,1
guilford_H03,843,205,8,0,1
guilford_H04,972,571,17,0,4
guilford_H05,1275,200,5,0,1
guilford_H06,1175,799,13,0,3
guilford_H07,992,71,0,0,0
guilford_H08,762,34,2,0,0
guilford_H09,1312,21,2,0,0
guilford_H10,1420,126,2,0,1
guilford_H11,1149,180,9,0,2
guilford_H12,680,274,11,0,4
guilford_H13,518,838,8,0,2
guilford_H14,263,876,8,0,2
guilford_H15,666,658,14,0,0
guilford_H16,392,525,12,0,2
guilford_H17,604,258,6,0,3
guilford_H18,1050,284,13,0,3
guilford_H19A,855,121,0,0,0
guilford_H19B,289,346,3,0,0
guilford_H20A,463,472,11,0,8
guilford_H20B,331,529,5,0,2
guilford_H21,418,636,17,0,2
guilford_H22,419,443,4,0,4
guilford_H23,373,712,22,0,5
guilford_H24,686,1031,16,1,4
guilford_H25,950,1734,21,0,4
guilford_H26,631,835,17,0,5
guilford_H27-A,774,991,21,0,7
guilford_H27-B,467,688,8,0,2
guilford_H28,1123,926,9,0,8
guilford_H29A,805,601,10,0,1
guilford_H29B,911,612,15,0,3
guilford_JAM1,796,1279,24,0,9
guilford_JAM2,577,781,9,0,4
guilford_JAM3,586,885,9,2,5
guilford_JAM4,477,1200,7,0,7
guilford_JAM5,212,793,10,0,4
guilford_JEF1,729,1110,15,0,3
guilford_JEF2,992,649,18,2,3
guilford_JEF3,2299,421,14,0,8
guilford_JEF4,587,724,14,3,4
guilford_MON1,1017,629,9,0,6
guilford_MON2A,1528,575,8,1,4
guilford_MON2B,769,457,7,0,4
guilford_MON3,963,1818,24,0,4
guilford_NCGR1,712,1638,22,0,3
guilford_NCGR2,418,1066,8,0,6
guilford_NCLAY1,683,1222,8,0,3
guilford_NCLAY2,297,803,5,0,3
guilford_NDRI,296,1288,12,0,2
guilford_NMAD,625,827,14,0,3
guilford_NWASH,160,775,11,0,2
guilford_OR1,672,1845,15,0,4
guilford_OR2,553,1320,13,0,2
guilford_PG1,441,812,12,0,0
guilford_PG2,537,1505,20,0,5
guilford_RC1,1118,1098,20,1,4
guilford_RC2,1111,1462,33,0,6
guilford_SCLAY,323,1182,23,0,4
guilford_SDRI,902,2042,23,0,7
guilford_SF1,644,1663,17,0,2
guilford_SF2,332,912,15,0,3
guilford_SF3,852,1214,26,0,2
guilford_SF4,930,1682,34,1,12
guilford_SMAD,792,1075,18,0,4
guilford_STOK,701,2007,23,0,7
guilford_SUM1,1060,563,9,0,3
guilford_SUM2,778,475,7,0,2
guilford_SUM3,207,677,8,0,3
guilford_SUM4,276,1184,14,0,6
guilford_SWASH,142,509,5,0,3
guilford_CURBSIDE,280,112,1,0,0
halifax_BUTWD,68,82,4,0,0
halifax_CONC,104,31,1,0,0
halifax_ENF1,365,132,7,0,0
halifax_ENF 2,182,39,0,0,0
halifax_FAUCT,115,299,2,0,0
halifax_HAL,129,67,2,0,0
halifax_HPR,283,218,2,0,1
halifax_HOL,732,49,3,0,0
halifax_LIT 1,369,130,1,0,0
halifax_LIT 2,155,329,2,0,0
halifax_RINGW,299,45,0,0,0
halifax_RR1-2,124,254,7,0,5
halifax_RR 3,86,253,4,0,3
halifax_RR 4,84,282,3,0,0
halifax_RR 5,66,179,3,0,3
halifax_RR 6,63,206,2,0,2
halifax_RR 7,159,70,1,0,0
halifax_RR 8,83,176,2,0,2
halifax_RR 9,301,178,4,0,0
halifax_RR 10,212,504,7,0,2
halifax_RR 11,203,404,4,0,1
halifax_SN,863,364,7,0,0
halifax_WEL 1,219,50,4,0,0
halifax_WEL 2,103,81,0,0,0
halifax_WEL 3,303,134,3,0,0
harnett_PR01,731,1189,32,0,5
harnett_PR07,695,1270,38,0,5
harnett_PR08,658,1236,19,0,5
harnett_PR16,700,830,21,0,7
harnett_PR20,529,361,7,0,1
harnett_PR23,444,813,26,0,6
harnett_PR24,481,1274,22,0,5
harnett_PR25,680,678,6,0,1
harnett_PR26,343,861,8,0,3
harnett_PR28,491,1392,33,0,3
harnett_PR29,546,878,10,0,4
harnett_PR30,509,764,24,0,6
haywood_AC,581,667,16,2,5
haywood_BC,8,13,0,0,0
haywood_BE-1,316,498,6,2,2
haywood_BE-2,312,348,17,0,2
haywood_BE-3,461,726,12,3,4
haywood_BE-4,339,633,15,0,3
haywood_BE56,549,541,18,1,1
haywood_BE-7,240,521,8,0,3
haywood_CE,61,202,2,0,0
haywood_CL-N,571,752,17,0,9
haywood_CL-S,598,837,19,3,9
haywood_CR,431,547,19,3,4
haywood_EF,244,500,9,0,4
haywood_FC-1,197,263,6,0,1
haywood_FC-2,44,78,2,0,1
haywood_HA,299,241,9,0,6
haywood_ID,277,312,11,0,3
haywood_IH,897,1286,28,0,8
haywood_JC,831,1032,34,1,6
haywood_LJ,626,610,19,1,7
haywood_P,541,1157,14,1,5
haywood_PC,232,519,8,2,3
haywood_SA,598,729,18,0,1
haywood_WC,220,172,9,0,1
haywood_WE,514,507,11,0,5
haywood_WO,97,80,1,0,1
haywood_WS-1,685,730,21,1,1
haywood_WS-2,598,605,14,0,3
haywood_WW,466,527,24,0,3
henderson_AR,318,528,15,0,1
henderson_AT,636,1352,14,0,6
henderson_BC,226,311,4,0,2
henderson_BK,264,312,6,0,2
henderson_CB,231,510,10,0,1
henderson_CC,539,1188,20,0,5
henderson_CV,142,257,3,0,0
henderson_ED,428,927,16,1,2
henderson_EF,500,883,20,0,5
henderson_ES,459,778,16,0,9
henderson_EV,540,1130,12,0,3
henderson_FL,1026,1455,24,0,6
henderson_FR,756,1362,14,0,6
henderson_GM,261,535,13,1,1
henderson_GR,385,1158,23,0,5
henderson_HC,682,1328,19,0,6
henderson_HS,518,1013,7,0,4
henderson_HV-1,713,735,15,0,6
henderson_HV-2,698,528,16,0,12
henderson_HV-3,748,657,14,1,7
henderson_LJ,501,840,18,0,2
henderson_LP,528,661,10,0,2
henderson_MG,245,376,13,0,6
henderson_NB,592,1433,23,1,6
henderson_NE,443,580,17,0,8
henderson_NM,629,1163,25,0,0
henderson_NW,439,656,8,0,6
henderson_PR,520,906,21,0,4
henderson_PV,520,830,13,0,3
henderson_RG,446,957,12,0,3
henderson_RR,216,352,9,0,0
henderson_SB,414,1210,23,0,2
henderson_SE,244,450,14,0,3
henderson_SM,723,1525,23,0,1
henderson_SW,591,964,31,0,9
henderson_CURBSIDE,503,731,9,0,2
hertford_A1,315,232,3,0,0
hertford_A2,277,259,2,0,2
hertford_A3,298,20,2,0,1
hertford_BR,133,17,2,0,0
hertford_CM,108,108,4,0,1
hertford_CO,172,36,1,0,0
hertford_HV,215,152,4,0,3
hertford_M1,458,199,4,0,1
hertford_M2,220,81,3,0,0
hertford_ML,55,222,2,0,0
hertford_SJ,215,131,6,0,0
hertford_UN,133,137,3,0,0
hertford_WN,155,76,0,0,1
hoke_01,107,69,1,0,0
hoke_02,800,324,7,0,0
hoke_03,433,147,7,0,2
hoke_04,303,329,12,0,1
hoke_05,501,467,11,0,2
hoke_06A,1679,1439,32,0,4
hoke_12,888,1239,22,0,4
hoke_13,333,472,3,0,0
hoke_14,1251,793,16,0,3
hoke_61,740,349,18,0,1
hoke_62,339,263,13,0,2
hoke_63,1413,460,14,0,2
hoke_64,673,461,10,0,6
hoke_65,616,7,1,0,0
hoke_ACCUMULATED,0,0,0,0,0
hyde_BM,14,140,0,0,0
hyde_ENG,180,142,1,0,3
hyde_FF,79,115,0,0,0
hyde_LL,150,89,3,0,0
hyde_OCK,193,94,6,0,1
hyde_SLAD,67,118,3,0,0
hyde_SQ,73,158,1,0,0
iredell_BA,890,1889,49,0,21
iredell_BE,976,2590,39,0,11
iredell_CC1,1390,2314,53,0,7
iredell_CC2,1696,1975,39,0,12
iredell_CC3,1833,3130,64,0,11
iredell_CC4,1241,2615,45,0,11
iredell_CD,806,2263,37,0,11
iredell_CH-A,731,1041,12,0,4
iredell_CH-B,578,1108,20,0,3
iredell_CS,586,1168,14,0,9
iredell_DV1-A,1169,3099,38,0,11
iredell_DV1-B,1497,4503,35,0,14
iredell_DV2-A,702,2230,20,0,10
iredell_DV2-B,798,1919,15,0,9
iredell_EM,175,594,5,0,0
iredell_FT,1401,3363,55,0,13
iredell_NH,163,646,16,0,8
iredell_OL,186,710,11,0,1
iredell_SB,246,1003,14,0,5
iredell_SH-A,528,1534,21,0,13
iredell_SH-B,482,1571,27,0,9
iredell_ST1,1106,1551,24,0,8
iredell_ST2,932,995,11,0,4
iredell_ST3,1457,781,14,0,5
iredell_ST4,958,1179,13,0,11
iredell_ST5,1199,957,16,0,6
iredell_ST6,1609,784,13,0,3
iredell_TB,559,979,17,0,7
iredell_UG,182,808,10,0,6
jackson_BCK,289,444,15,0,0
jackson_CAN,99,166,3,0,0
jackson_CAS,364,791,15,0,0
jackson_CFK,163,180,11,0,0
jackson_CUL,1883,1311,76,0,0
jackson_DIL,339,364,14,0,0
jackson_GCK,299,314,7,0,0
jackson_GLV,285,664,14,0,0
jackson_QUA,896,769,24,0,0
jackson_RIV,184,262,11,0,0
jackson_SAV,277,419,9,0,0
jackson_SCC,474,465,14,0,0
jackson_SNW,560,434,12,0,0
jackson_SSW,924,732,24,0,0
jackson_WEB,663,541,22,0,0
jackson_CURBSIDE,87,55,1,0,0
jackson_ACCUMULATED,0,0,0,2,69
johnston_PR04,152,382,0,0,3
johnston_PR07,267,932,10,0,1
johnston_PR08,145,734,13,0,3
johnston_PR09,275,609,13,0,4
johnston_PR10A,241,225,11,0,3
johnston_PR10B,134,278,7,0,1
johnston_PR11A,229,377,13,0,3
johnston_PR11B,369,539,21,0,5
johnston_PR12A,256,542,15,0,3
johnston_PR12B,276,511,17,0,2
johnston_PR13,194,605,16,0,5
johnston_PR14,162,738,9,0,5
johnston_PR19,199,551,2,0,1
johnston_PR20,406,786,9,0,4
johnston_PR21,183,754,3,0,5
johnston_PR22,323,882,9,0,1
johnston_PR23A,271,727,12,0,7
johnston_PR23B,284,768,21,0,4
johnston_PR24,369,274,6,0,0
johnston_PR25,323,366,8,0,0
johnston_PR26,275,185,6,0,2
johnston_PR27A,188,195,4,0,4
johnston_PR27B,219,349,13,0,5
johnston_PR28,298,595,21,0,0
johnston_PR29A,223,615,16,0,7
johnston_PR29B,418,874,21,0,6
johnston_PR30,340,553,10,0,3
johnston_PR31A,172,366,6,0,0
johnston_PR31B,352,789,23,0,2
johnston_PR32,276,641,14,0,5
johnston_PR33,295,1003,24,0,5
johnston_PR34,454,555,18,0,6
johnston_PR35,567,1426,24,0,4
johnston_PR36,361,955,18,0,1
johnston_PR37,394,1076,9,0,5
johnston_PR38,168,894,10,0,2
jones_P01,94,180,4,0,0
jones_P02,41,173,1,0,0
jones_P03,60,223,3,0,0
jones_P04,265,355,2,0,5
jones_P05,303,161,6,0,0
jones_P06,71,232,1,0,1
jones_P07,363,245,5,0,0
lee_A1,354,346,19,0,3
lee_A2,511,239,8,0,2
lee_B1,161,409,8,0,2
lee_B2,195,247,12,0,3
lee_C1,308,437,15,0,1
lee_C2,147,423,3,0,1
lee_D1,262,585,16,0,5
lee_D2,261,554,12,0,6
lee_E1,240,524,8,0,3
lee_E2,254,279,5,0,3
lee_ACCUMULATED,0,0,0,0,0
lenoir_C,768,799,11,0,1
lenoir_FC,745,2111,12,0,3
lenoir_I,339,755,12,0,1
lenoir_K1,635,9,1,0,0
lenoir_K2,732,19,0,0,0
lenoir_K3,679,215,1,0,0
lenoir_K4,774,1138,13,0,2
lenoir_K5,714,292,5,0,0
lenoir_K6,1299,155,2,0,1
lenoir_K7,1250,190,3,0,0
lenoir_K8,828,3,2,0,0
lenoir_K9,881,534,8,0,0
lenoir_MH,1428,1299,14,0,3
lenoir_N,743,1388,9,0,1
lenoir_PH1,64,349,2,0,0
lenoir_PH2,149,648,7,0,0
lenoir_SH,99,386,2,0,1
lenoir_SW,138,540,5,0,1
lenoir_T1,176,727,6,0,1
lenoir_T2,104,493,4,0,2
lenoir_V,850,686,7,0,4
lenoir_W,125,632,4,0,0
lenoir_CURBSIDE,0,0,0,0,0
lincoln_AS25,199,561,8,0,3
lincoln_BC13,161,222,11,0,0
lincoln_BS26,168,404,8,0,0
lincoln_CF19,100,322,7,0,0
lincoln_CR06,161,198,9,1,0
lincoln_DN29,181,544,12,0,2
lincoln_DV08,270,648,20,0,5
lincoln_DW28,153,449,2,0,2
lincoln_HG17,167,308,7,0,3
lincoln_HV07,261,600,18,0,1
lincoln_IS20,131,434,12,0,2
lincoln_IS23,215,546,13,0,1
lincoln_LI14,140,279,3,0,0
lincoln_LM16,151,329,6,0,0
lincoln_LN11,210,229,9,0,3
lincoln_LS12,199,190,9,0,3
lincoln_LS15,109,410,10,0,5
lincoln_LW18,93,256,4,0,1
lincoln_LW31,228,533,11,0,5
lincoln_NB03,73,303,6,0,0
lincoln_NB09,180,527,8,5,0
lincoln_OB21,133,576,12,0,2
lincoln_OG10,147,419,11,1,3
lincoln_PC22,217,679,8,0,4
lincoln_SL24,198,448,7,1,1
lincoln_TE27,107,339,3,0,2
lincoln_TR30,83,186,4,0,0
lincoln_WP32,293,769,5,0,2
macon_01,126,201,5,0,3
macon_02,95,187,4,0,1
macon_03,171,287,16,0,3
macon_04,99,245,5,0,2
macon_05,179,354,18,0,2
macon_06,125,246,10,0,4
macon_07,128,302,2,0,5
macon_08,33,137,1,0,0
macon_09,354,669,9,0,1
macon_10,52,151,5,0,0
macon_11,216,512,16,0,5
macon_12,191,339,10,0,6
macon_13,67,227,9,0,1
macon_14,76,186,6,0,2
macon_15,158,312,24,0,5
madison_BEECH,576,890,25,0,6
madison_EBBS C,215,385,8,0,8
madison_GRAPEV,253,361,18,0,2
madison_HOT SP,261,232,8,0,0
madison_LAUREL,233,277,7,0,0
madison_MARS H,977,1093,26,0,12
madison_NORTH,651,749,30,0,3
madison_REVERE,105,49,5,0,2
madison_SANDY,136,147,7,0,1
madison_SOUTH,303,281,17,0,2
madison_SPRING,241,187,11,0,5
madison_WALNUT,310,432,12,0,5
madison_CURBSIDE,39,33,0,0,0
martin_BG,137,634,11,0,1
martin_CR,148,278,3,0,0
martin_GN,260,183,5,0,0
martin_GR,121,420,1,0,1
martin_HM,211,172,0,0,0
martin_HS,110,72,0,0,0
martin_J,237,518,4,0,1
martin_PP,38,80,0,0,0
martin_R1,276,185,3,1,0
martin_R2,332,207,4,0,0
martin_W,110,295,4,0,1
martin_W1,308,398,2,0,2
martin_W2,385,354,6,0,1
mcdowell_CCREEK,487,1111,14,0,7
mcdowell_DYSART,386,829,18,0,6
mcdowell_FORT 1,319,537,12,0,4
mcdowell_FORT 2,267,430,7,0,2
mcdowell_GLENWD,278,766,13,0,7
mcdowell_HIGGIN,255,473,9,0,3
mcdowell_M.COVE,280,761,8,0,8
mcdowell_MAR 1,622,1121,19,0,4
mcdowell_MAR 2,552,417,13,0,3
mcdowell_MAR 3,204,315,10,0,0
mcdowell_MAR 4,216,327,8,0,1
mcdowell_MAR 5,181,350,3,0,2
mcdowell_N.COVE,152,361,5,0,4
mcdowell_NEBO,570,1181,33,0,7
mcdowell_PLEASA,420,1061,15,0,9
mcdowell_T.COVE,126,418,4,0,3
mcdowell_WEST M,716,1317,24,0,8
mecklenburg_1,463,597,5,0,4
mecklenburg_2,1162,577,21,0,5
mecklenburg_3,1529,103,5,0,1
mecklenburg_4,1173,337,13,1,2
mecklenburg_5,810,163,12,0,5
mecklenburg_6,1387,187,9,0,1
mecklenburg_7,774,330,15,0,3
mecklenburg_8,596,944,10,1,6
mecklenburg_9,1095,841,19,0,7
mecklenburg_10,958,785,29,0,7
mecklenburg_11,2544,1489,49,0,9
mecklenburg_12,1655,74,5,0,4
mecklenburg_13,1619,450,29,0,5
mecklenburg_14,1508,109,21,0,7
mecklenburg_15,1325,487,36,0,4
mecklenburg_16,2220,26,1,0,2
mecklenburg_17,1241,89,7,0,3
mecklenburg_18,375,834,7,0,0
mecklenburg_19,506,713,11,0,1
mecklenburg_20,842,798,8,0,3
mecklenburg_21,879,503,30,1,1
mecklenburg_22,2210,728,30,0,6
mecklenburg_23,1043,67,8,0,1
mecklenburg_24,1658,221,11,0,3
mecklenburg_25,1702,10,2,0,0
mecklenburg_26,2233,219,16,0,3
mecklenburg_27,1687,69,4,0,0
mecklenburg_28,1235,150,13,0,3
mecklenburg_29,993,331,21,1,2
mecklenburg_30,1257,323,22,0,8
mecklenburg_31,1739,30,0,0,0
mecklenburg_32,453,979,5,0,1
mecklenburg_33,968,269,19,0,3
mecklenburg_34,1117,410,27,0,7
mecklenburg_35,596,565,9,0,3
mecklenburg_36,822,941,16,0,5
mecklenburg_37,693,759,28,0,6
mecklenburg_38,843,414,31,0,6
mecklenburg_39,1459,44,2,0,2
mecklenburg_40,1658,141,13,0,2
mecklenburg_41,1504,113,5,0,3
mecklenburg_42,1915,50,3,1,2
mecklenburg_43,1849,164,12,0,7
mecklenburg_44,746,328,17,0,4
mecklenburg_45,797,297,5,0,2
mecklenburg_46,1355,379,21,0,8
mecklenburg_47,719,989,10,0,3
mecklenburg_48,403,937,3,0,0
mecklenburg_49,703,820,20,1,3
mecklenburg_50,745,489,21,0,4
mecklenburg_51,1000,821,29,0,5
mecklenburg_52,1880,51,3,0,2
mecklenburg_53,2088,156,14,0,4
mecklenburg_54,1822,24,8,1,1
mecklenburg_55,1147,5,3,0,0
mecklenburg_56,1061,14,2,0,0
mecklenburg_57,588,788,10,0,2
mecklenburg_58,597,479,27,0,5
mecklenburg_59,545,350,17,0,5
mecklenburg_60,1462,54,5,0,2
mecklenburg_61,1137,371,10,0,1
mecklenburg_62,1167,210,11,0,1
mecklenburg_63,1166,221,22,0,1
mecklenburg_64,585,230,5,0,2
mecklenburg_65,479,530,14,0,5
mecklenburg_66,569,478,21,0,2
mecklenburg_67,439,623,11,0,5
mecklenburg_68,799,401,9,0,3
mecklenburg_69,1118,1700,25,0,4
mecklenburg_70,561,955,10,0,3
mecklenburg_71,527,882,13,0,1
mecklenburg_72,447,626,7,0,0
mecklenburg_73,596,675,14,0,6
mecklenburg_74,617,1024,15,0,2
mecklenburg_75,769,1329,19,0,6
mecklenburg_76,884,1135,30,0,4
mecklenburg_77,1639,74,4,0,2
mecklenburg_078.1,914,236,13,0,3
mecklenburg_79,782,384,10,0,6
mecklenburg_80,1524,459,15,0,6
mecklenburg_81,2323,404,14,0,4
mecklenburg_82,2066,59,7,0,1
mecklenburg_83,1482,594,9,1,0
mecklenburg_84,1323,201,6,0,0
mecklenburg_85,995,702,21,1,3
mecklenburg_86,407,1040,6,0,3
mecklenburg_87,1022,775,31,0,10
mecklenburg_88,938,855,27,2,13
mecklenburg_89,2629,1246,33,0,11
mecklenburg_90,535,612,13,0,2
mecklenburg_91,1149,1893,15,1,7
mecklenburg_92,844,1111,21,0,2
mecklenburg_93,506,739,11,0,4
mecklenburg_94,987,349,14,0,1
mecklenburg_95,1077,213,12,0,4
mecklenburg_96,651,685,12,0,6
mecklenburg_97,858,196,9,0,1
mecklenburg_98,1641,157,10,0,2
mecklenburg_99,1236,143,12,0,3
mecklenburg_100,858,974,15,0,4
mecklenburg_101,663,923,17,0,4
mecklenburg_102,2108,743,35,2,10
mecklenburg_103,939,1372,20,2,5
mecklenburg_104,2048,126,4,0,3
mecklenburg_105,1916,394,25,0,2
mecklenburg_106,588,663,5,1,2
mecklenburg_107.1,1932,429,12,0,1
mecklenburg_108,1407,126,4,1,4
mecklenburg_109,1039,537,26,0,6
mecklenburg_110,385,573,10,0,1
mecklenburg_111,809,1045,16,0,5
mecklenburg_112,544,994,6,0,3
mecklenburg_113,874,1536,17,0,5
mecklenburg_114,820,1251,27,0,4
mecklenburg_115,799,338,12,0,1
mecklenburg_116,970,179,5,0,3
mecklenburg_117,1134,332,12,0,3
mecklenburg_118,917,1068,12,1,4
mecklenburg_119,443,577,9,0,4
mecklenburg_120,1449,182,11,0,3
mecklenburg_121,887,1830,25,0,3
mecklenburg_122,2114,1262,44,1,8
mecklenburg_123,1351,291,7,2,3
mecklenburg_124,1575,174,5,0,2
mecklenburg_125,685,196,8,0,4
mecklenburg_126,1749,286,12,0,8
mecklenburg_127,985,1815,26,0,2
mecklenburg_128,1219,777,16,0,2
mecklenburg_129,540,203,12,0,1
mecklenburg_130,838,277,14,0,4
mecklenburg_131,440,781,14,0,1
mecklenburg_132,850,306,11,0,4
mecklenburg_133,1136,1958,29,1,4
mecklenburg_134,1938,2072,46,2,13
mecklenburg_135,3687,557,24,1,13
mecklenburg_136,570,910,19,0,2
mecklenburg_137,1309,2438,25,0,3
mecklenburg_138,1390,353,10,0,5
mecklenburg_139.1,980,1376,20,0,0
mecklenburg_140,1504,2059,35,1,2
mecklenburg_141,1943,573,43,0,14
mecklenburg_142,1370,1981,30,0,3
mecklenburg_143,1452,2288,35,0,4
mecklenburg_144,971,1441,19,0,3
mecklenburg_145,3667,2497,56,1,7
mecklenburg_146,2441,408,21,0,3
mecklenburg_147,1991,359,23,0,6
mecklenburg_148,2869,3097,50,0,13
mecklenburg_149,2451,494,20,1,9
mecklenburg_150,1465,762,25,1,8
mecklenburg_151,1903,581,18,0,8
mecklenburg_200,551,491,9,0,5
mecklenburg_201,2684,1294,27,0,3
mecklenburg_202,2043,2457,57,0,8
mecklenburg_203,2673,774,26,0,13
mecklenburg_204.1,2664,534,14,0,8
mecklenburg_205,1312,722,18,0,7
mecklenburg_206,2075,1411,36,0,9
mecklenburg_207,1217,1969,40,0,6
mecklenburg_208,1028,2100,19,0,6
mecklenburg_209,1359,1724,23,2,3
mecklenburg_210,3886,332,15,1,5
mecklenburg_211,3675,1285,45,0,14
mecklenburg_212,4705,1250,66,1,20
mecklenburg_213,2584,256,16,0,7
mecklenburg_214,1606,634,29,2,7
mecklenburg_215,1007,1275,32,0,6
mecklenburg_216,1420,1483,29,2,16
mecklenburg_217,848,814,15,0,7
mecklenburg_218,648,1229,21,0,8
mecklenburg_219,548,933,14,0,6
mecklenburg_220,642,1273,19,0,4
mecklenburg_221,847,1903,26,0,7
mecklenburg_222,3154,938,20,2,4
mecklenburg_223.1,2618,1676,31,0,9
mecklenburg_224,952,695,10,0,3
mecklenburg_225,487,531,13,0,2
mecklenburg_226,1091,1295,21,0,3
mecklenburg_227,1672,1965,31,1,7
mecklenburg_228,1675,669,23,2,9
mecklenburg_229,2178,1948,39,0,15
mecklenburg_230,2654,1155,39,1,6
mecklenburg_231,1477,1073,32,0,6
mecklenburg_232,1496,1909,23,1,1
mecklenburg_233,917,1661,37,1,11
mecklenburg_234,1186,971,27,0,1
mecklenburg_235,1215,925,20,0,4
mecklenburg_236,782,1712,34,0,4
mecklenburg_237,1980,489,35,1,6
mecklenburg_238.1,1232,790,25,1,4
mecklenburg_239,1450,581,17,0,8
mecklenburg_240,1236,2182,30,0,8
mecklenburg_241,1405,1724,23,0,4
mecklenburg_242,440,1553,14,0,2
mecklenburg_243,3204,1949,51,1,19
mecklenburg_CURBSIDE,4114,747,6,0,4
mitchell_01,90,287,7,0,2
mitchell_02,19,118,3,0,0
mitchell_03,33,142,1,0,1
mitchell_04,306,892,20,0,12
mitchell_05,50,285,4,0,0
mitchell_06,32,168,1,0,1
mitchell_07,19,96,0,0,0
mitchell_08,17,97,0,0,0
mitchell_09,116,282,6,0,1
montgomery_BIS,256,326,3,0,0
montgomery_CAN,319,332,8,0,2
montgomery_CHE,81,236,2,0,0
montgomery_ELD,101,375,4,0,1
montgomery_LIT,49,204,3,0,2
montgomery_MTG,586,297,8,0,0
montgomery_OPH,35,126,4,0,0
montgomery_PEE,126,296,8,0,2
montgomery_ROC,252,103,1,0,0
montgomery_STA,169,513,8,0,3
montgomery_T1,294,334,10,0,2
montgomery_T2,156,261,5,0,0
montgomery_UWH,121,361,6,0,1
montgomery_WAD,137,98,2,0,0
moore_BEN,131,388,4,0,0
moore_CAM,169,421,11,0,1
moore_CAR,278,533,22,0,5
moore_DHR,125,450,5,0,0
moore_EAB,325,438,3,0,4
moore_EKWD,88,181,4,0,3
moore_EUR,216,729,9,0,2
moore_EWD,135,290,6,0,0
moore_LTR,241,567,3,0,3
moore_NSP,307,395,15,0,4
moore_PBF,331,505,8,0,1
moore_PDN,347,716,11,0,5
moore_PHA1,260,716,5,0,3
moore_PHA2,94,374,1,0,2
moore_PHB1,226,549,10,0,0
moore_PHB2,152,521,4,0,1
moore_PHC,376,1024,12,0,1
moore_RBN,111,313,2,0,1
moore_SLS,167,469,14,0,0
moore_SSP,599,270,4,0,1
moore_TLT,172,41,1,0,0
moore_VSS,216,416,9,0,3
moore_WAB,415,621,14,0,4
moore_WEM,167,698,2,1,2
moore_WKWD,116,319,7,0,1
moore_WND,136,233,9,0,0
nash_0001,418,747,10,0,5
nash_0002,164,185,3,0,0
nash_0003,195,283,8,0,0
nash_0004,126,674,10,0,2
nash_0005,362,592,10,0,4
nash_0006,208,470,14,0,0
nash_0007,317,156,4,0,1
nash_0008,200,400,1,0,2
nash_0011,292,335,5,1,4
nash_0012,82,233,3,0,0
nash_0015,379,527,8,0,1
nash_0021,289,95,1,0,0
nash_0022,167,185,2,0,0
nash_0025,258,491,5,0,1
nash_0026,129,653,7,0,3
nash_0031,205,67,4,0,2
nash_0032,218,140,3,0,2
nash_0033,486,65,1,0,2
nash_0034,650,103,1,0,0
nash_0035,298,569,7,0,4
nash_0036,273,399,14,0,0
nash_0037,347,370,5,0,1
nash_0038,412,257,7,0,4
nash_0039,193,481,2,0,0
nash_0040A,619,522,19,0,4
nash_0041,108,268,1,0,0
nash_0042,200,118,6,0,2
new hanover_CF01,1315,1179,27,0,5
new hanover_CF02,704,1146,26,0,8
new hanover_CF05,831,1231,26,0,6
new hanover_CF06,853,1092,17,0,6
new hanover_FP02,809,977,32,0,7
new hanover_FP03,480,743,10,0,2
new hanover_FP04,1057,1664,35,0,6
new hanover_FP05,543,916,11,0,3
new hanover_FP06,973,1466,36,0,4
new hanover_FP07,1090,1888,28,0,4
new hanover_H01,602,632,16,1,5
new hanover_H02,615,1913,10,0,4
new hanover_H03,1244,2219,38,0,8
new hanover_H04,992,1486,34,0,11
new hanover_H05,864,1660,43,0,6
new hanover_H06,917,1112,38,0,7
new hanover_H08,1453,2487,42,0,13
new hanover_H09,1670,3410,50,0,11
new hanover_H10,1345,1187,20,1,12
new hanover_H11,1461,2258,52,0,8
new hanover_M02,1633,2748,54,0,19
new hanover_M03,969,1404,33,0,8
new hanover_M04,1836,2624,40,1,15
new hanover_M06,790,1386,21,1,4
new hanover_M07,512,830,8,0,2
new hanover_W03,1363,189,17,0,4
new hanover_W08,971,400,7,0,3
new hanover_W12,724,603,17,0,3
new hanover_W13,860,280,21,0,7
new hanover_W15,2406,619,35,0,8
new hanover_W16,1005,1248,21,0,2
new hanover_W17,824,1007,14,0,3
new hanover_W18,501,583,22,0,8
new hanover_W21,1228,1380,30,0,7
new hanover_W24,1586,1143,66,0,22
new hanover_W25,2075,382,47,0,7
new hanover_W26,1029,579,48,0,9
new hanover_W27,1714,457,31,0,8
new hanover_W28,1226,752,38,0,8
new hanover_W29,2467,95,13,0,4
new hanover_W30,1539,1230,41,0,10
new hanover_W31,1023,1713,26,0,6
new hanover_WB,569,1067,18,0,9
northampton_CONWAY,141,263,2,0,1
northampton_CREEKS,84,154,0,0,0
northampton_GALATI,101,131,0,0,0
northampton_GARYSB,373,29,0,0,0
northampton_GASTON,340,187,1,0,0
northampton_JACKSO,71,84,4,0,0
northampton_LAKE G,218,254,3,0,0
northampton_LASKER,27,104,0,0,1
northampton_MILWAU,84,95,1,0,1
northampton_NEWTOW,121,163,0,0,1
northampton_PENDLE,62,66,0,0,0
northampton_PLEASA,85,25,0,0,0
northampton_POTECA,72,29,0,0,0
northampton_REHOBE,63,49,2,0,0
northampton_RICH S,235,85,0,0,0
northampton_SEABOA,187,101,1,0,0
northampton_SEVERN,100,110,2,0,1
northampton_WOODLA,181,119,3,0,0
onslow_BC21,294,884,21,0,6
onslow_BM08,530,827,23,0,10
onslow_CL10,112,545,13,0,1
onslow_CR07,289,662,25,0,7
onslow_EN03,574,758,23,0,8
onslow_FS16,247,872,26,0,2
onslow_GB12,225,560,17,0,4
onslow_HM05,310,577,11,1,6
onslow_HN14,204,464,2,0,3
onslow_HR17,147,468,9,0,1
onslow_HU20,189,576,24,0,4
onslow_JA01,356,538,6,1,6
onslow_ML23,101,321,4,0,3
onslow_MT24,114,452,12,0,0
onslow_NE22A,335,381,9,0,2
onslow_NE22B,328,682,9,0,3
onslow_NM13,51,415,6,0,2
onslow_NR02,309,77,8,0,0
onslow_RL09,325,722,10,0,7
onslow_SF18,304,1100,14,0,4
onslow_SW19,300,833,22,0,2
onslow_TL06,172,418,14,0,1
onslow_VR15,122,392,12,0,2
onslow_WN04,275,742,12,0,4
orange_BC,369,155,10,0,5
orange_BP,150,52,10,0,3
orange_CA,132,219,4,0,2
orange_CB,252,53,16,0,1
orange_CC,154,83,14,0,3
orange_CF,362,212,8,0,1
orange_CG,173,283,11,0,2
orange_CH,213,56,8,1,1
orange_CO,340,101,17,0,4
orange_CP,283,354,13,1,5
orange_CS1,191,145,6,0,0
orange_CW,244,742,15,1,3
orange_CX,471,568,24,0,4
orange_DA,587,199,6,0,4
orange_DM,389,147,16,0,2
orange_EA,225,106,12,0,2
orange_EF,282,372,16,0,2
orange_EH,254,114,7,0,2
orange_ENO,291,380,15,0,1
orange_ES,325,103,9,0,1
orange_GB,442,322,20,0,3
orange_GL,343,233,16,0,3
orange_GR,253,88,14,0,0
orange_H,117,54,6,0,0
orange_HF,464,261,18,0,2
orange_KM,259,183,10,0,1
orange_LC,430,77,11,0,3
orange_LI,287,162,14,0,3
orange_MF,241,96,13,0,4
orange_NC,232,112,4,0,0
orange_NS,286,106,8,0,3
orange_OG,475,483,17,0,8
orange_OW,380,61,18,0,10
orange_PA,423,306,18,2,2
orange_RF,438,159,17,0,3
orange_SJ,404,152,9,0,3
orange_SM,305,459,11,0,3
orange_TH,281,25,6,0,1
orange_TO,137,301,5,0,1
orange_WC,322,313,6,0,6
orange_WD,345,133,15,0,3
orange_WDS,253,43,1,0,1
orange_WH,322,160,14,1,5
orange_WW,185,55,7,0,0
pamlico_1AL A,109,227,3,0,1
pamlico_5AP,513,920,11,0,4
pamlico_3BY,567,399,7,0,3
pamlico_1GB,136,440,0,0,0
pamlico_4HB,7,132,1,0,0
pamlico_4MSIC,98,45,0,0,0
pamlico_2OT,560,777,11,0,4
pamlico_1RB,204,627,8,0,2
pamlico_2SW,126,183,1,0,0
pamlico_4VM A,82,57,2,0,0
pamlico_CURBSIDE,108,64,0,0,0
pasquotank_1-A,129,74,6,0,2
pasquotank_1-B,168,151,9,0,2
pasquotank_2-A,164,108,5,0,0
pasquotank_2-B,139,61,7,0,0
pasquotank_3-A,135,83,4,0,0
pasquotank_3-B,225,4,0,0,0
pasquotank_4-A,191,23,3,0,0
pasquotank_4-B,377,57,3,0,3
pasquotank_MH,309,469,12,0,1
pasquotank_NEW,256,300,4,0,2
pasquotank_NIX,209,479,11,0,2
pasquotank_PRO,360,601,16,0,4
pasquotank_SAL,100,209,5,0,1
pender_NB01,549,636,11,2,4
pender_SB02,952,1036,14,0,4
pender_CT03,109,61,0,0,0
pender_CS04,307,305,2,0,3
pender_CL05,700,314,7,0,2
pender_GR06,503,400,8,0,5
pender_MH07,63,174,4,0,1
pender_UH08,445,134,3,0,0
pender_LC09,360,590,8,0,1
pender_PL10,74,204,1,0,0
pender_CF11,537,1063,22,0,8
pender_SH12,259,891,14,0,2
pender_SC13,624,1211,14,0,6
pender_UT14,655,1575,24,0,3
pender_SP15,600,1123,23,0,4
pender_LU16,216,478,9,0,1
pender_UU17,366,346,2,0,0
pender_LT18,558,1354,19,0,5
pender_MT19,630,1199,13,0,5
pender_RP20,573,543,11,0,1
pender_CURBSIDE,108,48,0,0,0
perquimans_BELVID,162,315,7,0,1
perquimans_BETHEL,684,1210,12,0,2
perquimans_EAST H,488,267,6,0,1
perquimans_NEW HO,513,935,18,0,3
perquimans_NICANO,50,107,3,0,0
perquimans_PARKVI,608,676,7,2,1
perquimans_WEST H,254,312,7,1,0
perquimans_CURBSIDE,0,0,0,0,0
person_ALVI,769,669,13,0,1
person_BFRK,288,617,5,4,0
person_CUCL,518,775,13,0,1
person_FLRI,1096,2343,35,1,10
person_HLWY,251,485,3,1,0
person_HUML,219,294,3,0,0
person_MTTZ,574,1105,22,0,4
person_OLHI,365,841,12,0,1
person_ROX1,1037,435,4,0,3
person_ROX2,640,724,7,0,3
person_ROX3,949,471,14,0,4
person_ROX4,689,451,6,0,0
person_RX1A,597,949,16,0,2
person_WDSD,426,337,4,0,0
pitt_0101,371,473,15,0,2
pitt_0200A,230,420,15,0,6
pitt_0200B,387,257,5,0,5
pitt_0301,538,329,4,0,1
pitt_0401,441,352,7,0,1
pitt_0501,128,307,6,0,3
pitt_0601,158,594,10,0,3
pitt_0701,187,408,4,0,2
pitt_0800A,456,513,6,0,1
pitt_0800B,368,446,6,0,2
pitt_0901,184,274,3,0,1
pitt_1001,379,555,6,0,4
pitt_1101,208,250,4,0,0
pitt_1102A,195,354,10,1,4
pitt_1102B,266,610,9,0,3
pitt_1201,398,495,8,0,4
pitt_1301,90,240,2,0,0
pitt_1403A1,176,329,7,0,2
pitt_1403A2,193,211,6,0,0
pitt_1403B,326,425,14,0,3
pitt_1501,182,16,1,0,0
pitt_1503,451,63,8,0,2
pitt_1504A,426,62,3,0,1
pitt_1504B,411,223,8,0,2
pitt_1505A,322,169,7,0,1
pitt_1505B,492,45,1,0,1
pitt_1506,248,131,7,0,1
pitt_1507,433,361,19,0,7
pitt_1507B,207,168,10,0,2
pitt_1508A,187,163,9,0,4
pitt_1508B,302,308,13,1,3
pitt_1509,461,541,17,0,7
pitt_1510A,228,430,12,0,2
pitt_1510B,278,394,9,0,4
pitt_1511A,246,497,4,1,2
pitt_1511B,303,422,15,0,3
pitt_1512A,450,388,7,0,5
pitt_1512B,310,264,13,0,6
pitt_1513A,184,283,6,0,2
pitt_1513B,149,251,5,0,2
polk_CG05,205,657,9,0,0
polk_CL07,620,993,20,0,0
polk_CL08,595,1124,10,0,0
polk_GC09,651,1127,10,0,0
polk_SA04,370,627,11,0,0
polk_TR123,1134,986,35,0,0
polk_WO06,438,722,13,0,0
polk_ACCUMULATED,0,0,0,3,29
randolph_01,132,450,10,1,0
randolph_02,108,384,8,0,0
randolph_03,198,663,15,1,0
randolph_04,157,408,6,0,3
randolph_05,301,174,8,0,1
randolph_06,259,314,8,1,0
randolph_07,234,307,10,0,3
randolph_08,165,207,10,0,0
randolph_09,111,300,7,0,0
randolph_10,239,412,7,0,4
randolph_11,116,298,8,0,1
randolph_12,139,409,4,0,4
randolph_13,153,783,13,0,4
randolph_14,83,374,3,0,0
randolph_15,184,544,9,0,0
randolph_16,164,672,10,0,2
randolph_17,131,552,7,0,2
randolph_18,145,581,6,0,3
randolph_19,163,620,13,0,1
randolph_20,202,607,7,0,0
randolph_21,253,834,10,0,2
randolph_22,244,717,8,0,5
randolph_23,536,833,14,0,3
randolph_24,83,326,2,0,2
randolph_25,124,594,11,0,4
randolph_26,147,620,12,0,3
randolph_27,31,211,1,0,1
randolph_28,141,490,12,0,0
randolph_29,217,972,10,0,5
randolph_30,147,846,9,0,3
randolph_31,328,676,15,0,3
randolph_32,328,1011,19,1,2
randolph_33,167,385,12,0,3
randolph_34,179,626,12,0,6
randolph_35,220,768,6,0,4
randolph_36,129,693,18,0,2
randolph_37,123,502,12,0,2
randolph_38,207,948,13,2,3
randolph_39,150,752,19,0,0
randolph_40,128,467,11,0,0
richmond_01,694,406,5,0,0
richmond_02,425,824,15,0,0
richmond_03,79,191,3,0,0
richmond_04,248,250,5,0,0
richmond_05,53,106,0,0,0
richmond_06,131,296,5,0,0
richmond_07,170,137,4,0,0
richmond_08,599,395,3,0,0
richmond_09,612,889,19,0,0
richmond_10,251,111,5,0,0
richmond_11,135,201,0,0,0
richmond_12,211,299,9,0,0
richmond_13,139,220,3,0,0
richmond_14,70,17,0,0,0
richmond_15,31,43,0,0,0
richmond_16,26,110,2,0,0
richmond_ACCUMULATED,0,0,0,4,32
robeson_01,190,158,2,0,1
robeson_02,372,184,8,0,0
robeson_03,135,510,3,0,0
robeson_04,343,337,5,0,1
robeson_05,381,328,4,0,1
robeson_06,175,60,0,0,0
robeson_07,271,96,5,0,3
robeson_08,124,486,5,0,0
robeson_09,193,261,6,0,3
robeson_10,258,206,4,0,1
robeson_11,306,1094,4,0,2
robeson_11A,196,251,5,0,2
robeson_12,238,199,6,0,0
robeson_13,190,310,2,0,1
robeson_14,147,177,6,0,0
robeson_15,151,45,2,0,0
robeson_16,228,10,0,0,1
robeson_17,141,60,2,0,4
robeson_18A,168,409,4,0,4
robeson_19,1021,277,7,0,3
robeson_20,194,261,4,0,5
robeson_21,452,496,9,0,1
robeson_22,540,337,12,0,6
robeson_23,480,444,9,0,9
robeson_24,184,162,2,0,0
robeson_25,216,203,12,0,0
robeson_26,424,158,6,0,1
robeson_27,143,182,5,0,0
robeson_28,218,205,6,0,1
robeson_29,478,200,6,0,0
robeson_30,393,318,16,0,4
robeson_31,516,557,5,0,4
robeson_32,299,459,6,0,1
robeson_33,116,77,6,0,1
robeson_34,231,232,15,0,3
robeson_35,392,355,16,0,3
robeson_36,164,194,5,0,1
robeson_37,33,244,1,0,0
robeson_38,79,91,0,0,0
robeson_39,304,235,10,0,3
robeson_40,129,125,0,0,0
robeson_41,345,802,9,0,4
robeson_CURBSIDE,0,0,0,0,0
robeson_ACCUMULATED,0,0,0,0,0
rockingham_DR,634,830,21,0,4
rockingham_EC,1102,1624,16,2,4
rockingham_ED-1,1075,1571,24,1,3
rockingham_HO,389,868,17,0,3
rockingham_HU,664,1891,27,0,11
rockingham_IR,454,1268,19,0,4
rockingham_LI,857,1711,18,0,10
rockingham_LK-2,972,1482,17,2,5
rockingham_MA,929,1697,21,1,3
rockingham_MC,1429,1721,21,0,7
rockingham_MS,3260,2339,31,0,7
rockingham_NB,545,1742,20,0,3
rockingham_RC,1114,2299,32,0,7
rockingham_SE,1269,1479,15,0,7
rockingham_WS,1658,2705,51,0,8
rowan_01,218,968,14,0,14
rowan_02,420,439,8,0,1
rowan_03,299,1337,18,0,10
rowan_04,481,2098,25,0,9
rowan_05A,716,1937,48,0,15
rowan_07,538,737,10,1,2
rowan_08,750,1490,25,0,5
rowan_09,250,1096,12,0,6
rowan_10,384,1388,26,0,7
rowan_11,665,1276,28,2,10
rowan_12,606,590,8,1,5
rowan_13,246,1036,10,0,5
rowan_14A,835,2154,28,0,13
rowan_15,544,1571,18,0,6
rowan_16,423,694,15,0,5
rowan_17,508,871,21,0,6
rowan_18,688,30,0,0,1
rowan_19A,639,2019,27,0,11
rowan_21,671,1148,22,0,4
rowan_22,119,451,3,0,0
rowan_23,208,792,13,0,1
rowan_24,217,665,7,0,3
rowan_25,459,1809,26,1,12
rowan_26,237,956,22,0,3
rowan_27,285,606,11,0,1
rowan_28,890,583,25,0,4
rowan_29,210,628,10,0,0
rowan_30,524,806,20,0,2
rowan_31,295,730,10,0,9
rowan_32,332,757,8,0,6
rowan_33,171,997,17,0,6
rowan_34,993,707,23,0,10
rowan_35,543,253,14,0,1
rowan_36,1232,568,10,0,3
rowan_38,1384,583,17,0,2
rowan_39,632,675,7,0,5
rowan_40,1019,823,13,0,10
rowan_41,1015,806,7,0,4
rowan_42,1203,11,2,0,2
rowan_44,327,1257,18,0,3
rowan_45,474,433,9,0,5
rutherford_03A,222,1073,16,1,3
rutherford_04A,376,944,13,0,3
rutherford_05A,457,1052,16,2,0
rutherford_06A,531,834,21,1,2
rutherford_09A,448,1552,20,0,10
rutherford_10A,139,573,7,0,3
rutherford_11,840,2363,42,0,7
rutherford_13,1298,1231,25,0,4
rutherford_14,651,842,14,0,4
rutherford_16A,393,1146,17,0,2
rutherford_18,435,850,17,0,6
rutherford_19,332,795,7,0,4
rutherford_27,786,1462,18,0,6
rutherford_28,343,599,6,0,1
rutherford_29,408,765,18,0,3
rutherford_30,1031,1026,21,0,4
rutherford_34,182,680,4,0,0
rutherford_CURBSIDE,152,196,3,0,0
sampson_AUTR,120,432,4,0,2
sampson_CLEM,157,464,4,0,1
sampson_CLCE,177,30,1,0,1
sampson_CLEA,403,213,1,0,1
sampson_CLNE,161,315,6,0,0
sampson_CLSW,155,203,2,0,0
sampson_CLWE,135,287,4,0,0
sampson_GARL,170,167,4,0,0
sampson_GIDD,202,209,1,0,1
sampson_HARR,423,230,7,0,2
sampson_HERR,47,328,1,0,0
sampson_INGO,130,170,1,0,0
sampson_KEEN,112,325,8,0,2
sampson_KFRK,196,299,6,0,1
sampson_LAKE,417,176,1,0,0
sampson_MING,229,807,5,0,0
sampson_NGRV,135,337,2,0,0
sampson_PLVW,157,927,8,0,3
sampson_ROSE,128,270,1,0,1
sampson_ROWA,182,286,4,0,0
sampson_SBRG,118,294,8,0,1
sampson_TURK,223,200,1,0,0
sampson_WBRK,125,424,6,0,8
sampson_CURBSIDE,0,0,0,0,0
scotland_1,1635,238,9,0,0
scotland_2,1060,232,1,0,2
scotland_3,987,1041,7,0,5
scotland_4,1180,1404,20,0,4
scotland_5,297,541,8,0,4
scotland_6,217,134,2,0,0
scotland_7,1369,654,11,0,2
scotland_8,325,446,9,0,0
scotland_9,500,597,9,0,2
scotland_10,645,544,15,0,0
stanly_0002,83,168,10,0,2
stanly_0003,204,283,9,0,1
stanly_0007,170,274,10,0,4
stanly_0008,446,34,1,0,0
stanly_0010,158,256,20,0,3
stanly_0011,91,235,4,0,0
stanly_0012,52,158,7,0,0
stanly_0013,97,341,5,0,0
stanly_0014,87,244,8,0,2
stanly_0015,190,279,4,0,2
stanly_0016,130,231,0,0,0
stanly_0017,125,354,8,0,0
stanly_0018,112,317,5,0,3
stanly_0019,93,464,12,1,0
stanly_0020,111,610,5,0,7
stanly_0021,52,355,3,0,3
stanly_0022,219,502,5,0,1
stanly_0023,144,735,13,0,2
stanly_0024,124,522,16,0,5
stanly_0025,190,740,14,0,3
stanly_0026,138,421,14,0,2
stanly_0027,177,409,2,0,3
stanly_0028,149,185,3,0,4
stokes_01,71,234,10,1,4
stokes_02,243,538,14,0,3
stokes_03,88,498,8,0,5
stokes_04,135,466,11,2,3
stokes_05,100,248,4,3,2
stokes_06,74,256,5,0,2
stokes_07,78,185,6,0,0
stokes_08,128,370,14,1,0
stokes_09,248,541,17,0,7
stokes_10,218,644,16,0,1
stokes_11,214,633,22,0,3
stokes_12,169,577,13,0,3
stokes_13,133,513,12,0,2
stokes_14,178,629,8,0,1
stokes_15,131,434,10,2,3
stokes_16,216,293,8,0,0
stokes_17,156,333,8,2,4
stokes_18,128,72,2,0,0
stokes_19,123,315,5,0,0
stokes_20,160,423,4,2,3
surry_01,273,870,11,0,5
surry_02,193,200,10,0,2
surry_03,430,978,18,0,4
surry_04,439,823,13,0,4
surry_05,305,1182,13,0,2
surry_06,411,476,8,0,4
surry_07,339,453,11,0,1
surry_08,299,825,14,0,1
surry_09,195,573,19,0,4
surry_10,117,590,7,0,0
surry_11,254,540,14,0,4
surry_12,558,735,12,0,4
surry_13,350,489,7,0,3
surry_14,417,736,8,0,0
surry_15,400,658,17,0,4
surry_16,229,634,9,0,1
surry_17,189,492,9,0,1
surry_18,373,943,16,0,3
surry_19,503,910,15,0,2
surry_20,236,418,9,1,3
surry_21,339,975,19,0,8
surry_22,253,492,15,0,3
surry_23,254,676,9,0,6
surry_24,118,381,4,0,3
surry_25,335,746,11,0,1
surry_26,406,1152,15,0,4
surry_27,252,678,7,0,2
surry_28,192,574,12,0,3
surry_33,367,593,6,0,5
surry_CURBSIDE,0,0,0,0,0
swain_ALARKA,206,320,6,0,0
swain_ALMOND,304,517,19,0,0
swain_BC1,616,774,24,0,0
swain_BC2,588,725,26,0,0
swain_WHCH,904,640,36,0,0
swain_ACCUMULATED,0,0,0,1,22
transylvania_B1,663,532,17,0,11
transylvania_B2,631,393,12,0,3
transylvania_B3,629,627,17,0,9
transylvania_B4,575,478,7,0,6
transylvania_BD,656,988,22,0,7
transylvania_CC,501,1022,25,0,5
transylvania_CM,235,291,3,0,4
transylvania_DR,739,918,18,0,5
transylvania_EF,267,372,7,0,4
transylvania_LR,359,728,18,0,6
transylvania_PF,379,535,18,0,7
transylvania_RE,287,858,20,0,14
transylvania_TC1,108,447,8,0,0
transylvania_TC7,317,750,11,0,2
transylvania_WC,480,695,12,0,5
tyrrell_1,114,9,0,0,1
tyrrell_2,196,231,6,0,0
tyrrell_3,36,52,0,0,0
tyrrell_14,2,38,0,0,0
tyrrell_15,83,77,1,0,4
tyrrell_16,4,8,0,0,0
union_001,556,177,5,0,1
union_002,843,368,5,0,3
union_003,448,305,3,0,0
union_004,834,123,4,0,1
union_005,750,1249,24,0,2
union_006,331,923,13,0,1
union_007,788,1315,34,0,12
union_008,1173,628,21,0,9
union_009,742,303,8,0,1
union_010,640,244,10,0,6
union_011,260,1414,13,0,10
union_012,246,1402,6,1,2
union_013,268,1575,18,0,9
union_014,333,601,12,0,5
union_015,1002,1850,34,0,8
union_016,848,1859,25,0,8
union_017A,677,1486,24,0,3
union_017B,694,1898,26,0,4
union_018,462,1459,16,0,3
union_019,947,1965,37,0,5
union_020A,943,1273,21,1,5
union_020B,560,1412,31,0,3
union_021,372,1191,20,0,2
union_022,287,1443,22,3,4
union_023,443,917,17,0,2
union_024,367,1175,16,0,4
union_025,396,915,8,1,3
union_026,359,868,11,1,2
union_027,335,903,14,0,3
union_028A,977,1990,18,1,2
union_028B,642,1875,12,0,0
union_028C,681,1734,7,2,0
union_028D,766,1593,11,0,6
union_029A,1353,1426,38,1,5
union_029B,440,787,15,3,5
union_029C,450,976,17,6,2
union_030,1088,1701,15,1,4
union_031,938,1304,35,0,2
union_032,610,1582,15,0,5
union_033,542,1158,18,0,7
union_034,676,1518,20,0,6
union_035,394,1021,25,0,4
union_036,482,920,11,2,0
union_037A,1036,1574,36,5,11
union_037B,269,824,6,0,2
union_038A,915,1240,34,0,6
union_038B,573,1129,19,2,6
union_039,291,1100,9,0,3
union_040,717,1892,13,0,9
union_041,604,1678,13,0,4
union_042,456,771,20,0,2
union_043,669,73,1,0,0
union_CURBSIDE,0,0,0,0,0
vance_CC,785,1008,8,0,2
vance_EH1,1379,78,2,0,0
vance_HTOP,411,150,3,0,1
vance_KITT,1278,1265,14,0,0
vance_MIDD,1221,750,9,0,1
vance_NH,1573,876,14,0,2
vance_NH1,1426,113,1,0,0
vance_NV,700,292,1,0,2
vance_SCRK,1561,1117,6,0,7
vance_SH1,1139,253,3,0,6
vance_SH2,380,141,4,0,0
vance_WH,1470,1386,13,0,3
wake_43831,431,249,21,0,3
wake_43832,446,389,20,0,9
wake_43833,391,537,9,0,1
wake_43834,268,284,7,0,2
wake_43835,214,337,6,0,2
wake_43836,564,423,21,0,4
wake_43837,382,202,13,1,2
wake_01-07A,108,16,0,0,0
wake_43839,367,200,13,0,0
wake_43840,346,371,13,0,2
wake_43841,264,680,9,0,1
wake_43842,437,336,11,0,0
wake_43843,449,168,16,0,4
wake_43844,802,328,30,0,5
wake_43845,273,296,7,0,1
wake_43846,508,419,10,0,2
wake_43847,199,280,3,0,2
wake_43848,574,490,18,2,2
wake_43849,520,22,1,0,1
wake_43850,479,56,6,0,1
wake_43851,737,400,19,0,1
wake_43852,756,32,5,0,7
wake_43853,644,437,61,0,8
wake_43855,56,5,0,0,0
wake_43856,473,39,1,0,2
wake_43857,449,131,18,0,2
wake_43858,918,227,18,0,4
wake_43859,404,574,9,0,3
wake_43860,281,338,15,0,0
wake_43861,847,264,62,0,7
wake_11689,537,314,26,0,4
wake_12055,411,307,12,0,5
wake_12420,618,11,6,0,1
wake_12785,489,15,1,0,0
wake_13150,278,446,6,0,2
wake_13516,357,382,12,1,2
wake_13881,532,355,12,0,1
wake_14246,437,270,20,0,1
wake_14611,927,64,5,0,1
wake_14977,451,262,40,0,7
wake_15342,331,535,7,0,2
wake_15707,450,320,13,0,5
wake_16072,673,417,20,0,6
wake_16438,291,329,19,0,1
wake_16803,873,134,13,0,6
wake_17168,355,515,13,0,2
wake_17533,631,305,20,1,3
wake_17899,677,343,35,0,8
wake_18264,539,32,3,0,3
wake_18629,253,227,8,0,0
wake_43862,466,709,19,0,2
wake_43863,690,1307,30,0,7
wake_43864,401,847,22,0,1
wake_43865,304,588,10,1,3
wake_43866,199,302,4,0,3
wake_43867,241,616,12,0,2
wake_36586,356,574,28,0,0
wake_43922,425,375,18,0,7
wake_43923,479,437,17,0,3
wake_43924,405,275,11,1,2
wake_43925,311,223,8,0,6
wake_43926,472,423,21,1,6
wake_43927,442,448,23,0,3
wake_43928,335,571,8,0,2
wake_43929,415,365,19,0,3
wake_43930,381,434,13,0,4
wake_43931,522,518,26,0,9
wake_43932,255,179,14,0,4
wake_43933,381,476,18,0,2
wake_43934,523,517,20,2,3
wake_43935,313,332,23,0,4
wake_43936,466,423,29,1,3
wake_43937,408,346,38,0,9
wake_43938,334,275,33,0,4
wake_43939,417,430,19,0,3
wake_43940,290,334,10,0,8
wake_43941,444,389,37,1,6
wake_43942,392,188,11,0,6
wake_43952,605,544,26,0,7
wake_43954,365,506,20,0,4
wake_43956,1239,1071,44,1,9
wake_43957,628,761,15,0,7
wake_43958,1124,864,42,0,6
wake_43959,393,275,17,0,1
wake_43986,314,333,30,0,1
wake_43987,280,584,8,0,0
wake_43988,551,723,19,0,4
wake_43989,485,648,12,0,4
wake_43990,317,318,12,0,7
wake_43991,371,533,24,0,2
wake_43992,233,396,17,1,2
wake_44013,449,317,13,1,9
wake_44014,290,281,6,0,3
wake_44015,272,301,17,1,1
wake_44016,803,589,29,0,8
wake_44017,318,314,13,1,5
wake_44018,482,659,16,0,4
wake_44019,638,654,28,0,5
wake_07-07A,192,214,1,0,0
wake_44021,527,465,23,1,2
wake_44022,932,753,35,0,4
wake_44023,226,235,5,0,4
wake_44024,478,438,17,1,4
wake_44025,304,246,20,0,10
wake_44045,600,720,14,0,3
wake_44046,783,833,47,0,10
wake_44047,301,470,15,0,2
wake_44048,376,412,10,0,4
wake_44049,513,284,22,0,11
wake_44050,406,624,18,0,0
wake_44051,667,910,26,0,6
wake_44052,390,376,19,0,3
wake_44053,487,452,16,0,1
wake_44054,764,694,31,0,1
wake_44075,388,657,14,0,2
wake_44076,840,599,18,0,2
wake_44077,342,579,11,0,2
wake_44105,144,316,7,0,4
wake_44106,570,567,16,0,6
wake_44107,468,592,14,2,4
wake_44108,775,905,28,3,7
wake_44136,779,614,37,0,5
wake_44137,673,649,20,0,2
wake_44166,466,957,22,2,7
wake_44167,564,693,29,4,9
wake_44169,437,899,19,2,4
wake_44170,640,1204,30,0,9
wake_44171,302,462,24,1,4
wake_44172,279,537,19,1,3
wake_44173,580,561,22,0,2
wake_44174,347,549,19,0,2
wake_13-01,875,250,23,1,7
wake_13-02,373,463,16,0,0
wake_13-05,464,257,21,0,4
wake_13-06,476,557,12,0,2
wake_13-07,387,248,7,0,4
wake_13-08,511,159,9,0,0
wake_13-09,760,382,17,0,5
wake_13-10,976,1333,31,0,6
wake_13-11,492,703,12,0,1
wake_14-01,108,299,7,0,0
wake_14-02,581,1511,28,0,6
wake_15-01,432,908,34,0,8
wake_15-02,632,1114,17,0,3
wake_15-03,463,1157,18,0,3
wake_15-04,254,468,9,0,2
wake_16-01,285,456,21,0,3
wake_16-02,897,249,18,0,7
wake_16-03,296,268,12,0,4
wake_16-04,358,422,8,0,4
wake_16-05,347,436,26,0,2
wake_16-06,265,163,11,0,2
wake_16-07,523,667,25,0,6
wake_16-08,1159,312,22,1,9
wake_16-09,426,425,15,0,5
wake_17-01,527,257,13,0,3
wake_17-02,147,163,5,0,0
wake_17-03,743,618,26,0,5
wake_17-04,612,582,27,0,6
wake_17-05,642,381,18,0,7
wake_17-06,268,441,6,2,5
wake_17-07,538,169,13,0,6
wake_17-08,984,773,30,0,15
wake_17-09,723,86,5,0,4
wake_17-10,247,187,7,0,2
wake_17-11,693,343,21,0,6
wake_18-01,933,548,65,0,10
wake_18-02,522,972,26,1,3
wake_18-03,300,466,14,0,2
wake_18-04,497,755,24,0,4
wake_18-05,644,911,21,1,4
wake_18-06,740,526,37,0,4
wake_18-07,374,700,21,0,4
wake_18-08,538,689,36,0,1
wake_19-03,421,718,26,0,10
wake_19-04,781,1136,32,2,2
wake_19-05,337,876,17,0,6
wake_19-07,421,446,10,0,5
wake_19-09,487,931,23,4,6
wake_19-10,765,1421,30,0,11
wake_19-11,376,569,29,2,2
wake_19-12,571,894,25,1,4
wake_19-13,369,422,11,0,8
wake_19-14,318,581,18,2,5
wake_19-15,304,507,8,0,2
wake_19-16,390,488,17,0,1
wake_19-17,674,613,30,3,2
wake_20-01,432,402,13,0,3
wake_20-03,348,487,33,0,4
wake_20-04,508,591,23,0,7
wake_20-05,481,656,12,0,3
wake_20-06A,553,554,23,0,6
wake_20-06B,496,718,22,0,4
wake_20-08,534,704,28,0,0
wake_20-09,384,475,22,0,2
wake_20-10,517,561,25,0,5
wake_20-11,553,701,33,0,10
wake_20-12,300,433,10,2,3
wake_20-13,1075,1006,36,0,8
wake_20-14,652,713,32,0,4
warren_001,331,422,2,0,1
warren_002,244,355,3,0,1
warren_003,456,264,0,0,0
warren_004,391,190,0,0,0
warren_005,745,144,3,0,1
warren_006,682,194,1,0,1
warren_007,455,145,5,0,0
warren_008,801,81,2,0,0
warren_009,275,157,2,0,1
warren_010,1046,241,6,0,3
warren_011,194,67,1,0,0
warren_012,216,416,2,0,1
warren_013,267,210,1,0,0
warren_014,875,254,5,0,2
washington_LM,341,168,3,0,0
washington_P1,157,83,4,0,0
washington_P2,179,68,2,0,1
washington_P3,250,320,1,0,1
washington_SC,245,360,4,0,3
washington_SK,159,185,2,0,0
watauga_01,77,105,1,0,2
watauga_02,96,327,8,0,2
watauga_03,365,455,15,0,2
watauga_04,279,551,29,0,10
watauga_05,168,84,10,0,1
watauga_06,260,220,30,0,8
watauga_07,297,435,13,0,8
watauga_08,237,549,10,0,4
watauga_09,85,120,6,0,1
watauga_10,115,251,9,0,1
watauga_11,227,496,22,0,7
watauga_12,146,106,18,0,2
watauga_13,232,182,19,0,1
watauga_14,261,368,17,0,5
watauga_15,328,419,22,0,9
watauga_16,14,51,0,0,1
watauga_17,83,175,11,0,1
watauga_18,170,527,11,0,5
watauga_19,270,418,12,0,4
watauga_20,57,104,4,0,0
wayne_1,123,332,3,0,2
wayne_2,207,475,7,0,1
wayne_3,138,464,5,0,2
wayne_4,174,558,10,0,0
wayne_5,125,319,8,0,0
wayne_6,146,221,3,0,1
wayne_7,229,571,7,0,0
wayne_8,104,420,10,0,2
wayne_9,123,357,9,0,3
wayne_10,233,71,1,0,1
wayne_11,249,119,4,0,2
wayne_12,268,208,3,0,2
wayne_13,195,141,2,0,4
wayne_14,157,490,4,0,1
wayne_15,156,537,7,2,0
wayne_16,194,296,4,0,0
wayne_17,216,19,1,0,0
wayne_18,257,46,2,0,0
wayne_19,259,20,4,0,0
wayne_20,315,26,5,0,1
wayne_21,181,100,0,0,1
wayne_22,164,137,4,0,0
wayne_23,186,227,7,0,2
wayne_24,129,756,6,0,1
wayne_25,178,373,4,0,1
wayne_26,223,179,6,0,3
wayne_27,194,65,2,0,2
wayne_28,205,384,11,0,3
wayne_29,189,84,4,0,0
wayne_30,325,90,0,0,0
wilkes_101,77,190,4,0,1
wilkes_102,169,356,10,0,2
wilkes_103,59,180,2,0,0
wilkes_104,145,350,10,0,1
wilkes_105,103,344,6,0,6
wilkes_106,119,315,4,0,2
wilkes_107,221,894,10,1,1
wilkes_108,147,275,10,0,3
wilkes_109,134,222,2,0,1
wilkes_110,46,101,1,0,1
wilkes_111,133,396,4,1,3
wilkes_112,175,521,15,0,4
wilkes_113,187,363,10,0,4
wilkes_114,48,234,1,1,0
wilkes_115A,234,773,12,0,8
wilkes_117,121,308,4,0,4
wilkes_118,250,278,7,0,3
wilkes_119,214,714,16,0,11
wilkes_120,129,491,12,0,3
wilkes_121,153,456,9,0,1
wilkes_122,40,322,9,0,1
wilkes_123,83,301,10,0,3
wilkes_124,117,461,6,0,2
wilkes_125,78,216,4,0,2
wilkes_126,59,265,1,0,1
wilkes_127,218,330,8,0,4
wilkes_128,233,669,18,0,4
wilkes_129,138,444,6,0,1
wilson_PRBL,480,1277,12,0,2
wilson_PRCR,522,999,12,0,2
wilson_PRGA,878,739,14,0,1
wilson_PROL,684,1786,14,0,5
wilson_PRSA,401,335,5,0,0
wilson_PRSP,479,818,12,0,1
wilson_PRST,523,392,6,0,1
wilson_PRTA,1756,2384,22,0,3
wilson_PRTO,1271,1276,15,0,1
wilson_PRWA,611,95,3,0,0
wilson_PRWB,816,30,1,0,0
wilson_PRWC,1047,87,0,0,0
wilson_PRWD,404,823,10,0,2
wilson_PRWE,786,257,7,0,2
wilson_PRWH,661,16,2,0,0
wilson_PRWI,936,361,6,0,2
wilson_PRWJ,1347,1110,28,0,1
wilson_PRWK,416,769,9,0,2
wilson_PRWL,771,996,21,0,2
wilson_PRWM,1434,1449,19,0,3
wilson_PRWN,1711,71,2,0,0
wilson_PRWP,420,799,9,0,3
wilson_PRWQ,492,4,1,0,0
wilson_PRWR,1156,67,1,0,0
wilson_CURBSIDE,409,139,1,0,0
yadkin_BNVL,336,958,18,0,1
yadkin_DCRK,181,556,7,0,1
yadkin_EBND,269,809,17,0,5
yadkin_FBSH,241,1073,19,0,7
yadkin_NBCK,159,527,8,0,0
yadkin_NFAL,89,477,2,0,2
yadkin_NKNB,396,923,19,0,7
yadkin_NLIB,290,786,24,0,3
yadkin_SBCK,114,327,11,0,0
yadkin_SFAL,124,598,13,0,5
yadkin_SKNB,88,523,9,0,0
yadkin_SLIB,206,717,23,0,3
yancey_01 BUR,1056,1163,29,0,10
yancey_02 CAN,318,534,16,0,6
yancey_03 EGY,130,185,4,0,0
yancey_04 RAM,95,132,6,0,2
yancey_05 GRE,158,169,5,0,1
yancey_06 JAC,419,498,20,0,8
yancey_07 BRU,127,128,4,0,4
yancey_08 CRA,645,1086,30,0,12
yancey_09 SOU,614,634,13,0,7
yancey_10 PEN,144,215,4,0,0
yancey_11 PRI,274,534,9,0,2
yancey_ACCUMULATED,0,0,0,0,0
