prec_id,Barry Gurney (Write-In),David Waddell (Write-In),John Rhodes (Write-In),Kay Hagan,Sean Haugh,Thom Tillis,Write-In (Miscellaneous),BARRY GURNEY (Write-In),DAVID WADDELL (Write-In),JOHN RHODES (Write-In)
alamance_03S,0,0,0,906,82,1388,2,,,
alamance_64,0,0,0,686,82,1169,2,,,
alamance_03N,0,0,0,586,44,862,3,,,
alamance_12S,0,0,0,258,13,94,4,,,
alamance_09S,0,0,0,675,78,1028,1,,,
alamance_35,0,0,0,434,43,920,3,,,
alamance_4,0,0,1,396,76,1287,0,,,
alamance_7,0,0,1,312,47,1029,2,,,
alamance_1,0,0,0,295,71,1071,0,,,
alamance_03C,0,0,0,455,44,943,6,,,
alamance_09N,0,0,1,345,30,505,3,,,
alamance_12W,0,0,0,481,42,457,1,,,
alamance_03N2,0,0,0,267,9,201,0,,,
alamance_11,0,0,2,778,45,533,0,,,
alamance_128,0,0,0,408,28,181,2,,,
alamance_5,0,0,0,251,47,853,1,,,
alamance_2,0,0,0,313,62,1246,2,,,
alamance_103,0,0,0,342,38,784,2,,,
alamance_1210,0,0,0,309,31,358,0,,,
alamance_125,0,0,0,325,46,595,3,,,
alamance_127,0,0,0,1137,38,318,0,,,
alamance_ONESTOP,0,0,0,0,0,0,0,,,
alamance_10S,0,0,0,1354,112,1261,4,,,
alamance_63,0,0,1,549,37,354,2,,,
alamance_13,0,0,0,682,65,578,1,,,
alamance_06N,0,0,0,466,31,231,2,,,
alamance_06S,0,0,0,418,72,695,2,,,
alamance_06W,0,0,0,182,17,181,1,,,
alamance_10N,0,0,0,605,69,963,5,,,
alamance_08N,0,0,0,413,61,689,3,,,
alamance_08S,0,0,0,195,33,440,0,,,
alamance_126,0,0,0,416,38,670,0,,,
alamance_124,0,0,0,391,33,491,1,,,
alamance_129,0,0,0,253,23,535,1,,,
alamance_12N,0,0,0,1163,26,129,3,,,
alamance_06E,0,0,0,432,42,423,4,,,
alamance_12E,0,0,0,271,21,180,0,,,
alamance_03W,0,0,0,396,54,738,1,,,
alexander_W,0,0,0,182,62,588,4,,,
alexander_T3,0,0,0,184,48,347,4,,,
alexander_G2,0,0,0,153,40,251,2,,,
alexander_S1,0,0,2,216,93,593,3,,,
alexander_SL,0,0,0,91,27,335,1,,,
alexander_B2,0,0,0,380,90,1149,9,,,
alexander_S2,0,0,0,135,34,243,0,,,
alexander_T2,0,1,0,261,44,399,3,,,
alexander_E,0,0,0,329,77,759,4,,,
alexander_L,0,0,0,108,40,399,3,,,
alexander_G1,0,0,0,63,17,248,3,,,
alexander_T1,0,0,0,109,60,419,2,,,
alexander_T4,0,0,0,270,45,425,1,,,
alexander_T5,0,0,0,96,32,298,2,,,
alexander_M,0,0,0,193,52,474,4,,,
alexander_B1,0,0,0,318,72,998,5,,,
alleghany_1,0,0,0,173,50,416,1,,,
alleghany_CURBSIDE,0,0,0,0,0,0,0,,,
alleghany_2,0,0,0,36,17,103,0,,,
alleghany_5,0,0,0,126,14,174,0,,,
alleghany_3,0,0,0,625,139,844,4,,,
alleghany_6,0,0,0,127,25,221,0,,,
alleghany_4,0,0,0,172,62,509,5,,,
alleghany_7,0,0,0,97,22,229,0,,,
anson_POLK,0,0,0,185,21,159,0,,,
anson_ANS,0,2,0,296,23,174,0,,,
anson_W1,0,0,0,690,29,222,0,,,
anson_LILE,0,0,0,719,34,331,0,,,
anson_W2,0,0,0,455,20,165,0,,,
anson_W3,0,0,3,604,31,370,0,,,
anson_GULL,0,0,0,303,14,139,0,,,
anson_MM,0,0,0,448,9,92,0,,,
anson_WS,1,0,0,68,5,69,0,,,
anson_BURN,0,0,0,191,22,340,0,,,
anson_ONESTOP,0,0,0,0,0,0,0,,,
anson_PEAC,0,0,0,190,24,313,0,,,
ashe_12,0,0,0,70,19,173,0,,,
ashe_15,0,0,0,70,29,212,0,,,
ashe_17,0,0,0,71,26,211,0,,,
ashe_14,0,0,0,184,36,343,2,,,
ashe_16,0,0,0,171,27,361,0,,,
ashe_20,0,0,0,276,60,467,4,,,
ashe_4,0,0,0,57,8,82,1,,,
ashe_7,0,0,0,65,5,81,1,,,
ashe_2,0,0,0,114,36,271,1,,,
ashe_8,0,0,0,31,11,29,0,,,
ashe_ONESTOP,0,0,0,1220,136,1795,6,,,
ashe_11,0,0,0,226,32,368,6,,,
ashe_10,0,0,0,27,9,55,0,,,
ashe_13,0,0,0,113,33,219,2,,,
ashe_18,0,0,0,16,7,36,0,,,
ashe_6,0,0,0,60,22,111,1,,,
ashe_9,0,0,0,323,73,513,3,,,
ashe_3,0,0,0,37,11,154,0,,,
avery_13,0,0,0,53,8,122,1,,,
avery_18,0,0,0,20,6,85,0,,,
avery_5,0,0,0,6,6,94,0,,,
avery_8,0,0,0,16,2,123,0,,,
avery_ONESTOP,0,0,2,268,22,618,1,,,
avery_2,0,0,0,198,30,436,1,,,
avery_14,0,0,0,51,13,204,0,,,
avery_19,0,0,0,11,2,98,1,,,
avery_11,0,0,0,49,11,127,1,,,
avery_1,0,0,0,75,15,247,2,,,
avery_16,0,0,0,143,20,305,0,,,
avery_15,0,0,0,41,14,164,0,,,
avery_12,0,0,0,11,5,90,1,,,
avery_17,0,0,0,28,8,163,0,,,
avery_4,0,0,0,8,0,25,0,,,
avery_7,0,0,0,5,7,63,1,,,
avery_9,0,0,0,7,10,112,0,,,
avery_10,0,0,0,60,17,202,1,,,
avery_3,0,0,0,25,10,161,0,,,
avery_6,0,0,0,30,15,160,0,,,
beaufort_PINET,0,0,3,53,28,277,1,,,
beaufort_ONESTOP,0,0,36,3569,316,4025,11,,,
beaufort_SURBA,0,0,3,209,53,499,1,,,
beaufort_RVRD,0,0,0,180,26,376,1,,,
beaufort_GILEA,0,0,1,109,16,217,0,,,
beaufort_HB,0,0,0,45,31,230,0,,,
beaufort_NCRK,0,0,0,126,25,342,1,,,
beaufort_PANTE,0,0,0,164,14,290,0,,,
beaufort_AUROR,0,0,1,202,13,168,0,,,
beaufort_WASH2,0,1,0,227,18,109,0,,,
beaufort_WASH1,0,0,1,204,20,112,0,,,
beaufort_BEADM,0,0,1,78,40,432,0,,,
beaufort_CHOCO,0,2,2,236,50,427,2,,,
beaufort_WASHP,0,0,3,140,24,257,0,,,
beaufort_TCRK,0,0,3,199,53,460,0,,,
beaufort_EDWAR,0,0,0,163,15,184,0,,,
beaufort_PSJW3,0,0,0,258,12,56,0,,,
beaufort_BELHV,0,0,0,210,23,214,0,,,
beaufort_WASH4,0,0,3,192,15,229,1,,,
beaufort_WDPD,0,0,0,115,28,328,1,,,
beaufort_OLDF,0,0,2,153,27,185,1,,,
beaufort_BLCK,0,0,3,161,20,138,0,,,
bertie_MH,0,0,0,136,8,99,0,,,
bertie_W1,0,0,0,523,15,250,0,,,
bertie_C2,0,0,0,258,5,102,0,,,
bertie_WH,0,0,0,151,7,190,0,,,
bertie_C1,0,0,0,131,8,185,0,,,
bertie_WD,0,0,0,204,2,29,0,,,
bertie_M2,0,0,0,209,16,92,0,,,
bertie_W2,0,0,0,32,16,214,0,,,
bertie_RX,0,0,0,310,7,82,0,,,
bertie_SN,0,0,0,164,6,33,0,,,
bertie_M1,0,0,0,119,2,133,0,,,
bertie_IW,0,0,0,127,0,14,0,,,
bertie_ONESTOP,0,0,0,1652,69,755,2,,,
bladen_P202,0,0,0,155,48,225,0,,,
bladen_P60,0,0,0,274,25,203,1,,,
bladen_P65,0,0,0,59,7,136,0,,,
bladen_P15,0,0,0,194,28,384,1,,,
bladen_P30,0,0,0,183,7,36,1,,,
bladen_P35,0,0,0,92,16,65,0,,,
bladen_ONESTOP,0,0,0,2426,254,2205,7,,,
bladen_P201,0,0,0,79,27,187,3,,,
bladen_P70,0,0,0,76,9,64,0,,,
bladen_P501,0,0,0,340,22,203,2,,,
bladen_P25,0,0,0,163,44,155,0,,,
bladen_P10,0,0,0,113,11,109,0,,,
bladen_P80,0,0,0,117,18,178,3,,,
bladen_P40,0,0,0,128,30,248,3,,,
bladen_P45,0,0,0,56,15,108,0,,,
bladen_P75,0,0,0,225,18,89,0,,,
bladen_P502,0,0,0,170,10,115,0,,,
bladen_P55,0,0,0,118,10,98,0,,,
brunswick_11,0,0,0,536,57,314,1,,,
brunswick_8,0,0,0,831,104,1164,3,,,
brunswick_22,0,0,0,402,88,648,2,,,
brunswick_5,0,2,0,452,86,667,1,,,
brunswick_2,0,0,0,889,72,711,5,,,
brunswick_14,0,0,0,597,115,1181,1,,,
brunswick_16,0,0,0,840,113,1484,3,,,
brunswick_19,0,0,0,658,108,1084,1,,,
brunswick_21,0,0,1,497,155,1130,4,,,
brunswick_13,0,0,0,434,79,613,0,,,
brunswick_18,0,0,0,210,55,397,0,,,
brunswick_CURBSIDE,0,0,0,90,14,59,0,,,
brunswick_04A,0,0,1,1439,121,1622,3,,,
brunswick_04C1,0,0,1,524,33,595,1,,,
brunswick_7,0,0,2,575,71,723,2,,,
brunswick_10A,0,0,0,524,78,946,1,,,
brunswick_1,0,0,0,340,43,264,1,,,
brunswick_20,0,0,0,394,84,881,3,,,
brunswick_3,0,0,0,370,22,176,1,,,
brunswick_6,0,0,0,266,56,363,2,,,
brunswick_9,0,0,1,238,32,351,0,,,
brunswick_23,2,0,1,420,83,664,0,,,
brunswick_10B,0,0,0,966,73,1671,3,,,
brunswick_17,0,0,0,1008,113,1359,0,,,
brunswick_12,0,0,1,442,96,731,0,,,
brunswick_15,0,0,3,714,112,1475,2,,,
brunswick_04B1,0,0,0,718,69,922,2,,,
buncombe_23.3,0,0,0,351,7,207,1,,,
buncombe_19.1,0,0,0,196,13,105,1,,,
buncombe_1.1,0,0,0,478,29,49,1,,,
buncombe_66.1,1,0,0,364,41,310,0,,,
buncombe_2.1,0,0,0,1096,40,66,1,,,
buncombe_6.1,0,0,0,518,18,174,1,,,
buncombe_12.1,0,0,0,531,35,83,2,,,
buncombe_27.2,0,0,0,325,9,137,0,,,
buncombe_29.2,0,0,0,590,31,422,1,,,
buncombe_43.2,0,0,0,205,23,164,0,,,
buncombe_24.1,0,0,2,283,44,246,2,,,
buncombe_15.1,0,0,0,468,31,97,2,,,
buncombe_22.2,0,0,0,979,42,361,3,,,
buncombe_60.2,0,0,0,325,23,193,2,,,
buncombe_8.3,0,0,0,622,40,190,0,,,
buncombe_70.1,0,0,0,665,64,336,0,,,
buncombe_8.2,0,0,0,491,30,157,2,,,
buncombe_9.1,0,0,0,899,67,331,2,,,
buncombe_13.1,0,0,0,501,39,68,1,,,
buncombe_25.1,0,0,2,601,39,301,0,,,
buncombe_64.1,0,0,0,340,39,365,0,,,
buncombe_26.1,0,0,0,294,32,110,0,,,
buncombe_42.1,0,0,0,282,36,233,0,,,
buncombe_16.2,0,0,0,501,28,114,1,,,
buncombe_68.1,0,0,0,505,65,735,2,,,
buncombe_3.1,0,0,0,839,41,73,0,,,
buncombe_10.1,0,0,0,487,10,22,0,,,
buncombe_14.2,0,0,0,476,27,122,1,,,
buncombe_23.2,0,0,0,178,2,59,0,,,
buncombe_28.1,0,0,0,792,46,140,0,,,
buncombe_20.1,0,0,0,240,13,48,0,,,
buncombe_60.4,0,0,0,388,28,360,0,,,
buncombe_21.1,0,0,0,762,37,357,0,,,
buncombe_57.1,0,0,0,490,36,632,3,,,
buncombe_4.1,0,0,0,680,20,139,2,,,
buncombe_11.1,0,0,0,324,13,19,0,,,
buncombe_14.3,0,0,0,193,24,87,0,,,
buncombe_62.1,0,0,0,611,43,448,0,,,
buncombe_5.1,0,0,0,1104,30,445,0,,,
buncombe_7.1,0,0,0,652,31,132,1,,,
buncombe_17.1,0,0,0,563,29,141,1,,,
buncombe_ONESTOP,0,0,2,12080,471,5778,12,,,
buncombe_51.2,0,0,0,398,42,443,0,,,
buncombe_40.2,0,0,0,648,59,1000,1,,,
buncombe_61.1,0,0,0,612,67,584,2,,,
buncombe_41.1,0,0,0,464,52,726,1,,,
buncombe_32.1,0,0,0,225,41,276,2,,,
buncombe_39.3,0,0,1,545,56,679,2,,,
buncombe_67.1,0,0,0,815,54,542,0,,,
buncombe_33.2,0,0,0,167,28,148,0,,,
buncombe_50.1,0,0,0,291,32,350,0,,,
buncombe_39.2,0,0,2,404,38,405,0,,,
buncombe_59.1,0,0,0,893,64,880,0,,,
buncombe_71.1,0,0,3,998,56,833,0,,,
buncombe_65.1,0,0,0,735,74,533,2,,,
buncombe_33.3,0,0,0,256,36,230,3,,,
buncombe_36.1,0,0,0,236,22,236,1,,,
buncombe_38.3,0,0,0,555,51,930,1,,,
buncombe_58.1,0,0,1,464,27,465,1,,,
buncombe_34.1,0,0,0,172,22,141,0,,,
buncombe_37.1,0,0,3,209,24,274,1,,,
buncombe_52.1,0,0,0,471,94,824,1,,,
buncombe_35.1,0,0,2,232,16,164,1,,,
buncombe_38.2,0,0,0,317,41,546,0,,,
buncombe_49.1,0,0,1,460,95,811,1,,,
buncombe_45.1,0,0,0,368,50,545,0,,,
buncombe_48.1,0,0,3,369,58,626,2,,,
buncombe_54.2,0,0,0,440,37,444,1,,,
buncombe_56.2,0,0,0,459,39,409,0,,,
buncombe_31.1,0,0,0,265,8,364,0,,,
buncombe_44.1,0,0,1,419,52,494,3,,,
buncombe_47.1,0,0,2,417,60,732,0,,,
buncombe_69.1,0,0,0,473,67,614,1,,,
buncombe_30.2,0,0,0,218,25,310,0,,,
buncombe_681,0,0,0,60,3,114,1,,,
buncombe_63.1,0,0,1,125,7,127,0,,,
buncombe_30.3,0,0,0,349,28,479,1,,,
buncombe_55.1,0,0,0,496,64,593,4,,,
buncombe_46.1,0,0,0,214,13,180,0,,,
buncombe_18.2,0,0,0,472,30,546,0,,,
buncombe_53.1,0,0,0,475,48,719,1,,,
burke_15,,0,,149,28,411,1,,,
burke_18,,0,,83,7,135,0,,,
burke_38,,0,,361,68,483,0,,,
burke_13,,0,,211,53,850,3,,,
burke_31,,0,,551,40,244,1,,,
burke_34,,0,,514,30,387,2,,,
burke_24,,1,,390,70,710,2,,,
burke_40,,1,,279,58,415,1,,,
burke_1,,0,,473,90,756,1,,,
burke_0047-B,,0,,233,38,265,3,,,
burke_3,,0,,123,37,344,0,,,
burke_35,,0,,371,42,255,0,,,
burke_22,,0,,244,66,566,2,,,
burke_48,,0,,463,64,531,1,,,
burke_20,,0,,213,29,278,0,,,
burke_70,,0,,368,80,653,2,,,
burke_ONESTOP,,0,,0,0,0,0,,,
burke_19,,0,,115,15,173,0,,,
burke_36,,0,,286,57,498,0,,,
burke_52,,0,,203,41,251,1,,,
burke_0047-A,,0,,561,56,381,6,,,
burke_12,,0,,129,39,665,1,,,
burke_21,,1,,209,49,306,0,,,
burke_51,,0,,501,91,784,2,,,
burke_62,,0,,137,18,194,0,,,
burke_66,,0,,290,38,427,1,,,
burke_11,,0,,191,87,695,4,,,
burke_14,,0,,139,32,617,1,,,
burke_39,,0,,347,36,292,1,,,
burke_0029-B,,0,,150,27,298,2,,,
burke_64,,0,,127,15,204,0,,,
burke_53,,0,,237,71,521,3,,,
burke_0029-A,,0,,75,34,340,1,,,
burke_65,,0,,114,39,274,1,,,
cabarrus_43868,,,,486,45,920,6,0,0,4
cabarrus_43839,,,,121,37,323,1,0,0,0
cabarrus_44174,,,,267,53,517,6,0,0,0
cabarrus_43838,,,,560,72,694,10,0,0,0
cabarrus_44173,,,,194,28,204,1,0,0,0
cabarrus_43864,,,,826,90,1284,7,0,0,1
cabarrus_43863,,,,667,72,1026,0,0,0,0
cabarrus_36586,,,,577,70,1111,2,0,0,0
cabarrus_43870,,,,1176,46,1120,1,0,0,0
cabarrus_43834,,,,806,62,973,5,0,0,2
cabarrus_43837,,,,389,44,782,3,0,0,0
cabarrus_44172,,,,503,2,34,0,0,0,0
cabarrus_44177,,,,291,45,447,2,0,1,0
cabarrus_44175,,,,206,18,319,1,0,0,0
cabarrus_ONESTOP,,,,45,1,32,-13,2,3,8
cabarrus_44166,,,,152,17,95,0,0,0,0
cabarrus_44167,,,,447,21,188,2,0,0,1
cabarrus_43836,,,,647,37,792,4,0,0,0
cabarrus_44171,,,,360,36,293,2,0,0,0
cabarrus_43869,,,,1005,79,1141,5,0,2,0
cabarrus_43840,,,,486,51,636,6,0,0,1
cabarrus_43928,,,,198,26,499,1,0,0,0
cabarrus_36800,,,,478,85,1426,2,1,0,2
cabarrus_44168,,,,344,45,516,0,0,0,0
cabarrus_44169,,,,437,42,451,2,0,0,0
cabarrus_43926,,,,214,15,293,0,0,1,0
cabarrus_43929,,,,211,37,362,3,0,0,0
cabarrus_43927,,,,262,40,300,0,0,0,0
cabarrus_43866,,,,682,68,1092,3,0,0,0
cabarrus_43925,,,,327,29,238,1,0,0,0
cabarrus_43867,,,,606,44,536,5,0,0,0
cabarrus_43832,,,,295,62,685,1,0,0,0
cabarrus_43922,,,,535,45,502,1,0,1,0
cabarrus_44176,,,,227,39,307,2,0,0,0
cabarrus_43923,,,,534,30,376,3,0,0,0
cabarrus_43930,,,,394,45,797,6,0,0,0
cabarrus_44170,,,,408,56,597,4,0,0,3
cabarrus_43862,,,,419,42,617,2,0,0,0
cabarrus_44136,,,,730,70,767,5,0,2,0
cabarrus_44137,,,,339,80,799,1,0,0,1
cabarrus_43931,,,,491,48,878,4,0,0,0
cabarrus_36647,,,,277,59,835,0,0,0,0
cabarrus_36739,,,,432,79,1140,11,0,0,1
cabarrus_36770,,,,203,57,753,1,0,0,0
cabarrus_36678,,,,173,60,705,4,0,0,1
cabarrus_43924,,,,552,61,596,3,0,0,0
cabarrus_36708,,,,91,22,365,2,0,0,0
caldwell_PR14,1,0,0,143,52,354,1,,,
caldwell_ONESTOP,0,0,1,3015,465,5858,28,,,
caldwell_PR05,0,0,0,175,70,469,2,,,
caldwell_PR16,0,0,2,160,17,106,0,,,
caldwell_PR22,0,0,0,130,67,475,3,,,
caldwell_PR25,0,0,0,84,36,255,1,,,
caldwell_PR02,0,0,0,125,24,207,1,,,
caldwell_PR21,0,0,0,162,44,465,2,,,
caldwell_PR28,0,0,0,120,74,531,4,,,
caldwell_PR30,0,0,0,211,39,163,1,,,
caldwell_PR07,0,0,0,99,27,335,2,,,
caldwell_PR31,0,0,0,90,17,138,1,,,
caldwell_PR01,0,0,0,207,47,362,4,,,
caldwell_PR06,0,0,0,159,54,351,0,,,
caldwell_PR15,0,0,1,179,38,538,2,,,
caldwell_PR13,0,0,0,149,65,516,5,,,
caldwell_PR18,0,0,0,216,68,498,2,,,
caldwell_PR17,0,0,0,137,30,234,1,,,
caldwell_PR08,0,0,0,101,25,225,5,,,
caldwell_PR24,0,0,0,98,31,249,5,,,
caldwell_PR29,0,0,0,187,34,249,2,,,
caldwell_PR32,0,0,0,173,38,484,0,,,
camden_SM,0,0,0,230,25,456,1,,,
camden_SH,0,0,0,143,19,347,1,,,
camden_ONESTOP,0,0,0,545,33,702,0,,,
camden_CH,0,0,0,214,29,408,1,,,
carteret_EMIS,0,,,276,34,590,7,,,
carteret_BOGU,7,,,156,25,504,0,,,
carteret_WILD,5,,,172,39,471,1,,,
carteret_ATSL,0,,,87,9,141,0,,,
carteret_PELE,0,,,57,9,192,0,,,
carteret_NPT2,5,,,115,41,484,0,,,
carteret_CISL,0,,,24,12,33,0,,,
carteret_PKNL,0,,,188,13,380,0,,,
carteret_NRIV,0,,,125,7,64,0,,,
carteret_IBSP,0,,,38,7,75,0,,,
carteret_BFT2,3,,,298,36,353,2,,,
carteret_DASW,0,,,56,15,152,0,,,
carteret_MHD3,1,,,321,41,645,0,,,
carteret_MHD4,3,,,202,32,574,4,,,
carteret_STEL,2,,,77,22,281,3,,,
carteret_MHD2,3,,,272,43,432,2,,,
carteret_MCRK,3,,,26,18,147,0,,,
carteret_MHD1,2,,,264,28,468,0,,,
carteret_MERR,0,,,64,11,105,0,,,
carteret_NPT1,3,,,207,52,515,0,,,
carteret_CCCP,1,,,132,43,474,1,,,
carteret_HAIS,0,,,107,22,258,0,,,
carteret_OTBE,0,,,124,38,408,5,,,
carteret_WIHA,0,,,125,32,323,0,,,
carteret_BFT1,0,,,206,15,105,0,,,
carteret_ABCH,0,,,91,23,339,0,,,
carteret_BCRK,4,,,108,26,394,1,,,
carteret_MASM,1,,,78,13,161,1,,,
carteret_ONESTOP,27,,,3307,308,6995,15,,,
caswell_LEAS,0,0,0,167,13,147,0,,,
caswell_YANC,0,0,0,568,38,401,1,,,
caswell_HIGH,0,0,0,235,12,201,0,,,
caswell_LOCU,0,0,0,568,30,335,1,,,
caswell_PELH,0,1,0,481,37,721,1,,,
caswell_ANDE,0,0,0,110,6,274,0,,,
caswell_MILT,0,0,0,657,27,359,0,,,
caswell_STON,0,0,0,347,33,527,1,,,
caswell_PROS,0,0,0,136,11,299,2,,,
caswell_PROVI,0,0,0,172,7,221,0,,,
catawba_21,,0,0,166,38,499,0,,,
catawba_31,,0,1,436,107,1216,2,,,
catawba_12,,0,0,530,16,116,0,,,
catawba_6,,0,1,312,45,721,1,,,
catawba_9,,0,0,185,50,734,1,,,
catawba_10,,0,0,147,13,45,0,,,
catawba_40,,0,1,288,33,355,1,,,
catawba_3,,1,0,252,55,609,2,,,
catawba_4,,0,0,131,15,132,0,,,
catawba_25,,0,0,271,50,359,1,,,
catawba_27,,0,0,321,82,973,4,,,
catawba_41,,0,0,308,39,1042,0,,,
catawba_1,,0,2,240,85,1086,3,,,
catawba_2,,0,0,233,56,742,3,,,
catawba_5,,0,1,423,60,717,3,,,
catawba_22,,0,0,385,68,804,8,,,
catawba_ONESTOP,,0,0,98,12,107,0,,,
catawba_20,,0,0,361,75,851,3,,,
catawba_32,,1,0,469,75,618,11,,,
catawba_34,,0,0,613,128,1406,6,,,
catawba_35,,0,0,250,40,467,1,,,
catawba_37,,0,2,403,65,532,10,,,
catawba_33,,0,0,652,115,1623,8,,,
catawba_30,,0,0,525,66,767,3,,,
catawba_13,,0,0,284,27,142,1,,,
catawba_29,,0,0,276,70,698,1,,,
catawba_8,,0,0,335,46,799,5,,,
catawba_11,,0,0,224,17,236,2,,,
catawba_14,,0,0,354,30,488,2,,,
catawba_19,,2,0,178,23,268,0,,,
catawba_28,,0,0,340,67,795,1,,,
catawba_7,,0,0,425,52,645,5,,,
catawba_16,,0,0,383,64,428,1,,,
catawba_38,,0,0,495,60,886,2,,,
catawba_39,,0,0,347,50,897,1,,,
catawba_36,,0,0,408,55,726,4,,,
catawba_15,,0,0,326,4,5,1,,,
catawba_17,,0,0,224,45,306,0,,,
catawba_23,,0,0,530,87,1172,7,,,
catawba_24,,0,0,459,66,1235,2,,,
catawba_26,,0,1,368,29,558,4,,,
chatham_MCH110,0,0,0,672,57,351,1,,,
chatham_18,0,0,0,174,36,354,0,,,
chatham_30,0,0,0,163,15,245,2,,,
chatham_45,0,0,0,160,21,196,1,,,
chatham_24,0,0,0,29,17,265,0,,,
chatham_ESC114,0,0,0,411,36,411,0,,,
chatham_9,0,0,0,115,24,316,1,,,
chatham_6,0,0,0,75,17,289,0,,,
chatham_73,0,0,0,399,4,140,0,,,
chatham_42,0,0,0,205,24,341,1,,,
chatham_ONESTOP,0,0,1,8678,279,5155,7,,,
chatham_75,0,0,0,579,31,650,0,,,
chatham_PIT113,0,0,0,767,49,578,0,,,
chatham_85,0,0,0,244,26,268,0,,,
chatham_21,0,0,0,244,31,269,0,,,
chatham_15,0,0,0,323,24,190,1,,,
chatham_3,0,0,0,160,32,383,3,,,
chatham_NWM117,0,0,0,466,20,380,2,,,
chatham_78,0,0,2,531,29,451,0,,,
chatham_20,0,0,0,242,27,404,1,,,
cherokee_MARB,,,,168,35,453,0,,,
cherokee_ANSW,,,,224,50,455,0,,,
cherokee_ANNW,,,,230,34,439,5,,,
cherokee_MURS,,,,315,33,668,0,,,
cherokee_TOPT,,,,57,11,159,1,,,
cherokee_UNKA,,,,54,11,156,0,,,
cherokee_BELL,,,,138,14,363,0,,,
cherokee_BRAS,,,,133,5,279,0,,,
cherokee_MURN,,,,334,43,567,0,,,
cherokee_HOTH,,,,139,16,403,0,,,
cherokee_GCRK,,,,34,11,177,0,,,
cherokee_PCHT,,,,315,40,641,0,,,
cherokee_HANG,,,,69,15,300,0,,,
cherokee_RGER,,,,194,30,461,0,,,
cherokee_HIWA,,,,213,21,582,0,,,
cherokee_CSON,,,,96,13,271,0,,,
chowan_6,0,0,0,161,7,261,0,,,
chowan_2,0,0,0,289,19,311,1,,,
chowan_ONESTOP,0,0,0,1138,47,1300,1,,,
chowan_3,0,0,0,91,27,397,1,,,
chowan_1,0,0,0,283,14,120,0,,,
chowan_4,0,0,0,139,7,152,0,,,
chowan_5,0,0,0,88,4,204,0,,,
clay_HAY2,0,0,0,242,24,447,1,,,
clay_HAYC,0,0,0,68,14,141,0,,,
clay_BRAS,0,0,0,144,13,289,0,,,
clay_HAY1,0,0,0,207,27,405,0,,,
clay_HIAW,0,0,0,187,21,506,1,,,
clay_SHCR,0,0,0,153,36,497,0,,,
clay_SWEE,0,0,0,95,17,237,0,,,
clay_WARN,0,0,0,105,8,235,0,,,
clay_TUSQ,0,0,0,119,8,254,0,,,
cleveland_WACO,0,0,0,509,48,793,1,,,
cleveland_S 4A,0,0,0,1179,103,846,4,,,
cleveland_S C,0,0,1,1600,120,1326,7,,,
cleveland_S 5,0,0,0,641,42,582,6,,,
cleveland_OAKGRV,0,0,0,331,70,925,3,,,
cleveland_LATT,0,0,0,284,65,842,2,,,
cleveland_LAWNDL,0,0,0,472,45,334,0,,,
cleveland_MULLS,0,0,0,182,76,559,3,,,
cleveland_SHANGI,0,1,0,413,64,733,3,,,
cleveland_KINGST,0,0,0,341,10,134,3,,,
cleveland_S S,0,1,0,1243,96,1135,4,,,
cleveland_POLKVL,0,0,0,260,68,645,3,,,
cleveland_BR,0,0,0,621,110,1254,1,,,
cleveland_CASAR,0,0,0,86,52,468,7,,,
cleveland_MRB-YO,0,0,0,155,41,409,1,,,
cleveland_RIPPY,0,0,0,516,52,862,2,,,
cleveland_BETHWR,0,0,0,196,25,511,0,,,
cleveland_KM N,0,0,0,786,59,995,1,,,
cleveland_KM S,0,0,0,655,80,907,4,,,
cleveland_FALSTN,0,0,0,139,50,530,5,,,
cleveland_GROVER,0,0,0,368,43,744,3,,,
columbus_P13,0,0,,61,14,145,0,,,0
columbus_P12,0,0,,26,8,61,1,,,0
columbus_ONESTOP,0,0,,2868,212,1947,5,,,0
columbus_P02B,0,0,,211,21,64,1,,,0
columbus_P04,0,0,,43,7,71,0,,,0
columbus_P16B,0,0,,196,56,308,1,,,0
columbus_P21,0,0,,107,22,181,0,,,0
columbus_P23,0,0,,194,27,217,0,,,0
columbus_P18,0,0,,81,14,82,0,,,0
columbus_P19,0,0,,232,20,285,1,,,0
columbus_P20A,0,0,,110,6,45,0,,,0
columbus_P05,0,0,,50,9,78,0,,,0
columbus_P24,0,0,,119,69,370,1,,,0
columbus_P07,0,0,,323,38,271,2,,,0
columbus_P14,0,0,,392,33,379,1,,,2
columbus_P15,0,0,,261,36,289,0,,,0
columbus_P22A,0,0,,181,46,268,0,,,0
columbus_P03,0,0,,49,9,119,2,,,0
columbus_P06,0,0,,98,32,165,0,,,0
columbus_P09,0,0,,199,29,140,1,,,0
columbus_P17,0,0,,230,19,91,2,,,0
columbus_P25B,0,0,,71,57,281,1,,,0
columbus_P08,0,0,,29,17,97,0,,,0
columbus_P01A,0,0,,192,58,219,1,,,0
columbus_P26B,0,0,,327,53,392,3,,,0
columbus_P10,0,0,,55,17,202,1,,,0
columbus_P11,0,0,,68,27,198,0,,,0
craven_16,1,0,0,482,71,1199,2,,,
craven_19,0,0,0,715,30,670,1,,,
craven_20,0,0,0,591,48,1148,0,,,
craven_4,0,0,0,250,24,287,1,,,
craven_7,0,0,0,478,39,622,5,,,
craven_N3,0,0,0,391,54,419,0,,,
craven_N4,0,0,0,897,54,610,4,,,
craven_3,1,0,2,587,64,1535,4,,,
craven_12,0,0,0,34,11,193,0,,,
craven_15,0,0,0,179,14,215,1,,,
craven_17,2,0,0,220,50,779,0,,,
craven_11,0,0,0,266,71,841,2,,,
craven_14,0,0,0,651,58,745,4,,,
craven_2,2,0,4,1028,139,1790,3,,,
craven_5,0,0,1,487,58,933,2,,,
craven_8,0,0,0,233,14,268,0,,,
craven_N5,0,0,0,506,37,218,3,,,
craven_N6,3,0,0,871,88,1218,2,,,
craven_13,0,0,0,79,22,230,1,,,
craven_21,0,0,0,410,48,996,2,,,
craven_9,0,0,0,165,1,130,1,,,
craven_6,0,0,0,219,17,188,2,,,
craven_N1,0,0,0,587,31,429,1,,,
craven_N2,0,0,0,739,12,245,0,,,
craven_23,0,0,0,747,56,1430,3,,,
craven_10,0,0,0,155,14,245,1,,,
cumberland_G9B-1,0,0,0,600,54,613,5,,,
cumberland_G6A,0,0,0,440,50,1185,2,,,
cumberland_G3B,0,0,0,187,24,170,1,,,
cumberland_G2C-2,0,0,0,514,32,521,2,,,
cumberland_MR02,0,0,0,634,39,325,0,,,
cumberland_CC03,0,0,0,192,9,105,2,,,
cumberland_G5C,0,0,0,501,31,286,0,,,
cumberland_EO61-1,0,0,0,452,45,881,0,,,
cumberland_G11A-2,0,0,0,615,11,177,1,,,
cumberland_G1B,0,0,0,682,61,977,0,,,
cumberland_CC14,0,0,0,418,39,801,1,,,
cumberland_ONESTOP,0,0,0,1195,15,387,0,,,
cumberland_CC12,0,0,0,245,34,719,2,,,
cumberland_CC33,0,0,0,557,28,371,1,,,
cumberland_G7A,0,0,0,163,32,383,1,,,
cumberland_SH77,0,0,0,440,46,629,1,,,
cumberland_G5A-1,0,0,0,788,30,283,2,,,
cumberland_G2E-1,0,0,0,610,27,116,5,,,
cumberland_G10C,0,0,0,417,55,778,0,,,
cumberland_G10B,0,0,0,483,53,407,3,,,
cumberland_CC31,0,0,0,407,30,284,3,,,
cumberland_CC34,0,0,0,361,21,568,1,,,
cumberland_CC15,0,0,0,508,45,769,0,,,
cumberland_G3C,0,0,0,240,20,298,2,,,
cumberland_CC18,0,0,0,255,20,539,1,,,
cumberland_G8C,0,0,0,464,31,304,0,,,
cumberland_CC21,0,0,0,853,34,344,2,,,
cumberland_CC27,0,0,0,719,29,224,2,,,
cumberland_G8A,0,0,0,738,32,395,0,,,
cumberland_G6C,0,0,0,357,39,464,1,,,
cumberland_G2C-1,0,0,0,590,34,390,5,,,
cumberland_CC04,0,0,0,259,19,224,1,,,
cumberland_CC07,0,0,0,184,26,305,3,,,
cumberland_G9B-2,0,0,0,623,49,682,1,,,
cumberland_CC25,0,0,0,407,22,297,0,,,
cumberland_CC26,0,0,0,947,20,303,0,,,
cumberland_G2B,0,0,0,917,64,564,2,,,
cumberland_G4C,0,0,0,401,22,150,0,,,
cumberland_AL51,0,0,0,693,65,1155,0,,,
cumberland_G2D,0,0,0,875,39,761,3,,,
cumberland_CC32,0,0,0,392,12,93,1,,,
cumberland_AH49,0,0,0,838,31,307,0,,,
cumberland_CC10,0,0,0,257,14,227,0,,,
cumberland_G8B,0,0,0,373,30,342,2,,,
cumberland_G8D,0,0,0,418,44,542,1,,,
cumberland_LI65,0,0,0,468,56,815,1,,,
cumberland_G11A-1,0,0,0,572,26,155,2,,,
cumberland_G3A-1,0,0,0,758,44,301,1,,,
cumberland_G3A-2,0,0,0,379,50,283,1,,,
cumberland_G1A,0,0,0,515,36,215,0,,,
cumberland_G11B,0,0,0,159,7,123,0,,,
cumberland_CC24,0,0,0,232,22,198,2,,,
cumberland_CC29,0,0,0,542,24,261,1,,,
cumberland_G2A,0,0,0,1254,45,580,3,,,
cumberland_G2E-2,0,0,0,808,19,145,0,,,
cumberland_G4A,0,0,0,305,25,273,2,,,
cumberland_G4B,0,0,0,302,46,380,2,,,
cumberland_G6B,0,0,0,149,29,356,0,,,
cumberland_CC08,0,0,0,258,16,526,2,,,
cumberland_EO61-2,0,0,0,354,28,525,2,,,
cumberland_G10A,0,0,0,763,35,1010,1,,,
cumberland_CC06,0,0,0,204,25,267,1,,,
cumberland_CC01,0,0,0,744,15,77,0,,,
cumberland_G9A,0,0,0,453,38,541,6,,,
cumberland_G5A-2,0,0,0,540,12,389,0,,,
cumberland_G7B,0,0,0,154,26,360,1,,,
cumberland_CU02,0,0,0,419,30,340,1,,,
cumberland_CL57-2,0,0,0,842,24,226,1,,,
cumberland_G5B-2,0,0,0,708,25,191,0,,,
cumberland_CC05,0,0,0,700,20,77,1,,,
cumberland_CC16,0,0,0,995,17,22,1,,,
cumberland_CC13,0,0,0,550,8,29,1,,,
cumberland_LR63,0,0,0,1081,35,278,2,,,
cumberland_CC19,0,0,0,308,6,13,0,,,
cumberland_CC17,0,0,0,877,30,118,1,,,
cumberland_G5B-1,0,0,0,975,21,105,4,,,
cumberland_MB62,0,0,0,617,20,143,2,,,
cumberland_CL57-1,0,0,0,801,33,266,1,,,
currituck_CI,0,0,0,38,3,78,0,,,
currituck_CB,0,0,0,32,7,32,0,,,
currituck_PP,0,0,0,197,24,360,1,,,
currituck_PB,0,0,0,361,45,748,1,,,
currituck_CH,0,0,0,278,40,681,1,,,
currituck_GW,0,0,0,27,1,69,1,,,
currituck_CJ,0,0,0,86,7,110,0,,,
currituck_MY,0,0,0,326,41,1045,3,,,
currituck_WH,0,0,0,84,4,156,0,,,
currituck_ONESTOP,0,0,0,603,42,1170,0,,,
currituck_KI,0,0,0,78,22,250,0,,,
currituck_IR,0,0,0,101,16,236,0,,,
dare_KTHK,,,,492,25,779,1,0,0,0
dare_DUCK,,,,124,6,127,0,0,0,0
dare_EL,,,,4,1,20,0,0,0,0
dare_COL,,,,525,30,767,0,0,0,0
dare_WAN,,,,142,19,338,2,0,0,0
dare_SOSH,,,,698,37,1053,0,1,0,0
dare_AVON,,,,106,8,182,0,0,0,0
dare_CURBSIDE,,,,29,2,45,0,0,0,0
dare_HAT,,,,100,13,119,0,0,0,0
dare_FRCO,,,,131,15,196,2,0,0,0
dare_KDH,,,,786,78,1057,0,0,0,0
dare_BUX,,,,169,21,293,0,0,0,0
dare_NGHD,,,,533,38,622,1,0,0,0
dare_STPT,,,,26,7,51,0,0,0,0
dare_MATO,,,,1033,65,1152,1,0,0,0
dare_CHCA,,,,108,11,115,0,0,0,0
dare_MH,,,,106,15,129,1,0,0,0
davidson_84,0,0,2,454,62,1358,5,,,
davidson_4,0,0,0,466,52,1558,3,,,
davidson_28,0,0,0,275,27,643,0,,,
davidson_34,0,0,0,314,37,290,1,,,
davidson_32,0,0,0,244,21,156,1,,,
davidson_38,0,0,0,324,10,50,0,,,
davidson_58,0,0,1,266,74,730,0,,,
davidson_36,0,0,0,325,26,168,3,,,
davidson_52,0,0,0,338,68,1153,2,,,
davidson_78,0,0,0,249,66,870,1,,,
davidson_10,0,0,0,256,68,572,0,,,
davidson_50,0,0,1,216,56,901,0,,,
davidson_30,0,0,0,680,16,89,1,,,
davidson_6,0,0,2,191,60,661,3,,,
davidson_40,0,0,0,469,37,424,1,,,
davidson_26,0,0,0,113,23,264,0,,,
davidson_24,0,0,4,120,35,339,3,,,
davidson_82,0,0,1,255,59,814,2,,,
davidson_CURBSIDE,0,0,0,182,15,266,0,,,
davidson_8,0,0,0,146,24,291,5,,,
davidson_22,0,0,1,79,31,232,1,,,
davidson_48,0,0,0,233,63,729,0,,,
davidson_70,0,0,1,180,34,729,0,,,
davidson_74,0,0,0,251,58,1077,0,,,
davidson_44,0,0,0,453,61,1214,0,,,
davidson_64,0,0,0,468,15,95,3,,,
davidson_18,0,0,0,150,37,622,0,,,
davidson_56,0,0,0,93,30,420,0,,,
davidson_80A,0,0,2,336,58,1609,3,,,
davidson_86A,0,0,0,385,30,757,0,,,
davidson_88,0,0,0,226,18,884,0,,,
davidson_42,0,0,1,97,36,705,0,,,
davidson_68,0,0,0,307,17,436,1,,,
davidson_54,0,0,0,71,31,513,1,,,
davidson_14,0,0,0,107,36,550,2,,,
davidson_16,0,0,0,190,35,990,4,,,
davidson_20,0,0,0,182,64,742,2,,,
davidson_76,0,0,0,214,52,1002,0,,,
davidson_46,0,0,0,242,36,824,0,,,
davidson_62,0,0,0,354,16,135,2,,,
davidson_12,0,0,0,82,34,232,1,,,
davidson_72,0,0,2,168,33,844,0,,,
davidson_60,0,0,0,514,42,934,1,,,
davidson_66,0,0,1,234,20,308,0,,,
davie_1,0,0,0,136,20,362,0,,,
davie_14,0,0,0,288,37,661,4,,,
davie_4,0,0,0,193,52,406,2,,,
davie_7,0,0,0,204,37,516,1,,,
davie_12,0,0,2,424,58,1243,0,,,
davie_5,0,0,0,234,56,845,1,,,
davie_2,0,0,0,125,31,312,1,,,
davie_ONESTOP,0,0,0,55,3,122,0,,,
davie_8,0,0,0,352,37,423,2,,,
davie_11,0,0,0,146,25,596,1,,,
davie_3,0,0,0,233,65,826,2,,,
davie_6,0,0,0,191,32,507,0,,,
davie_9,0,0,1,342,52,563,2,,,
davie_13,0,0,0,443,35,1151,2,,,
davie_10,0,0,0,295,45,806,4,,,
duplin_ROSE,0,0,0,288,15,282,0,,,
duplin_CHAR,0,0,0,253,22,122,1,,,
duplin_CHIN,0,0,0,97,14,233,0,,,
duplin_WALL,0,0,0,625,60,698,2,,,
duplin_BEUL,0,0,0,172,37,568,0,,,
duplin_GLIS,0,0,0,37,14,166,0,,,
duplin_ROCK,0,0,0,148,11,171,1,,,
duplin_CFRK,0,0,0,38,9,247,0,,,
duplin_SMCA,0,0,0,72,25,257,2,,,
duplin_KENA,0,0,0,364,23,288,0,,,
duplin_HALL,0,0,0,115,17,184,0,,,
duplin_WARS,0,0,0,545,25,271,0,,,
duplin_LOCK,0,0,0,35,9,124,0,,,
duplin_ALBE,0,0,0,65,15,333,0,,,
duplin_CALY,0,0,0,101,11,209,1,,,
duplin_MAGN,0,0,0,198,15,144,0,,,
duplin_FAIS,0,1,0,200,16,235,0,,,
duplin_CYCK,0,0,0,99,17,371,0,,,
duplin_ONESTOP,0,0,0,1818,82,1473,4,,,
duplin_WOLF,0,0,0,93,27,360,0,,,
durham_1,0,0,0,327,10,38,1,,,
durham_46,0,0,0,647,40,179,1,,,
durham_25,1,0,0,339,32,511,2,,,
durham_41,0,0,0,502,2,13,0,,,
durham_43,0,0,0,1711,38,680,5,,,
durham_4,0,0,0,634,17,96,0,,,
durham_7,0,0,0,543,13,54,0,,,
durham_52,0,0,0,876,28,94,3,,,
durham_36,0,0,0,704,16,160,2,,,
durham_15,0,0,0,322,5,27,0,,,
durham_47,0,0,0,555,2,25,0,,,
durham_16,0,0,0,624,14,205,0,,,
durham_20,0,0,0,620,18,40,1,,,
durham_38,0,0,0,1154,38,440,1,,,
durham_39,0,0,0,977,30,612,0,,,
durham_54,0,0,0,1231,40,276,2,,,
durham_30-1,0,0,0,1175,35,513,1,,,
durham_19,0,0,0,757,24,113,4,,,
durham_14,0,0,0,459,10,43,0,,,
durham_48,0,0,0,548,18,172,2,,,
durham_55-49,0,0,0,381,8,4,0,,,
durham_29,0,0,0,791,40,490,0,,,
durham_42,0,0,0,373,6,9,0,,,
durham_8,0,0,0,641,8,32,0,,,
durham_5,0,0,0,632,21,85,1,,,
durham_10,0,0,0,258,3,7,2,,,
durham_9,0,0,0,790,16,164,0,,,
durham_40,0,0,0,542,24,60,0,,,
durham_45,0,0,0,799,65,713,0,,,
durham_3,0,0,0,558,13,47,0,,,
durham_6,0,0,0,596,13,69,0,,,
durham_23,0,0,1,1198,42,184,3,,,
durham_24,0,0,0,715,31,473,2,,,
durham_12,0,0,0,173,1,5,0,,,
durham_17,0,0,0,619,12,18,1,,,
durham_34-2,1,0,0,1251,28,123,0,,,
durham_34-1,0,0,1,734,19,144,1,,,
durham_37,0,0,0,917,41,767,1,,,
durham_21,0,0,0,579,25,88,0,,,
durham_55-11,0,0,0,510,7,6,2,,,
durham_ONESTOP,0,1,0,27570,378,5244,22,,,
durham_44,0,0,0,821,45,753,1,,,
durham_2,0,0,0,756,22,77,0,,,
durham_22,0,0,0,1220,23,54,2,,,
durham_50,0,0,0,936,55,384,1,,,
durham_35.3,0,0,0,1709,77,683,2,,,
durham_33,0,0,0,983,38,374,2,,,
durham_30-2,1,0,0,1694,43,309,6,,,
durham_31,0,2,0,773,49,457,2,,,
durham_13,0,0,0,288,3,7,0,,,
durham_18,0,0,0,541,8,29,0,,,
durham_53-1,0,0,0,668,29,260,1,,,
durham_53-2,0,0,0,974,34,389,2,,,
durham_26,0,0,0,198,14,395,3,,,
durham_32,1,0,0,340,19,504,1,,,
durham_51,0,1,2,1286,60,368,1,,,
durham_27,1,0,0,766,19,392,2,,,
durham_28,0,0,0,478,54,748,3,,,
edgecombe_1401,0,0,0,41,10,249,0,,,
edgecombe_501,0,0,0,95,14,89,0,,,
edgecombe_401,0,0,0,122,10,66,0,,,
edgecombe_801,0,0,0,118,7,215,0,,,
edgecombe_701,0,0,0,380,4,115,0,,,
edgecombe_102,0,0,0,392,32,305,0,,,
edgecombe_103,0,0,0,283,30,372,1,,,
edgecombe_201,0,0,0,214,11,179,0,,,
edgecombe_1203,0,0,0,340,15,374,1,,,
edgecombe_1205,0,0,0,238,1,2,0,,,
edgecombe_901,0,0,0,128,18,263,1,,,
edgecombe_1202,0,0,0,318,5,5,0,,,
edgecombe_101,0,0,0,512,13,45,0,,,
edgecombe_1301,0,0,0,104,20,255,0,,,
edgecombe_601,0,0,0,295,2,86,0,,,
edgecombe_ONESTOP,0,0,0,5955,136,1719,2,,,
edgecombe_1204,0,0,0,414,2,9,0,,,
edgecombe_1201,0,0,0,753,9,28,2,,,
edgecombe_1101,0,0,0,129,10,197,0,,,
edgecombe_104,0,0,0,252,34,238,0,,,
edgecombe_1001,0,0,0,229,17,230,1,,,
edgecombe_301,0,0,0,79,7,54,0,,,
forsyth_71,0,0,0,612,43,1096,6,,,
forsyth_91,0,0,0,284,31,659,3,,,
forsyth_122,0,0,0,1239,48,871,4,,,
forsyth_901,0,0,0,599,20,439,0,,,
forsyth_906,0,0,0,835,33,689,2,,,
forsyth_31,0,0,0,364,30,529,4,,,
forsyth_804,0,0,0,361,17,446,1,,,
forsyth_807,0,0,0,468,19,576,2,,,
forsyth_33,0,0,0,550,33,403,2,,,
forsyth_34,0,0,1,317,35,549,2,,,
forsyth_53,0,0,1,347,38,752,0,,,
forsyth_101,0,0,1,562,33,536,2,,,
forsyth_909,0,0,0,357,21,311,1,,,
forsyth_12,0,0,0,278,28,821,3,,,
forsyth_15,0,0,0,256,29,543,0,,,
forsyth_67,0,0,0,278,19,428,2,,,
forsyth_705,0,0,0,599,35,327,0,,,
forsyth_133,0,0,0,939,81,1691,5,,,
forsyth_54,0,0,0,530,49,931,4,,,
forsyth_51,0,0,0,420,48,822,3,,,
forsyth_72,0,0,6,827,67,1425,1,,,
forsyth_73,0,0,0,413,34,1119,3,,,
forsyth_75,0,0,0,93,11,256,1,,,
forsyth_92,0,0,1,230,35,606,0,,,
forsyth_112,0,0,0,438,62,758,2,,,
forsyth_14,0,0,0,259,38,665,0,,,
forsyth_42,0,0,0,604,37,627,1,,,
forsyth_708,0,0,0,933,46,753,6,,,
forsyth_803,0,0,0,381,14,729,2,,,
forsyth_806,0,0,0,391,32,605,5,,,
forsyth_809,0,0,0,714,28,914,5,,,
forsyth_11,0,0,3,763,77,1151,5,,,
forsyth_62,0,0,0,378,31,614,0,,,
forsyth_82,0,0,0,1175,49,812,5,,,
forsyth_132,0,0,0,713,64,1051,2,,,
forsyth_43,0,0,0,448,32,537,0,,,
forsyth_903,0,0,1,746,21,434,0,,,
forsyth_801,0,0,0,391,20,329,1,,,
forsyth_13,0,0,1,701,48,965,5,,,
forsyth_21,0,0,0,389,60,1175,1,,,
forsyth_63,0,1,1,538,51,1224,5,,,
forsyth_65,0,0,0,594,45,1208,7,,,
forsyth_68,0,0,0,394,42,811,2,,,
forsyth_131,0,0,0,631,52,906,2,,,
forsyth_709,0,0,0,686,40,471,3,,,
forsyth_52,0,0,0,260,22,411,3,,,
forsyth_32,0,0,0,429,35,706,0,,,
forsyth_55,0,0,0,550,42,1096,2,,,
forsyth_74,0,0,0,654,50,736,2,,,
forsyth_701,0,0,0,322,21,416,2,,,
forsyth_702,0,0,0,491,24,269,0,,,
forsyth_707,0,0,0,342,24,280,1,,,
forsyth_905,0,0,0,562,20,265,4,,,
forsyth_123,0,0,0,548,37,665,1,,,
forsyth_601,0,0,0,536,25,185,0,,,
forsyth_604,0,0,0,365,11,122,1,,,
forsyth_802,0,0,0,422,11,591,2,,,
forsyth_805,0,0,0,662,34,785,1,,,
forsyth_907,0,0,0,588,37,363,1,,,
forsyth_111,0,0,0,211,39,591,2,,,
forsyth_507,0,0,0,1177,47,685,1,,,
forsyth_808,0,0,0,762,33,466,2,,,
forsyth_61,0,0,1,346,37,526,5,,,
forsyth_64,0,0,0,187,16,307,0,,,
forsyth_66,0,0,0,260,35,654,3,,,
forsyth_81,0,0,0,862,53,446,1,,,
forsyth_703,0,0,0,387,33,215,1,,,
forsyth_704,0,0,0,525,23,285,1,,,
forsyth_908,0,0,0,682,46,897,0,,,
forsyth_201,0,0,0,1219,34,195,3,,,
forsyth_203,0,0,0,620,7,14,1,,,
forsyth_206,0,0,0,707,7,63,0,,,
forsyth_404,0,0,0,690,23,67,1,,,
forsyth_405,0,0,0,506,13,10,0,,,
forsyth_506,0,0,0,343,26,235,1,,,
forsyth_902,0,0,0,532,21,124,2,,,
forsyth_904,0,0,0,686,23,215,3,,,
forsyth_302,0,0,0,457,7,18,0,,,
forsyth_304,0,0,0,1041,15,15,1,,,
forsyth_402,0,0,0,604,6,8,1,,,
forsyth_501,0,0,0,920,11,70,0,,,
forsyth_204,0,0,0,587,5,39,0,,,
forsyth_83,0,0,0,696,29,251,2,,,
forsyth_401,0,0,0,685,14,34,0,,,
forsyth_403,0,0,0,591,11,25,1,,,
forsyth_301,0,0,0,371,4,4,0,,,
forsyth_303,0,0,0,291,4,0,0,,,
forsyth_306,0,0,0,489,18,75,1,,,
forsyth_706,0,0,2,342,20,208,4,,,
forsyth_607,0,0,0,650,28,481,4,,,
forsyth_606,0,0,0,423,23,246,4,,,
forsyth_603,0,0,1,691,26,191,0,,,
forsyth_504,0,0,0,388,15,57,1,,,
forsyth_505,0,0,0,524,19,132,1,,,
forsyth_205,0,0,0,343,7,8,0,,,
forsyth_602,0,0,0,1007,48,560,4,,,
forsyth_605,0,3,1,916,39,440,1,,,
forsyth_207,0,0,0,697,15,152,0,,,
forsyth_503,0,0,0,491,15,65,0,,,
forsyth_502,0,0,0,603,9,21,2,,,
forsyth_305,0,0,0,743,8,10,0,,,
franklin_8,0,0,0,558,67,687,1,,,
franklin_11,0,0,0,535,33,289,0,,,
franklin_5,0,0,0,377,60,582,4,,,
franklin_2,0,0,0,471,37,252,0,,,
franklin_14,0,0,0,648,67,1064,2,,,
franklin_16,0,0,0,706,73,365,5,,,
franklin_19,0,0,0,796,69,1172,3,,,
franklin_1,0,0,0,649,30,272,0,,,
franklin_7,0,0,0,208,46,546,1,,,
franklin_17,0,0,0,506,66,916,6,,,
franklin_12,0,0,0,324,26,277,2,,,
franklin_15,0,0,0,895,40,385,0,,,
franklin_3,0,0,0,686,84,607,3,,,
franklin_6,0,0,0,504,47,328,0,,,
franklin_9,0,0,0,316,55,455,1,,,
franklin_13,0,0,0,306,46,563,6,,,
franklin_18,0,0,0,435,44,719,4,,,
franklin_10,0,0,0,211,35,286,3,,,
gaston_9,0,0,0,147,24,194,2,,,
gaston_10,0,0,2,223,25,300,1,,,
gaston_26,0,0,0,181,20,382,2,,,
gaston_24,0,0,0,234,47,366,3,,,
gaston_30,0,0,0,115,25,290,0,,,
gaston_44,0,0,0,294,66,762,0,,,
gaston_13,0,0,0,218,48,401,1,,,
gaston_18,0,0,0,481,66,654,0,,,
gaston_42,0,0,0,149,30,477,2,,,
gaston_8,0,0,0,206,14,95,0,,,
gaston_32,0,1,2,212,45,417,1,,,
gaston_ONESTOP,0,1,7,8972,726,12792,39,,,
gaston_12,0,0,0,187,38,336,1,,,
gaston_45,0,0,0,237,37,346,1,,,
gaston_7,0,0,0,206,2,6,0,,,
gaston_25,0,0,0,131,29,352,0,,,
gaston_14,0,0,0,111,20,233,0,,,
gaston_43,0,0,1,239,55,581,1,,,
gaston_46,0,0,1,251,35,576,1,,,
gaston_15,0,0,0,433,49,831,6,,,
gaston_17,0,0,0,290,39,590,0,,,
gaston_1,0,0,0,129,15,137,1,,,
gaston_16,0,0,1,247,39,628,5,,,
gaston_19,0,0,0,274,40,528,2,,,
gaston_4,0,0,0,321,41,587,2,,,
gaston_27,1,0,0,338,47,794,3,,,
gaston_28,0,0,0,249,41,656,1,,,
gaston_31,0,0,0,180,55,624,5,,,
gaston_6,0,0,0,238,10,51,0,,,
gaston_23,0,0,0,293,28,499,3,,,
gaston_3,0,0,0,189,10,121,0,,,
gaston_11,0,0,0,162,14,113,2,,,
gaston_29,0,0,0,188,52,725,2,,,
gaston_2,0,0,0,222,26,154,1,,,
gaston_5,0,0,0,249,27,105,0,,,
gaston_33,0,0,0,84,22,268,1,,,
gaston_40,0,0,0,225,47,423,0,,,
gaston_36,0,0,0,225,55,681,1,,,
gaston_41,0,0,0,142,36,380,1,,,
gaston_37,0,0,0,136,48,325,1,,,
gaston_21,0,0,0,193,26,272,3,,,
gaston_22,0,0,1,232,51,692,0,,,
gaston_20,0,0,1,158,38,540,3,,,
gaston_38,0,0,0,89,43,437,2,,,
gaston_39,0,0,0,117,49,608,4,,,
gaston_34,0,0,0,103,37,368,0,,,
gaston_35,0,0,0,136,22,333,0,,,
gates_4S,0,0,0,199,8,131,0,,,
gates_4N,0,0,0,165,15,294,2,,,
gates_3,0,0,0,303,18,240,0,,,
gates_ONESTOP,0,0,0,498,14,284,1,,,
gates_5,0,0,0,139,7,218,1,,,
gates_1,0,0,0,216,7,204,0,,,
gates_2,0,0,0,111,8,227,0,,,
graham_TAPO,0,0,0,40,16,190,1,,,
graham_STEC,0,0,0,157,40,400,1,,,
graham_EAST,0,0,0,453,99,769,4,,,
graham_WEST,0,0,0,347,124,687,0,,,
granville_WOEL,0,0,0,468,19,171,1,,,
granville_ANTI,0,0,0,478,11,175,0,,,
granville_OKHL,0,0,0,360,21,227,3,,,
granville_SOOX,0,0,0,574,17,128,0,,,
granville_TYHO,0,0,0,561,69,940,5,,,
granville_MTEN,0,0,0,770,75,910,5,,,
granville_SASS,0,0,0,421,37,395,2,,,
granville_CORI,0,0,0,480,29,483,0,,,
granville_CRDL,0,0,0,608,39,254,0,,,
granville_BTNR,0,0,0,676,57,460,2,,,
granville_CRDM,0,0,0,937,47,855,7,,,
granville_EAOX,0,0,0,721,24,335,1,,,
granville_SALM,0,0,0,397,28,381,0,,,
granville_BERE,0,0,0,367,20,389,1,,,
granville_WILT,0,0,1,686,59,1263,4,,,
greene_CAST,0,0,0,86,20,207,0,,,
greene_ONESTOP,0,0,0,1281,74,937,2,,,
greene_MAUR,0,0,0,204,17,291,1,,,
greene_BULL,0,0,0,115,9,123,0,,,
greene_WALS,0,0,0,170,17,195,0,,,
greene_SHIN,0,0,0,129,16,294,0,,,
greene_SUGG,0,0,0,108,12,172,0,,,
greene_HOOK,0,0,0,79,9,163,0,,,
greene_BEAR,0,0,0,83,11,160,3,,,
greene_SH#1,0,0,0,119,10,182,0,,,
greene_ARBA,0,0,0,131,18,150,0,,,
guilford_FEN1,0,0,0,1313,38,473,1,,,
guilford_FR2,0,0,0,568,35,691,1,,,
guilford_G43,0,0,0,648,28,319,3,,,
guilford_GIB,0,0,0,506,47,586,1,,,
guilford_JEF4,0,0,0,400,22,453,0,,,
guilford_G15,0,0,0,544,15,262,1,,,
guilford_NMAD,0,0,0,402,30,563,1,,,
guilford_G42A,0,0,0,568,22,579,0,,,
guilford_H14,0,0,0,251,17,663,0,,,
guilford_SUM2,0,0,0,511,14,317,0,,,
guilford_SWASH,0,0,0,108,15,324,1,,,
guilford_H21,0,0,0,262,25,385,1,,,
guilford_H24,0,0,0,471,31,747,0,,,
guilford_G38,0,0,0,717,34,532,0,,,
guilford_H17,0,0,0,319,11,138,1,,,
guilford_SUM1,0,0,0,686,18,355,0,,,
guilford_FR1,0,0,0,896,31,565,4,,,
guilford_FR5A,0,0,0,407,36,504,6,,,
guilford_FR5B,0,0,1,258,23,431,1,,,
guilford_G16,0,0,0,556,16,449,1,,,
guilford_H20A,0,0,0,264,17,313,2,,,
guilford_CURBSIDE,0,0,0,509,20,207,0,,,
guilford_H06,0,0,0,731,34,472,0,,,
guilford_H13,0,0,0,347,30,589,4,,,
guilford_JAM5,0,0,0,125,11,487,0,,,
guilford_JEF1,0,0,0,528,34,708,2,,,
guilford_G41A,0,0,0,383,18,315,0,,,
guilford_G66,0,0,0,584,43,528,1,,,
guilford_GR,0,0,0,232,32,844,1,,,
guilford_H01,0,0,0,361,24,166,0,,,
guilford_H02,0,0,0,272,18,404,1,,,
guilford_MON2A,0,0,0,921,32,388,1,,,
guilford_NCLAY1,0,0,0,546,31,877,2,,,
guilford_H03,0,0,1,372,18,104,0,,,
guilford_H22,0,0,0,225,15,260,0,,,
guilford_H25,0,0,1,685,36,1197,2,,,
guilford_SCLAY,0,0,0,223,38,800,2,,,
guilford_G13,0,0,0,548,25,212,1,,,
guilford_G41B,0,0,0,443,27,493,2,,,
guilford_G61,0,0,0,663,17,159,0,,,
guilford_G64,0,0,0,729,25,207,2,,,
guilford_H04,0,0,0,460,35,281,0,,,
guilford_JAM2,0,0,0,428,21,510,1,,,
guilford_JEF3,0,0,0,1637,30,265,2,,,
guilford_NCLAY2,0,2,0,215,20,495,0,,,
guilford_SDRI,0,0,0,697,49,1509,3,,,
guilford_FR4,0,0,0,315,20,504,2,,,
guilford_RC2,0,0,0,824,59,864,4,,,
guilford_G17,0,0,0,556,18,460,1,,,
guilford_G33,0,2,0,530,24,579,2,,,
guilford_G35,0,0,0,475,17,341,0,,,
guilford_JAM1,0,0,1,609,39,899,1,,,
guilford_PG2,0,0,0,365,49,1029,1,,,
guilford_G65,0,0,0,629,39,397,1,,,
guilford_JEF2,0,0,0,671,30,422,0,,,
guilford_NWASH,0,1,0,114,13,516,1,,,
guilford_SMAD,0,0,0,495,28,709,0,,,
guilford_FEN2,0,0,0,360,30,727,2,,,
guilford_G39,0,0,0,451,14,316,2,,,
guilford_H12,0,0,0,352,13,160,1,,,
guilford_H15,1,0,0,380,20,407,2,,,
guilford_H20B,0,0,0,254,23,347,1,,,
guilford_H26,0,0,0,455,33,574,2,,,
guilford_JAM3,0,0,0,439,28,611,2,,,
guilford_JAM4,0,0,0,358,24,847,1,,,
guilford_RC1,0,0,0,748,27,736,3,,,
guilford_SUM3,2,0,0,137,10,481,0,,,
guilford_SUM4,0,0,0,221,33,788,1,,,
guilford_G36,0,0,0,563,12,427,1,,,
guilford_G34,0,0,0,630,23,638,1,,,
guilford_G42B,0,0,0,234,8,153,0,,,
guilford_H16,0,0,0,250,21,386,2,,,
guilford_H23,0,0,0,238,24,468,0,,,
guilford_H27-A,0,0,0,522,31,654,3,,,
guilford_H27-B,0,0,0,274,15,442,0,,,
guilford_MON1,0,0,0,685,27,394,0,,,
guilford_MON2B,0,0,0,570,15,281,3,,,
guilford_PG1,0,0,0,301,29,537,1,,,
guilford_G47,0,0,0,670,29,155,2,,,
guilford_G60,0,0,0,497,18,173,0,,,
guilford_G63,0,0,0,531,15,285,3,,,
guilford_G69,0,0,0,900,11,62,1,,,
guilford_G26,0,0,1,1027,32,311,2,,,
guilford_H19A,0,0,0,522,14,60,0,,,
guilford_G11,0,0,0,607,19,182,3,,,
guilford_G01,0,0,0,418,9,39,1,,,
guilford_G04,0,0,0,685,17,39,2,,,
guilford_G03,0,0,0,825,11,37,0,,,
guilford_G51,0,0,0,510,13,215,3,,,
guilford_G54,0,0,0,924,16,86,0,,,
guilford_H29A,0,0,0,509,24,370,0,,,
guilford_G37,0,0,0,701,25,271,0,,,
guilford_G71,0,0,0,910,20,9,2,,,
guilford_G72,0,0,0,932,16,41,0,,,
guilford_H08,0,0,0,294,5,18,0,,,
guilford_H07,0,0,0,448,8,39,1,,,
guilford_H28,0,0,0,741,45,612,4,,,
guilford_G67,0,0,0,365,5,6,0,,,
guilford_G46,0,0,0,965,14,18,1,,,
guilford_G06,0,0,0,779,6,19,0,,,
guilford_G52,0,0,0,786,23,76,0,,,
guilford_G55,0,0,0,1000,20,146,1,,,
guilford_G58,0,0,0,572,15,133,0,,,
guilford_G02,0,0,0,306,8,123,1,,,
guilford_G62,0,0,0,376,27,240,1,,,
guilford_G49,0,0,0,330,15,68,0,,,
guilford_G48,0,0,0,799,48,273,1,,,
guilford_G12,0,0,0,469,13,107,1,,,
guilford_H19B,0,0,1,222,6,234,0,,,
guilford_G57,0,0,0,737,22,165,1,,,
guilford_G08,0,0,0,773,33,186,4,,,
guilford_G07,0,0,0,515,16,177,1,,,
guilford_G10,0,0,0,969,24,210,1,,,
guilford_H29B,0,0,0,563,28,357,0,,,
guilford_H10,0,0,0,889,10,78,0,,,
guilford_G73,0,0,0,781,9,10,0,,,
guilford_G74,0,0,0,1190,10,18,1,,,
guilford_H05,0,0,0,656,13,90,0,,,
guilford_G14,0,0,0,564,7,217,0,,,
guilford_H09,0,0,0,565,11,13,0,,,
guilford_G44,0,0,1,568,33,122,0,,,
guilford_G68,0,0,0,454,11,6,0,,,
guilford_G45,0,0,0,478,26,73,1,,,
guilford_G09,0,0,0,890,23,165,0,,,
guilford_G56,0,0,0,605,7,160,1,,,
guilford_G59,0,0,0,506,15,133,3,,,
guilford_H11,0,0,0,647,18,62,1,,,
guilford_H18,0,0,0,644,15,182,0,,,
guilford_G70,0,0,0,798,18,11,1,,,
guilford_G75,0,0,0,855,12,42,1,,,
guilford_G50,0,0,0,680,32,184,1,,,
guilford_G53,0,0,0,1213,13,80,2,,,
guilford_CG3B,0,0,1,745,28,756,2,,,
guilford_G05,0,0,0,757,6,8,1,,,
guilford_FR3,0,0,0,386,24,419,0,,,
guilford_G20,0,0,0,657,37,672,2,,,
guilford_G27,0,0,0,829,55,820,1,,,
guilford_G29,0,0,0,429,31,273,2,,,
guilford_G40A2,0,0,0,385,13,265,0,,,
guilford_G22,0,0,0,499,23,649,1,,,
guilford_G31,0,0,0,433,41,376,1,,,
guilford_G19,0,0,0,446,12,420,0,,,
guilford_NDRI,0,0,0,212,40,892,3,,,
guilford_OR1,0,0,0,525,38,1330,1,,,
guilford_MON3,0,1,0,756,54,1281,1,,,
guilford_NCGR1,0,0,1,556,52,1105,2,,,
guilford_NCGR2,0,0,0,313,37,745,0,,,
guilford_SF2,0,0,0,236,21,651,1,,,
guilford_CG1,0,1,1,637,30,510,1,,,
guilford_G28,0,0,0,359,14,256,0,,,
guilford_G23,1,0,0,403,28,303,0,,,
guilford_G25,0,0,0,523,27,375,3,,,
guilford_G40B,0,0,0,350,14,424,1,,,
guilford_CG3A,0,0,0,528,16,499,1,,,
guilford_G40A1,1,0,0,470,21,414,0,,,
guilford_SF3,2,0,0,600,33,835,0,,,
guilford_SF4,0,0,2,688,47,1263,6,,,
guilford_STOK,0,0,0,480,55,1353,0,,,
guilford_G30,0,0,0,458,17,548,1,,,
guilford_G32,0,0,0,793,29,825,1,,,
guilford_G21,0,0,0,932,27,805,0,,,
guilford_G24,0,0,0,406,10,168,1,,,
guilford_SF1,0,0,0,488,47,1160,1,,,
guilford_OR2,0,0,0,366,23,918,2,,,
guilford_CG2,0,0,0,525,17,587,0,,,
guilford_G18,0,0,0,374,11,492,0,,,
halifax_RR 5,0,0,0,73,22,203,1,,,
halifax_RR 8,0,0,0,139,14,177,1,,,
halifax_ENF 2,0,0,0,399,3,45,0,,,
halifax_WEL 1,0,0,0,247,6,49,0,,,
halifax_HPR,0,0,0,254,7,175,0,,,
halifax_WEL 2,0,0,0,107,2,81,0,,,
halifax_CONC,0,0,0,101,1,29,0,,,
halifax_RR 4,0,0,0,102,20,278,1,,,
halifax_ENF1,0,0,0,597,15,106,1,,,
halifax_RINGW,0,0,0,485,7,44,0,,,
halifax_RR 7,0,0,0,194,18,65,0,,,
halifax_RR1-2,0,0,0,116,29,256,0,,,
halifax_RR 10,0,0,0,303,47,542,2,,,
halifax_RR 3,0,0,0,119,22,248,0,,,
halifax_RR 6,0,0,0,78,19,233,1,,,
halifax_RR 9,0,0,0,462,22,185,0,,,
halifax_BUTWD,0,0,0,73,5,76,0,,,
halifax_FAUCT,0,0,0,139,20,245,1,,,
halifax_HOL,0,0,0,662,16,73,0,,,
halifax_HAL,0,0,0,225,5,82,1,,,
halifax_ONESTOP,0,0,0,3779,99,1335,3,,,
halifax_RR 11,0,0,0,240,32,502,1,,,
halifax_LIT 1,0,0,0,441,9,112,0,,,
halifax_LIT 2,0,0,0,220,18,395,0,,,
halifax_SN,0,0,0,705,23,281,0,,,
halifax_WEL 3,0,0,0,376,14,167,0,,,
harnett_PR28,0,0,0,382,67,1221,5,,,
harnett_PR07,1,0,0,644,81,1025,1,,,
harnett_PR31,0,0,0,219,28,187,0,,,
harnett_PR16,0,0,0,470,64,661,2,,,
harnett_ONESTOP,0,0,0,4500,312,5144,15,,,
harnett_PR08,0,0,2,558,82,959,2,,,
harnett_PR01,0,0,0,562,66,935,3,,,
harnett_PR29,0,0,0,484,42,851,3,,,
harnett_PR24,0,0,0,380,86,1142,5,,,
harnett_PR26,0,0,0,381,66,792,1,,,
harnett_PR32,0,0,0,258,50,521,3,,,
harnett_PR20,0,0,0,469,30,291,2,,,
harnett_PR23,0,0,0,393,70,608,1,,,
harnett_PR25,0,0,0,627,30,558,0,,,
haywood_PC,0,0,0,153,29,281,1,,,
haywood_CURBSIDE,0,0,0,0,0,0,0,,,
haywood_BE56,0,0,0,388,51,319,0,,,
haywood_CL-N,0,0,0,370,46,477,1,,,
haywood_CL-S,0,0,2,397,71,481,0,,,
haywood_BE-1,0,0,0,146,34,273,1,,,
haywood_JC,0,0,7,533,64,662,2,,,
haywood_BE-4,0,0,1,227,37,368,3,,,
haywood_CE,0,0,0,41,7,109,0,,,
haywood_EF,0,0,0,149,28,299,1,,,
haywood_WO,0,0,0,65,9,63,0,,,
haywood_P,0,0,0,372,49,733,4,,,
haywood_BE-3,0,0,4,277,57,433,0,,,
haywood_FC-2,0,0,0,32,4,54,0,,,
haywood_BC,0,0,0,4,2,7,0,,,
haywood_BE-7,0,0,0,146,24,319,0,,,
haywood_BE-2,0,0,0,200,30,203,4,,,
haywood_IH,0,0,3,628,74,861,0,,,
haywood_FC-1,0,0,0,141,10,162,0,,,
haywood_CR,0,0,0,345,37,377,2,,,
haywood_SA,0,0,1,392,53,488,1,,,
haywood_WS-1,0,0,1,536,32,477,2,,,
haywood_WS-2,0,0,0,432,28,369,3,,,
haywood_HA,0,0,3,189,31,145,0,,,
haywood_ID,0,0,0,204,21,215,0,,,
haywood_WC,0,0,0,170,16,110,2,,,
haywood_WE,0,0,0,375,31,318,1,,,
haywood_AC,0,0,0,343,38,449,0,,,
haywood_WW,0,0,1,307,30,324,0,,,
haywood_LJ,0,1,1,518,20,404,0,,,
henderson_AR,0,0,0,220,22,376,0,,,
henderson_GR,0,0,0,276,30,785,2,,,
henderson_EF,0,0,0,243,40,553,0,,,
henderson_AT,0,0,1,506,51,1000,1,,,
henderson_HS,0,0,1,461,37,738,1,,,
henderson_ES,0,0,0,340,63,508,0,,,
henderson_RR,0,0,0,185,9,240,1,,,
henderson_CB,0,2,0,163,31,362,2,,,
henderson_ONESTOP,0,0,1,185,17,288,2,,,
henderson_EV,0,0,2,447,45,793,0,,,
henderson_FR,0,0,0,664,27,1169,1,,,
henderson_RG,0,0,2,351,47,666,2,,,
henderson_CC,0,0,0,388,59,850,1,,,
henderson_HV-1,0,0,1,576,39,517,1,,,
henderson_HV-2,0,0,0,456,31,380,2,,,
henderson_SB,0,0,0,283,36,790,5,,,
henderson_NW,0,0,1,306,47,440,0,,,
henderson_CV,0,0,0,132,11,195,0,,,
henderson_FL,0,0,0,740,61,857,3,,,
henderson_BC,0,0,0,163,17,211,0,,,
henderson_SM,0,0,1,520,68,1017,0,,,
henderson_HC,0,0,1,437,41,845,0,,,
henderson_NE,0,0,1,281,30,386,0,,,
henderson_ED,0,0,0,296,43,620,0,,,
henderson_BK,0,0,0,176,20,199,0,,,
henderson_GM,0,0,0,161,20,367,0,,,
henderson_NM,0,0,1,478,50,836,2,,,
henderson_MG,0,0,0,127,27,235,0,,,
henderson_PV,0,0,0,430,39,625,0,,,
henderson_LJ,0,0,0,439,37,598,0,,,
henderson_LP,0,0,0,452,23,500,0,,,
henderson_SW,0,0,0,418,45,655,3,,,
henderson_HV-3,0,0,0,550,41,432,1,,,
henderson_NB,0,0,1,386,66,918,1,,,
henderson_SE,0,0,0,126,20,289,0,,,
henderson_PR,0,0,0,357,38,626,1,,,
hertford_M1,0,0,0,607,9,251,0,,,
hertford_ONESTOP,0,0,0,1137,16,333,2,,,
hertford_A3,0,0,0,426,3,28,2,,,
hertford_ML,0,0,0,59,8,150,1,,,
hertford_SJ,0,0,0,203,8,79,0,,,
hertford_CM,0,0,0,90,5,69,0,,,
hertford_BR,0,0,0,153,3,14,0,,,
hertford_UN,0,0,0,157,12,109,0,,,
hertford_WN,0,0,0,171,6,79,0,,,
hertford_A2,0,0,0,339,8,265,0,,,
hertford_A1,0,0,0,370,15,225,0,,,
hertford_CO,0,0,0,150,4,31,0,,,
hertford_HV,0,0,0,162,4,105,0,,,
hertford_M2,0,0,0,286,6,92,0,,,
hoke_14,0,0,0,633,39,414,1,,,
hoke_06B,0,0,0,649,44,596,0,,,
hoke_2,0,0,0,437,34,195,1,,,
hoke_5,0,0,0,318,29,286,2,,,
hoke_64,0,0,0,460,39,278,1,,,
hoke_65,0,0,0,398,9,8,2,,,
hoke_13,0,0,0,219,21,299,0,,,
hoke_61,0,0,0,518,34,218,1,,,
hoke_1,0,0,0,72,8,50,0,,,
hoke_4,0,0,0,178,19,217,0,,,
hoke_62,0,0,0,207,17,166,0,,,
hoke_63,0,0,0,804,26,227,0,,,
hoke_15,0,0,0,370,14,229,1,,,
hoke_12,0,0,0,452,40,737,3,,,
hoke_3,0,0,1,255,11,95,0,,,
hyde_SLAD,0,0,0,61,10,106,0,,,
hyde_LL,0,0,0,142,7,60,1,,,
hyde_BM,0,0,0,15,7,103,0,,,
hyde_ENG,0,0,0,141,22,118,0,,,
hyde_FF,0,0,0,75,15,88,0,,,
hyde_OCK,0,0,1,217,16,67,0,,,
hyde_ONESTOP,0,0,0,142,11,119,0,,,
hyde_SQ,0,0,0,80,9,114,0,,,
iredell_ST2,0,0,0,524,72,653,4,,,
iredell_ST5,0,0,0,679,58,607,4,,,
iredell_TB,0,0,0,373,88,600,5,,,
iredell_EM,0,0,2,125,37,370,0,,,
iredell_SH-A,0,0,0,341,122,991,6,,,
iredell_SB,0,0,0,201,59,681,1,,,
iredell_SH-B,0,0,0,308,112,957,6,,,
iredell_CD,0,0,0,520,126,1518,7,,,
iredell_FT,0,0,0,1000,225,2214,8,,,
iredell_OL,0,0,0,127,41,498,1,,,
iredell_CS,0,0,0,387,89,759,1,,,
iredell_NH,0,0,0,118,37,446,4,,,
iredell_ST1,0,0,0,656,79,1088,6,,,
iredell_ST4,0,0,0,623,76,759,4,,,
iredell_CH-A,0,0,0,463,60,652,0,,,
iredell_ST3,0,0,0,740,66,459,4,,,
iredell_UG,0,0,0,141,52,567,2,,,
iredell_BE,0,0,2,717,148,1708,5,,,
iredell_DV1-B,0,0,0,1124,144,3024,3,,,
iredell_CC1,0,0,3,917,135,1409,17,,,
iredell_ST6,0,0,0,813,52,478,9,,,
iredell_DV2-B,0,0,0,569,68,1245,2,,,
iredell_BA,0,0,1,525,114,1152,3,,,
iredell_CC3,0,0,4,1159,194,1862,17,,,
iredell_DV2-A,0,0,0,458,83,1382,4,,,
iredell_CC2,0,0,1,907,136,1144,7,,,
iredell_CC4,0,0,2,770,138,1389,4,,,
iredell_CH-B,0,0,0,292,79,616,2,,,
iredell_DV1-A,0,0,2,723,112,2024,3,,,
jackson_BCK,0,0,0,209,31,308,0,,,
jackson_SSW,0,0,0,662,68,473,1,,,
jackson_CAN,0,0,0,78,9,97,0,,,
jackson_RIV,0,0,0,144,16,171,2,,,
jackson_SND,0,0,0,680,71,480,1,,,
jackson_CAS,0,0,0,271,24,609,1,,,
jackson_SAV,0,0,0,215,22,294,1,,,
jackson_CURBSIDE,0,0,0,51,9,36,0,,,
jackson_GLV,0,0,0,199,25,480,0,,,
jackson_WEB,0,0,0,566,43,363,2,,,
jackson_GCK,0,0,0,240,26,221,0,,,
jackson_CUL,0,0,0,787,83,489,7,,,
jackson_CFK,0,0,0,130,13,124,0,,,
jackson_SCC,0,0,0,366,33,318,0,,,
jackson_QUA,0,0,0,500,78,488,1,,,
johnston_PR36,0,0,0,329,62,850,4,,,
johnston_PR37,0,0,0,475,90,1137,4,,,
johnston_PR08,0,0,0,162,56,691,2,,,
johnston_PR28,0,0,0,608,63,1020,10,,,
johnston_PR30,0,0,1,524,70,709,1,,,
johnston_PR19,0,0,1,194,37,492,2,,,
johnston_PR31B,0,0,1,747,88,1360,6,,,
johnston_PR11A,0,0,0,536,45,675,1,,,
johnston_PR09,0,0,1,688,80,1318,2,,,
johnston_PR26,0,0,0,666,30,296,1,,,
johnston_PR33,0,0,0,355,45,1090,1,,,
johnston_PR38,0,0,0,148,47,699,2,,,
johnston_PR12A,0,0,2,620,66,1111,2,,,
johnston_PR04,0,1,0,182,20,366,1,,,
johnston_PR07,0,0,0,301,62,886,2,,,
johnston_PR11B,0,0,0,805,79,1058,2,,,
johnston_PR12B,0,0,0,654,56,984,1,,,
johnston_PR14,0,0,1,184,42,722,1,,,
johnston_PR23A,0,0,3,382,66,940,2,,,
johnston_PR22,0,1,0,341,63,917,4,,,
johnston_PR34,0,0,0,1188,86,1179,4,,,
johnston_PR35,0,0,0,548,81,1263,3,,,
johnston_PR27B,0,0,0,441,50,557,2,,,
johnston_PR31A,0,0,1,404,40,685,0,,,
johnston_PR13,0,0,0,284,45,752,5,,,
johnston_PR21,0,0,0,226,50,840,1,,,
johnston_PR24,0,0,1,562,27,307,2,,,
johnston_PR29A,0,0,0,640,97,1401,2,,,
johnston_PR32,0,0,0,356,47,772,0,,,
johnston_PR27A,0,0,0,411,25,430,1,,,
johnston_PR10A,0,0,0,601,57,472,4,,,
johnston_PR29B,0,1,0,1004,92,1786,6,,,
johnston_PR25,0,0,1,452,45,410,0,,,
johnston_PR20,0,0,0,449,49,728,1,,,
johnston_PR10B,0,1,0,312,39,637,0,,,
johnston_PR23B,0,0,0,456,57,980,0,,,
jones_P03,0,0,0,58,24,174,1,,,
jones_P06,0,0,0,76,18,164,0,,,
jones_P02,0,0,0,48,10,138,1,,,
jones_P05,0,0,0,339,28,164,2,,,
jones_P07,0,0,0,315,27,202,0,,,
jones_ONESTOP,0,0,0,446,39,619,4,,,
jones_P01,0,0,0,125,20,148,0,,,
jones_P04,0,0,0,302,28,383,0,,,
lee_ONESTOP,0,1,2,4049,312,3998,9,,,
lee_C1,0,0,0,252,35,425,0,,,
lee_E1,0,0,2,251,56,429,1,,,
lee_B2,0,0,0,195,42,232,0,,,
lee_D2,0,0,0,304,53,532,1,,,
lee_C2,1,0,0,192,56,446,0,,,
lee_E2,0,0,0,260,25,248,1,,,
lee_A1,0,0,2,368,46,304,0,,,
lee_A2,0,0,2,495,34,227,1,,,
lee_B1,0,0,0,170,25,384,3,,,
lee_D1,0,0,0,274,41,564,2,,,
lenoir_W,0,0,0,107,22,430,0,,,
lenoir_K3,0,0,0,427,15,101,1,,,
lenoir_N,0,0,0,464,58,863,0,,,
lenoir_CURBSIDE,0,0,0,0,0,0,0,,,
lenoir_SW,0,0,0,104,40,304,0,,,
lenoir_PH1,0,0,0,58,19,228,0,,,
lenoir_I,0,0,0,219,51,480,1,,,
lenoir_T1,0,0,0,142,34,497,0,,,
lenoir_V,0,0,0,553,33,443,0,,,
lenoir_K4,0,0,0,642,36,751,1,,,
lenoir_MH,0,0,0,956,38,871,1,,,
lenoir_FC,0,0,0,582,84,1413,0,,,
lenoir_T2,0,0,0,82,23,344,3,,,
lenoir_PH2,0,0,0,105,25,396,2,,,
lenoir_SH,0,0,0,88,14,279,0,,,
lenoir_C,0,0,0,472,36,490,0,,,
lenoir_K5,0,0,0,518,16,176,0,,,
lenoir_K1,0,0,0,309,8,6,0,,,
lenoir_K7,0,0,0,767,20,129,0,,,
lenoir_K2,0,0,0,385,14,12,1,,,
lenoir_K6,0,0,0,800,8,108,2,,,
lenoir_K8,0,0,0,557,0,4,0,,,
lenoir_K9,0,0,0,659,24,368,0,,,
lincoln_LW31,0,0,0,189,42,556,2,,,
lincoln_PC22,0,0,0,80,31,359,0,,,
lincoln_IS20,1,0,0,95,39,444,1,,,
lincoln_ONESTOP,0,0,2,2953,314,5355,9,,,
lincoln_AS25,0,0,0,200,29,567,6,,,
lincoln_DN29,0,0,0,110,28,423,1,,,
lincoln_NB35,0,0,0,208,59,730,2,,,
lincoln_BS26,0,0,0,147,33,382,1,,,
lincoln_LS12,0,0,0,179,30,186,0,,,
lincoln_DV08,0,1,0,181,69,584,1,,,
lincoln_DW28,0,0,0,110,26,347,0,,,
lincoln_LN11,0,0,0,190,26,230,2,,,
lincoln_LI14,0,0,0,141,31,308,1,,,
lincoln_LW18,0,0,2,88,17,203,0,,,
lincoln_HC33,0,0,0,275,87,598,6,,,
lincoln_TA37,0,0,1,153,58,523,3,,,
lincoln_IS23,0,0,1,200,45,507,4,,,
lincoln_CF19,0,0,2,77,21,345,2,,,
lincoln_ST36,0,0,0,220,57,551,2,,,
lincoln_WP32,0,0,1,247,38,715,2,,,
lincoln_OB21,0,0,1,74,26,421,2,,,
lincoln_SL24,0,0,0,158,36,406,3,,,
lincoln_LB34,0,0,0,170,51,591,3,,,
lincoln_BC13,0,0,0,140,22,182,0,,,
macon_10,0,0,0,54,8,109,0,,,
macon_4,0,0,0,132,32,191,1,,,
macon_7,0,0,0,146,30,271,1,,,
macon_12,1,0,1,216,31,311,2,,,
macon_15,0,0,0,179,25,328,0,,,
macon_3,0,0,0,157,38,233,4,,,
macon_6,0,0,0,156,24,232,2,,,
macon_13,0,0,0,43,15,162,0,,,
macon_9,0,0,0,244,25,355,1,,,
macon_11,0,0,0,235,48,408,4,,,
macon_2,0,0,0,89,17,148,0,,,
macon_14,0,0,0,75,17,161,0,,,
macon_ONESTOP,0,0,0,2103,246,2921,6,,,
macon_1,0,0,0,168,22,219,0,,,
macon_5,0,0,0,171,41,324,2,,,
macon_8,0,0,0,45,3,113,0,,,
madison_BEECH,0,0,0,479,49,639,3,,,
madison_LAUREL,0,0,0,197,36,197,0,,,
madison_MARS H,0,0,0,753,96,807,2,,,
madison_SPRING,0,0,0,196,18,168,0,,,
madison_WALNUT,0,0,0,271,45,293,0,,,
madison_SOUTH,0,0,1,245,52,194,0,,,
madison_REVERE,0,0,2,107,9,34,0,,,
madison_NORTH,0,0,0,539,68,513,0,,,
madison_SANDY,0,0,0,116,17,111,0,,,
madison_HOT SP,0,0,0,218,31,160,0,,,
madison_EBBS C,0,0,0,175,22,298,0,,,
madison_GRAPEV,0,0,0,208,30,254,1,,,
martin_GN,0,0,0,220,11,155,0,,,
martin_R2,0,0,0,328,18,159,0,,,
martin_HM,0,0,0,218,8,114,0,,,
martin_ONESTOP,0,0,0,1551,69,886,1,,,
martin_GR,0,0,0,123,19,305,1,,,
martin_R1,0,0,0,251,8,135,0,,,
martin_W1,0,0,0,339,27,299,1,,,
martin_HS,0,0,0,76,6,32,0,,,
martin_CR,0,0,0,144,17,187,0,,,
martin_J,0,0,0,265,31,378,1,,,
martin_W,0,0,0,117,14,196,0,,,
martin_BG,0,0,0,125,47,452,4,,,
martin_W2,0,0,0,459,30,282,1,,,
martin_PP,0,0,0,52,5,51,0,,,
mcdowell_GLENWD,0,0,0,171,45,466,2,,,
mcdowell_WEST M,0,0,0,362,72,781,0,,,
mcdowell_43891,0,0,0,389,60,670,4,,,
mcdowell_PLEASA,0,0,0,255,63,608,3,,,
mcdowell_43894,0,0,0,101,33,156,0,,,
mcdowell_NEBO,0,0,0,319,59,725,0,,,
mcdowell_FORT 2,0,0,0,138,28,235,0,,,
mcdowell_T.COVE,0,0,0,71,12,261,1,,,
mcdowell_M.COVE,0,0,0,136,41,474,1,,,
mcdowell_FORT 1,0,0,0,194,52,318,1,,,
mcdowell_HIGGIN,0,0,0,155,34,288,1,,,
mcdowell_N.COVE,0,0,0,90,10,231,0,,,
mcdowell_CCREEK,0,0,0,306,55,627,2,,,
mcdowell_43892,0,0,0,306,43,204,1,,,
mcdowell_43893,0,0,0,119,28,175,0,,,
mcdowell_43895,0,0,0,93,17,192,0,,,
mcdowell_DYSART,0,0,0,197,57,509,1,,,
mecklenburg_20,0,0,0,615,34,507,0,,,
mecklenburg_88,0,0,0,501,42,476,4,,,
mecklenburg_18,0,0,1,348,12,607,1,,,
mecklenburg_58,0,0,0,386,25,289,5,,,
mecklenburg_49,0,0,0,518,25,449,1,,,
mecklenburg_50,0,0,0,449,39,291,0,,,
mecklenburg_101,0,0,0,393,43,648,2,,,
mecklenburg_10,0,0,0,709,29,421,3,,,
mecklenburg_21,0,0,0,540,46,269,2,,,
mecklenburg_120,0,0,0,529,19,92,0,,,
mecklenburg_86,0,0,0,382,17,776,1,,,
mecklenburg_87,0,0,0,552,56,422,2,,,
mecklenburg_CURBSIDE,0,1,0,2196,34,337,1,,,
mecklenburg_59,0,0,0,315,31,221,2,,,
mecklenburg_51,0,0,0,715,39,461,1,,,
mecklenburg_75,0,0,0,619,36,942,2,,,
mecklenburg_92,0,0,0,579,21,830,2,,,
mecklenburg_76,0,0,0,668,59,752,0,,,
mecklenburg_1,0,0,0,382,22,422,0,,,
mecklenburg_47,0,0,1,524,25,658,0,,,
mecklenburg_32,0,0,0,388,19,748,1,,,
mecklenburg_37,0,0,0,448,41,403,0,,,
mecklenburg_38,0,0,3,446,32,267,3,,,
mecklenburg_57,0,0,0,480,24,553,1,,,
mecklenburg_8,0,0,1,450,22,722,0,,,
mecklenburg_19,0,0,0,400,17,526,3,,,
mecklenburg_9,0,0,1,840,28,467,1,,,
mecklenburg_93,0,0,0,328,13,552,1,,,
mecklenburg_226,0,0,0,665,38,777,1,,,
mecklenburg_209,0,0,3,852,65,1011,5,,,
mecklenburg_229,0,0,5,1335,74,1194,5,,,
mecklenburg_243,0,0,0,1794,106,1051,8,,,
mecklenburg_122,0,0,1,1204,71,696,2,,,
mecklenburg_225,0,0,1,311,41,331,4,,,
mecklenburg_228,0,2,0,894,42,368,0,,,
mecklenburg_134,0,0,2,1080,102,1136,4,,,
mecklenburg_230,0,0,0,1576,56,743,5,,,
mecklenburg_114,0,0,0,600,50,845,1,,,
mecklenburg_138,0,0,0,723,29,188,0,,,
mecklenburg_223.1,0,0,0,1670,82,1028,0,,,
mecklenburg_142,0,0,6,862,83,1294,1,,,
mecklenburg_143,0,0,4,958,72,1449,0,,,
mecklenburg_224,0,0,1,561,39,400,0,,,
mecklenburg_200,0,0,0,289,32,345,1,,,
mecklenburg_145,0,0,1,2242,85,1490,1,,,
mecklenburg_241,0,0,0,1035,59,1170,2,,,
mecklenburg_207,0,0,7,785,76,1277,3,,,
mecklenburg_127,0,0,8,839,56,1234,1,,,
mecklenburg_239,0,0,0,930,33,358,1,,,
mecklenburg_202,0,1,5,1295,80,1440,8,,,
mecklenburg_133,0,0,6,690,52,1208,3,,,
mecklenburg_240,0,0,11,797,61,1315,3,,,
mecklenburg_206,0,0,5,1404,62,833,2,,,
mecklenburg_208,0,0,9,737,57,1399,0,,,
mecklenburg_242,0,0,1,349,19,1212,0,,,
mecklenburg_116,0,1,0,527,16,115,0,,,
mecklenburg_123,0,2,1,839,17,182,0,,,
mecklenburg_4,0,0,0,700,25,217,1,,,
mecklenburg_204.1,0,0,0,1667,25,290,1,,,
mecklenburg_61,0,0,0,655,27,238,2,,,
mecklenburg_205,0,0,0,842,25,507,1,,,
mecklenburg_149,0,0,1,1530,32,280,3,,,
mecklenburg_60,0,0,0,890,8,33,0,,,
mecklenburg_3,0,0,0,753,16,66,1,,,
mecklenburg_84,0,0,0,653,22,143,1,,,
mecklenburg_43,0,0,0,906,15,97,0,,,
mecklenburg_124,0,0,0,851,19,110,1,,,
mecklenburg_203,0,0,2,1489,31,423,2,,,
mecklenburg_201,0,1,1,1628,69,696,6,,,
mecklenburg_104,0,0,0,1175,16,84,0,,,
mecklenburg_108,0,0,0,723,10,78,0,,,
mecklenburg_95,0,0,0,568,17,128,2,,,
mecklenburg_83,0,0,0,867,34,332,1,,,
mecklenburg_6,0,0,1,661,28,103,1,,,
mecklenburg_17,0,0,0,587,16,46,0,,,
mecklenburg_115,0,0,0,443,23,206,1,,,
mecklenburg_94,0,0,0,565,44,210,0,,,
mecklenburg_125,0,1,0,392,14,121,2,,,
mecklenburg_130,0,2,0,441,23,156,0,,,
mecklenburg_29,0,0,0,568,23,171,2,,,
mecklenburg_46,0,0,0,730,43,210,2,,,
mecklenburg_85,0,0,0,640,37,461,4,,,
mecklenburg_63,0,1,0,594,24,137,3,,,
mecklenburg_44,0,0,0,533,24,199,1,,,
mecklenburg_33,0,0,0,515,28,175,0,,,
mecklenburg_34,0,0,0,552,29,231,1,,,
mecklenburg_2,0,0,2,758,26,320,0,,,
mecklenburg_62,0,0,0,568,18,131,0,,,
mecklenburg_45,0,0,0,477,33,182,0,,,
mecklenburg_99,0,0,2,444,13,65,0,,,
mecklenburg_15,0,0,0,1000,46,272,2,,,
mecklenburg_109,0,0,0,706,35,245,1,,,
mecklenburg_117,0,0,0,572,16,197,1,,,
mecklenburg_30,0,0,1,789,29,145,1,,,
mecklenburg_102,0,0,0,1109,45,420,1,,,
mecklenburg_64,0,0,0,273,22,136,0,,,
mecklenburg_5,0,0,1,386,20,103,0,,,
mecklenburg_235,0,1,1,678,23,650,0,,,
mecklenburg_217,0,1,0,498,32,554,1,,,
mecklenburg_11,0,0,0,1366,55,690,1,,,
mecklenburg_210,0,0,0,2250,35,205,0,,,
mecklenburg_211,0,0,7,2209,69,673,4,,,
mecklenburg_79,0,0,0,497,25,239,0,,,
mecklenburg_150,0,0,0,902,40,437,8,,,
mecklenburg_53,0,0,0,997,17,91,2,,,
mecklenburg_80,0,0,0,878,31,254,1,,,
mecklenburg_24,0,0,0,779,21,85,0,,,
mecklenburg_222,0,0,4,1750,53,561,0,,,
mecklenburg_81,0,0,1,1276,31,238,2,,,
mecklenburg_40,0,0,0,742,29,80,1,,,
mecklenburg_12,0,0,0,700,15,51,0,,,
mecklenburg_41,0,1,0,799,17,71,1,,,
mecklenburg_89,0,0,2,1589,64,773,2,,,
mecklenburg_98,0,0,0,690,22,106,1,,,
mecklenburg_35,0,0,0,400,17,381,1,,,
mecklenburg_147,0,0,0,996,22,149,0,,,
mecklenburg_22,0,0,0,1150,35,386,0,,,
mecklenburg_39,0,0,0,692,15,25,0,,,
mecklenburg_78.1,0,0,0,425,21,135,0,,,
mecklenburg_13,0,0,0,738,22,180,6,,,
mecklenburg_52,0,0,0,1050,5,38,1,,,
mecklenburg_77,0,0,0,850,16,53,3,,,
mecklenburg_14,0,0,0,858,27,51,0,,,
mecklenburg_23,0,0,0,520,11,44,2,,,
mecklenburg_31,0,0,0,858,8,26,2,,,
mecklenburg_97,0,1,0,415,17,105,1,,,
mecklenburg_221,0,0,0,650,46,1336,6,,,
mecklenburg_236,0,1,3,534,68,1103,4,,,
mecklenburg_234,0,0,0,674,34,573,8,,,
mecklenburg_218,0,0,0,420,57,778,2,,,
mecklenburg_219,0,0,1,385,37,614,3,,,
mecklenburg_215,0,1,0,649,51,817,0,,,
mecklenburg_136,0,0,0,409,28,621,1,,,
mecklenburg_220,0,2,0,541,52,947,1,,,
mecklenburg_91,0,1,1,809,34,1292,3,,,
mecklenburg_233,0,0,1,700,60,1207,4,,,
mecklenburg_216,0,0,2,957,45,928,1,,,
mecklenburg_227,0,0,1,1142,60,1272,2,,,
mecklenburg_121,0,0,2,679,35,1274,3,,,
mecklenburg_70,0,0,0,467,18,628,1,,,
mecklenburg_65,0,1,1,343,29,365,5,,,
mecklenburg_68,0,0,0,392,18,260,0,,,
mecklenburg_110,0,0,1,285,25,429,0,,,
mecklenburg_100,0,0,0,590,25,671,0,,,
mecklenburg_103,0,2,0,716,49,932,2,,,
mecklenburg_119,1,0,0,377,22,358,1,,,
mecklenburg_71,0,0,0,349,17,638,0,,,
mecklenburg_90,0,0,0,344,24,394,0,,,
mecklenburg_36,0,0,0,663,33,597,0,,,
mecklenburg_67,0,0,2,372,29,415,0,,,
mecklenburg_69,0,0,0,797,48,1181,7,,,
mecklenburg_7,0,0,0,472,37,210,1,,,
mecklenburg_96,0,0,1,469,14,457,0,,,
mecklenburg_111,0,1,0,570,31,693,2,,,
mecklenburg_106,0,0,1,425,33,468,1,,,
mecklenburg_74,0,0,0,444,22,731,2,,,
mecklenburg_131,0,0,0,344,20,582,1,,,
mecklenburg_48,0,0,0,353,25,727,0,,,
mecklenburg_118,0,0,2,548,28,661,0,,,
mecklenburg_72,0,0,0,376,18,458,0,,,
mecklenburg_73,0,0,0,402,22,424,1,,,
mecklenburg_66,0,0,0,432,19,330,0,,,
mecklenburg_232,0,0,2,952,63,1139,4,,,
mecklenburg_148,0,0,0,1616,99,1805,5,,,
mecklenburg_112,0,0,0,415,22,677,2,,,
mecklenburg_113,0,0,0,625,42,1018,1,,,
mecklenburg_137,0,0,2,812,40,1559,0,,,
mecklenburg_139.1,0,0,0,575,39,800,3,,,
mecklenburg_231,0,0,0,768,54,617,3,,,
mecklenburg_144,0,0,0,660,49,940,6,,,
mecklenburg_129,0,0,0,231,14,106,0,,,
mecklenburg_140,0,0,0,897,46,1237,3,,,
mecklenburg_105,0,0,0,906,26,178,1,,,
mecklenburg_126,0,0,0,1020,20,154,0,,,
mecklenburg_107.1,0,0,0,1150,16,250,3,,,
mecklenburg_27,0,0,0,758,12,39,0,,,
mecklenburg_135,0,0,0,1976,31,271,1,,,
mecklenburg_56,0,0,0,496,6,11,0,,,
mecklenburg_28,0,0,0,587,35,86,0,,,
mecklenburg_82,0,0,0,1037,14,29,0,,,
mecklenburg_141,0,0,0,465,22,122,2,,,
mecklenburg_146,0,0,0,1201,43,199,2,,,
mecklenburg_42,0,0,0,1091,14,36,0,,,
mecklenburg_213,0,0,0,1369,28,156,1,,,
mecklenburg_26,0,1,0,1258,19,147,1,,,
mecklenburg_132,0,0,0,561,34,201,0,,,
mecklenburg_151,0,0,0,1142,39,325,1,,,
mecklenburg_55,0,0,0,641,9,12,0,,,
mecklenburg_237,0,1,0,1004,42,246,1,,,
mecklenburg_16,0,0,0,1422,15,17,0,,,
mecklenburg_128,0,0,0,805,36,478,0,,,
mecklenburg_25,0,0,0,876,12,8,2,,,
mecklenburg_54,0,0,0,1035,24,35,1,,,
mecklenburg_214,0,0,0,1060,34,418,2,,,
mecklenburg_212,0,0,0,2484,66,571,2,,,
mecklenburg_238.1,0,0,0,798,31,472,1,,,
mitchell_2,,,0,9,6,133,1,,,
mitchell_5,,,0,61,5,257,0,,,
mitchell_8,,,0,30,7,133,0,,,
mitchell_1,,,0,166,22,434,1,,,
mitchell_4,,,0,704,120,1825,2,,,
mitchell_7,,,2,11,0,67,0,,,
mitchell_3,,,0,56,13,229,0,,,
mitchell_6,,,0,55,19,239,2,,,
mitchell_9,,,0,176,29,398,0,,,
montgomery_ROC,0,0,0,193,10,75,0,,,
montgomery_CAN,0,0,0,290,48,260,0,,,
montgomery_OPH,0,0,0,25,12,87,0,,,
montgomery_CHE,0,0,0,90,19,179,0,,,
montgomery_LIT,0,0,0,39,17,153,0,,,
montgomery_T1,0,0,0,257,36,302,3,,,
montgomery_WAD,0,0,0,123,6,88,2,,,
montgomery_STA,0,0,0,137,49,433,1,,,
montgomery_MTG,0,0,0,541,23,222,0,,,
montgomery_BIS,0,0,0,259,41,245,2,,,
montgomery_ONESTOP,0,0,0,809,85,969,5,,,
montgomery_PEE,0,0,0,106,11,268,1,,,
montgomery_T2,0,0,0,167,27,239,2,,,
montgomery_UWH,0,0,0,103,26,315,2,,,
montgomery_ELD,0,0,0,111,18,331,2,,,
moore_RBN,0,0,0,85,21,269,1,,,
moore_VSS,0,0,0,167,35,376,0,,,
moore_WND,0,0,0,194,24,375,0,,,
moore_PHB1,0,0,0,349,24,660,1,,,
moore_PHA1,0,0,0,328,34,691,0,,,
moore_PHA2,0,0,0,182,18,522,0,,,
moore_WAB,0,0,0,504,61,609,0,,,
moore_PDN,0,0,0,447,50,788,2,,,
moore_EKWD,0,0,0,122,18,250,0,,,
moore_NSP,0,0,0,367,38,418,0,,,
moore_WKWD,0,0,0,231,17,478,0,,,
moore_EAB,0,0,0,363,42,427,1,,,
moore_PBF,0,0,0,330,41,434,4,,,
moore_BEN,0,0,0,174,29,422,1,,,
moore_EUR,0,0,0,316,43,1062,1,,,
moore_EWD,1,0,0,160,20,315,0,,,
moore_LTR,0,0,0,225,30,570,1,,,
moore_WEM,0,0,0,144,21,617,1,,,
moore_SSP,0,0,0,659,20,394,1,,,
moore_DHR,0,0,0,115,14,419,0,,,
moore_PHC,0,0,1,515,38,1068,0,,,
moore_ONESTOP,0,0,0,3658,215,5719,7,,,
moore_PHB2,0,0,0,207,31,658,2,,,
moore_SLS,0,0,0,365,51,852,0,,,
moore_CAM,0,0,0,206,35,423,1,,,
moore_CAR,0,0,0,334,56,708,1,,,
moore_TLT,0,0,0,176,6,44,1,,,
nash_0040A,0,0,0,610,33,471,2,,,
nash_31,0,0,0,217,8,55,0,,,
nash_33,0,0,0,401,10,48,1,,,
nash_34,0,0,0,672,11,89,0,,,
nash_38,0,0,0,455,22,229,0,,,
nash_22,0,0,0,205,12,175,2,,,
nash_35,0,0,0,290,34,620,3,,,
nash_32,0,0,0,271,7,155,0,,,
nash_ONESTOP,0,1,0,7781,330,7231,16,,,
nash_36,0,0,0,325,24,394,1,,,
nash_42,0,0,0,166,11,99,0,,,
nash_7,0,0,0,374,9,137,0,,,
nash_21,0,0,0,287,12,86,0,,,
nash_2,0,0,0,196,9,158,0,,,
nash_37,0,0,0,383,20,414,0,,,
nash_25,0,0,0,333,32,581,1,,,
nash_11,0,0,0,402,36,293,0,,,
nash_6,0,0,0,177,43,416,2,,,
nash_3,0,0,0,185,20,228,1,,,
nash_8,0,0,0,183,18,376,0,,,
nash_5,0,0,0,311,25,461,4,,,
nash_39,0,0,0,294,11,522,0,,,
nash_26,0,0,0,190,49,730,0,,,
nash_4,0,0,0,135,37,707,0,,,
nash_1,0,0,0,350,48,623,0,,,
nash_15,0,0,0,683,63,730,3,,,
nash_41,0,0,0,126,13,300,0,,,
nash_12,0,0,0,110,21,219,0,,,
new hanover_ONESTOP,0,0,0,0,0,0,0,,,
new hanover_W29,0,0,0,1214,24,61,5,,,
new hanover_W03,0,0,0,734,27,111,1,,,
new hanover_M02,0,0,2,1305,145,1740,3,,,
new hanover_M07,0,0,0,386,54,494,1,,,
new hanover_W28,0,0,0,661,62,329,1,,,
new hanover_H08,0,0,0,1080,122,1591,2,,,
new hanover_M04,0,0,1,1343,129,1564,2,,,
new hanover_H03,0,0,1,899,127,1422,2,,,
new hanover_H04,0,0,0,712,85,925,2,,,
new hanover_FP04,0,0,0,739,105,1100,3,,,
new hanover_FP05,0,0,2,383,59,556,2,,,
new hanover_FP03,0,0,1,385,52,510,1,,,
new hanover_W30,0,0,0,877,110,753,1,,,
new hanover_WB,0,0,2,413,35,671,1,,,
new hanover_H11,1,0,0,931,142,1188,3,,,
new hanover_W27,0,0,0,1198,58,237,0,,,
new hanover_W24,0,0,1,446,68,315,3,,,
new hanover_W12,0,0,0,542,39,369,2,,,
new hanover_W15,0,0,1,1145,55,173,3,,,
new hanover_W18,0,0,0,324,42,315,1,,,
new hanover_W21,0,0,0,835,89,749,2,,,
new hanover_FP07,0,0,0,809,112,1145,2,,,
new hanover_CF05,0,0,0,511,62,617,1,,,
new hanover_FP02,0,0,0,581,82,594,2,,,
new hanover_CF06,0,0,0,552,69,674,3,,,
new hanover_M06,0,0,0,608,72,808,0,,,
new hanover_H06,0,0,1,565,101,571,7,,,
new hanover_W31,0,0,0,846,76,1094,2,,,
new hanover_W08,0,0,0,405,35,154,2,,,
new hanover_H10,0,0,0,806,74,568,2,,,
new hanover_W25,0,0,0,1210,53,163,0,,,
new hanover_H01,1,0,0,335,42,364,0,,,
new hanover_H02,0,0,0,606,32,1462,1,,,
new hanover_M03,0,0,0,636,114,818,6,,,
new hanover_W17,0,0,0,596,59,636,0,,,
new hanover_H05,0,0,0,725,102,1000,4,,,
new hanover_FP06,0,0,3,597,98,811,4,,,
new hanover_H09,0,0,1,1422,122,2302,7,,,
new hanover_CF01,0,0,0,839,102,665,1,,,
new hanover_CF02,0,0,0,451,75,688,4,,,
new hanover_W13,1,0,1,406,37,113,0,,,
new hanover_W16,0,0,1,767,80,805,1,,,
new hanover_W26,0,0,1,616,82,294,3,,,
northampton_GALATI,0,0,0,77,6,86,0,,,
northampton_SEABOA,0,0,0,217,1,93,0,,,
northampton_LAKE G,0,0,0,252,15,259,0,,,
northampton_LASKER,0,0,0,35,12,88,0,,,
northampton_NEWTOW,0,0,0,109,2,107,1,,,
northampton_ONESTOP,0,0,0,1564,30,467,1,,,
northampton_PENDLE,0,0,0,49,4,45,0,,,
northampton_CREEKS,0,0,0,76,6,117,0,,,
northampton_MILWAU,0,0,0,81,10,61,0,,,
northampton_POTECA,0,0,0,46,1,20,0,,,
northampton_JACKSO,0,0,0,129,5,90,0,,,
northampton_RICH S,0,0,0,316,3,82,0,,,
northampton_REHOBE,0,0,0,71,6,27,0,,,
northampton_WOODLA,0,0,0,148,8,80,0,,,
northampton_GARYSB,0,0,0,422,4,41,0,,,
northampton_SEVERN,0,0,0,56,8,64,0,,,
northampton_CONWAY,0,0,0,119,6,163,1,,,
northampton_GASTON,0,0,0,479,21,160,0,,,
northampton_PLEASA,0,0,0,86,1,23,0,,,
onslow_BC21,3,,0,261,54,803,1,,,
onslow_FS16,0,,0,188,65,640,2,,,
onslow_NR02,0,,0,216,8,43,0,,,
onslow_ONESTOP,2,,2,4073,414,7035,13,,,
onslow_SW19,0,,0,447,83,1132,0,,,
onslow_NM13,0,,1,55,21,295,0,,,
onslow_NE22B,0,,0,355,44,619,1,,,
onslow_HM05,0,,0,309,19,520,1,,,
onslow_HR17,0,,0,142,39,330,1,,,
onslow_VR15,0,,0,97,26,230,0,,,
onslow_WN04,0,,0,330,40,654,2,,,
onslow_CL10,0,,0,100,41,413,1,,,
onslow_CR07,0,,0,235,65,602,2,,,
onslow_HN14,0,,0,137,20,399,0,,,
onslow_ML23,0,,0,109,22,230,0,,,
onslow_NE22A,0,,0,288,49,275,1,,,
onslow_RL09,0,,0,296,47,611,1,,,
onslow_JA01,0,,0,229,33,315,2,,,
onslow_HU20,0,,0,138,52,536,2,,,
onslow_GB12,0,,0,199,27,519,2,,,
onslow_TL06,0,,0,208,43,448,0,,,
onslow_SF18,0,,0,217,60,764,1,,,
onslow_BM08,0,,0,511,55,653,3,,,
onslow_EN03,0,,0,599,67,696,0,,,
onslow_MT24,0,,0,103,33,425,3,,,
orange_OW,0,0,0,494,16,58,0,,,
orange_LC,0,0,0,582,28,58,0,,,
orange_CG,0,0,0,276,40,255,0,,,
orange_CB,0,0,0,428,16,49,0,,,
orange_LI,0,0,0,257,8,59,0,,,
orange_WD,0,0,0,542,20,127,1,,,
orange_CP,0,0,0,408,43,377,0,,,
orange_CA,0,0,0,181,18,193,1,,,
orange_CF,0,0,0,493,17,199,1,,,
orange_EA,0,0,0,285,14,84,0,,,
orange_EH,0,0,0,447,16,103,0,,,
orange_WC,0,0,0,377,22,270,1,,,
orange_CH,0,0,0,382,9,69,1,,,
orange_CW,0,0,0,321,42,616,1,,,
orange_ES,0,0,0,457,16,83,0,,,
orange_MF,0,0,0,417,18,97,0,,,
orange_SJ,0,0,0,644,11,170,0,,,
orange_TO,0,0,0,236,18,272,0,,,
orange_ONESTOP,0,1,1,18702,348,4085,14,,,
orange_EF,0,0,0,299,22,390,2,,,
orange_CO,0,0,0,552,20,109,0,,,
orange_CS1,0,0,0,267,13,170,0,,,
orange_GR,0,0,0,384,14,84,1,,,
orange_ENO,0,0,0,361,33,403,1,,,
orange_CC,0,0,0,323,16,114,2,,,
orange_NS,0,0,0,404,16,63,0,,,
orange_WH,0,0,0,388,27,148,1,,,
orange_SM,0,1,0,345,25,482,3,,,
orange_KM,0,0,0,461,22,162,0,,,
orange_BC,0,0,0,426,17,98,1,,,
orange_OG,0,0,0,671,37,476,0,,,
orange_WW,0,0,0,231,4,60,1,,,
orange_NC,0,0,0,499,10,116,1,,,
orange_RF,0,0,0,569,14,155,1,,,
orange_TH,0,0,0,471,21,33,2,,,
orange_BP,0,0,0,220,9,55,0,,,
orange_DM,0,0,0,565,28,117,0,,,
orange_GB,0,0,0,538,47,316,5,,,
orange_PA,0,0,0,642,25,365,0,,,
orange_GL,0,0,0,529,18,240,0,,,
orange_CX,0,0,0,603,55,577,1,,,
orange_DA,1,0,0,785,13,194,0,,,
orange_WDS,0,0,1,303,6,28,0,,,
orange_H,0,0,0,218,8,54,0,,,
orange_HF,0,0,0,771,38,240,2,,,
pamlico_4MSIC,0,0,0,79,2,34,0,,,
pamlico_4HB,0,0,0,22,7,84,0,,,
pamlico_2SW,0,0,0,88,16,127,0,,,
pamlico_2OT,0,0,0,484,34,671,0,,,
pamlico_1RB,0,0,0,181,22,466,0,,,
pamlico_1AL A,1,0,0,97,12,160,0,,,
pamlico_1GB,0,0,0,130,29,327,1,,,
pamlico_3BY,0,0,0,467,27,291,2,,,
pamlico_5AP,0,0,0,432,45,687,0,,,
pamlico_4VM A,0,0,0,64,6,42,0,,,
pamlico_CURBSIDE,0,0,0,79,2,46,0,,,
pasquotank_ONESTOP,0,0,0,2801,71,2141,1,,,
pasquotank_4-B,0,0,0,264,4,46,1,,,
pasquotank_4-A,0,0,0,185,7,15,0,,,
pasquotank_SAL,0,0,0,86,3,206,0,,,
pasquotank_PRO,0,0,0,332,25,536,1,,,
pasquotank_NIX,2,0,0,242,13,466,0,,,
pasquotank_MH,0,0,0,352,15,402,0,,,
pasquotank_3-A,0,0,0,149,2,54,0,,,
pasquotank_2-B,0,0,0,111,6,44,0,,,
pasquotank_2-A,0,0,0,136,6,88,0,,,
pasquotank_1-A,0,0,0,118,9,69,0,,,
pasquotank_1-B,0,0,0,151,4,105,0,,,
pasquotank_3-B,0,0,0,193,8,10,0,,,
pasquotank_NEW,0,0,0,282,16,203,0,,,
pender_RP20,0,0,0,362,46,307,3,,,
pender_CS04,0,0,0,215,23,197,1,,,
pender_LT18,0,0,0,380,105,962,4,,,
pender_MH07,0,0,0,43,8,108,0,,,
pender_CURBSIDE,0,0,0,64,1,36,0,,,
pender_LC09,0,0,0,257,49,365,1,,,
pender_SB02,0,1,0,620,80,616,8,,,
pender_UT14,0,0,0,486,86,1075,2,,,
pender_PL10,0,0,0,48,27,130,1,,,
pender_GR06,0,0,0,329,32,235,1,,,
pender_NB01,0,0,1,337,50,382,2,,,
pender_LU16,0,0,1,143,41,273,1,,,
pender_SC13,0,1,0,465,77,794,0,,,
pender_SP15,0,0,0,390,71,742,4,,,
pender_UH08,0,0,0,300,7,80,1,,,
pender_CL05,0,0,0,447,29,190,0,,,
pender_CF11,0,0,0,307,78,659,3,,,
pender_MT19,0,0,0,498,61,894,2,,,
pender_UU17,0,0,0,211,18,215,0,,,
pender_CT03,0,0,0,70,2,26,0,,,
pender_SH12,0,0,0,209,39,617,0,,,
perquimans_NICANO,0,0,0,26,3,65,0,,,
perquimans_WEST H,0,0,0,154,11,171,0,,,
perquimans_NEW HO,0,0,0,269,18,586,0,,,
perquimans_BELVID,0,0,0,95,3,174,0,,,
perquimans_ONESTOP,0,0,0,0,0,0,0,,,
perquimans_EAST H,0,0,0,238,6,176,0,,,
perquimans_BETHEL,0,0,1,412,28,904,0,,,
perquimans_PARKVI,0,0,0,338,7,424,0,,,
person_ROX2,0,0,0,379,43,434,1,,,
person_RX1A,0,0,0,453,42,622,2,,,
person_OLHI,0,0,0,258,36,540,0,,,
person_BFRK,0,2,0,223,22,424,0,,,
person_ROX1,0,1,0,616,34,281,1,,,
person_ALVI,0,0,0,510,33,452,0,,,
person_WDSD,0,0,0,297,19,211,0,,,
person_MTTZ,0,0,0,369,60,677,0,,,
person_ROX3,0,0,0,506,31,278,1,,,
person_HLWY,0,0,0,164,21,306,0,,,
person_HUML,0,0,0,173,16,193,0,,,
person_ROX4,0,0,0,425,30,275,0,,,
person_CUCL,0,0,0,347,36,519,2,,,
person_FLRI,0,0,0,732,121,1454,6,,,
pitt_0200A,0,0,0,235,31,374,1,,,
pitt_1301,0,0,0,81,8,222,0,,,
pitt_101,0,0,0,415,42,408,2,,,
pitt_1509,0,0,0,412,38,449,2,,,
pitt_1511B,0,0,0,281,27,296,4,,,
pitt_1510B,1,0,0,299,22,413,1,,,
pitt_1506,0,0,0,170,15,106,0,,,
pitt_1507,0,0,0,329,35,239,0,,,
pitt_1513B,0,0,0,147,24,310,2,,,
pitt_1201,0,0,1,360,30,390,2,,,
pitt_1403A2,0,0,0,253,23,242,1,,,
pitt_1513A,0,0,0,242,14,394,0,,,
pitt_1507B,0,0,0,87,10,75,1,,,
pitt_0200B,0,0,0,288,20,209,0,,,
pitt_1403B,1,0,2,416,26,579,4,,,
pitt_1510A,0,0,0,241,21,511,0,,,
pitt_1512A,0,0,0,513,25,402,0,,,
pitt_1512B,0,0,0,350,16,225,2,,,
pitt_1508A,0,0,0,112,12,83,0,,,
pitt_1403A1,0,0,0,226,34,417,0,,,
pitt_1511A,0,0,0,347,24,648,0,,,
pitt_601,0,0,0,175,36,651,2,,,
pitt_1102B,0,0,0,296,32,676,2,,,
pitt_ONESTOP,0,0,1,10546,441,8594,22,,,
pitt_1508B,0,0,0,187,16,166,0,,,
pitt_0800B,0,0,0,250,37,305,3,,,
pitt_1001,0,0,0,355,43,486,2,,,
pitt_1102A,0,0,0,264,22,453,3,,,
pitt_1101,0,0,0,178,21,210,0,,,
pitt_0800A,0,0,0,273,27,317,2,,,
pitt_901,0,0,0,121,15,158,1,,,
pitt_501,0,0,0,124,21,226,1,,,
pitt_401,0,0,0,388,26,264,3,,,
pitt_1505A,0,0,0,322,14,118,1,,,
pitt_1504A,0,0,0,380,11,61,1,,,
pitt_1504B,0,0,0,490,24,173,0,,,
pitt_701,0,0,0,159,19,409,1,,,
pitt_301,0,0,0,510,22,279,1,,,
pitt_1503,0,0,0,392,6,62,0,,,
pitt_1501,0,0,0,158,2,11,0,,,
pitt_1505B,0,0,0,518,12,44,0,,,
polk_WO06,0,0,0,292,43,483,2,,,
polk_TR123,0,0,0,862,52,673,0,,,
polk_CL07,0,0,0,477,35,637,1,,,
polk_GC09,0,0,0,494,48,744,2,,,
polk_CG05,0,0,0,138,32,430,1,,,
polk_CL08,0,0,0,512,42,781,0,,,
polk_SA04,0,0,0,304,30,407,0,,,
randolph_ST,0,0,0,190,33,655,5,,,
randolph_SE,0,0,0,174,33,761,2,,,
randolph_SO,0,0,0,264,54,1062,5,,,
randolph_GR,0,0,1,320,88,1133,3,,,
randolph_PR,0,0,0,383,96,1809,4,,,
randolph_LB,0,0,0,462,51,702,1,,,
randolph_DR,0,0,0,313,99,1239,4,,,
randolph_RM,0,0,0,376,56,775,1,,,
randolph_NM,0,0,0,269,75,1376,2,,,
randolph_AS,0,3,0,493,78,1362,2,,,
randolph_BC,0,0,0,199,47,1033,2,,,
randolph_TT,0,0,0,214,63,1291,2,,,
randolph_UG,0,0,0,552,123,2170,3,,,
randolph_AN,0,0,0,325,52,843,3,,,
randolph_TR,0,0,0,467,101,2246,4,,,
randolph_AR,0,0,0,598,121,2309,4,,,
randolph_LC,0,0,0,222,44,651,0,,,
randolph_RN,0,0,0,497,112,1436,2,,,
randolph_SW,0,0,0,156,46,880,5,,,
randolph_TB,1,0,0,139,32,802,1,,,
randolph_AE,0,0,0,852,87,891,3,,,
randolph_AW,0,0,0,733,109,1473,5,,,
richmond_15,0,0,0,27,4,37,0,,,
richmond_1,0,0,0,630,48,308,5,,,
richmond_4,0,0,0,231,30,160,3,,,
richmond_7,0,0,0,162,18,96,1,,,
richmond_16,0,1,0,24,12,90,0,,,
richmond_14,0,0,0,57,2,20,0,,,
richmond_11,0,0,0,137,14,152,0,,,
richmond_5,0,0,0,44,12,57,1,,,
richmond_8,0,0,0,486,59,324,2,,,
richmond_ONESTOP,0,0,0,2844,213,2162,8,,,
richmond_3,0,0,0,63,14,169,0,,,
richmond_6,0,0,0,108,27,184,0,,,
richmond_9,0,0,0,596,84,660,6,,,
richmond_10,0,0,0,195,15,75,0,,,
richmond_12,0,0,0,203,32,285,1,,,
richmond_2,0,0,0,452,95,641,8,,,
richmond_13,0,0,0,131,19,156,2,,,
robeson_15,0,0,2,174,4,38,0,,,
robeson_41,0,0,0,217,37,563,1,,,
robeson_25,0,0,0,167,21,170,0,,,
robeson_28,0,0,0,146,16,143,0,,,
robeson_4,0,0,0,211,22,291,2,,,
robeson_7,0,0,0,170,8,75,0,,,
robeson_05A,0,0,0,616,20,259,1,,,
robeson_1,0,0,0,146,11,102,0,,,
robeson_16,0,0,0,234,5,9,0,,,
robeson_20,0,0,0,189,10,189,1,,,
robeson_38,0,0,0,66,4,65,0,,,
robeson_39,0,0,0,213,18,171,0,,,
robeson_14,0,0,0,119,16,119,1,,,
robeson_19,0,0,0,701,19,176,0,,,
robeson_34,0,0,0,134,14,161,1,,,
robeson_35,0,0,0,245,18,306,1,,,
robeson_22,0,0,0,312,14,268,1,,,
robeson_8,0,0,0,126,21,343,1,,,
robeson_29,0,0,0,376,10,157,0,,,
robeson_ONESTOP,0,0,0,3506,146,1879,3,,,
robeson_11,0,0,0,399,50,900,0,,,
robeson_36,0,0,0,147,9,154,1,,,
robeson_12,0,0,0,237,13,142,1,,,
robeson_17,0,0,0,69,5,46,0,,,
robeson_9,0,0,0,173,19,172,0,,,
robeson_10,0,0,0,174,12,174,0,,,
robeson_40,0,0,0,106,7,74,0,,,
robeson_32A,0,0,3,590,38,697,2,,,
robeson_18A,0,0,0,190,21,289,1,,,
robeson_23,0,0,0,351,31,318,1,,,
robeson_24,0,0,0,105,8,119,0,,,
robeson_3,0,0,0,121,29,315,0,,,
robeson_33,0,0,0,74,9,60,0,,,
robeson_30,0,0,1,271,26,246,4,,,
robeson_11A,0,0,0,169,16,156,1,,,
robeson_13,0,0,0,170,28,247,0,,,
robeson_26A,0,0,0,740,30,293,4,,,
robeson_2,0,0,0,308,15,133,2,,,
robeson_21,0,0,0,351,33,327,2,,,
robeson_37,0,0,0,46,5,172,0,,,
rockingham_MC,0,0,1,1030,96,1178,8,,,
rockingham_NB,0,0,4,364,106,1169,3,,,
rockingham_MA,0,0,0,627,115,1029,2,,,
rockingham_HO,0,0,0,291,38,515,4,,,
rockingham_WS,0,0,3,1056,194,1605,8,,,
rockingham_MS,0,0,0,1908,144,1437,6,,,
rockingham_IR,0,0,0,327,58,828,5,,,
rockingham_LI,0,0,0,577,105,1106,4,,,
rockingham_LK-2,0,0,0,644,102,920,4,,,
rockingham_RC,0,0,0,780,128,1518,5,,,
rockingham_HU,0,0,0,409,101,1206,0,,,
rockingham_ED-1,0,0,1,647,99,966,5,,,
rockingham_EC,0,0,0,720,91,1076,3,,,
rockingham_DR,0,0,0,332,58,522,3,,,
rockingham_SE,0,0,1,843,61,915,2,,,
rowan_3,0,0,0,186,65,801,3,,,
rowan_23,0,0,0,97,42,471,1,,,
rowan_26,0,0,0,128,74,572,1,,,
rowan_22,0,0,0,64,25,266,1,,,
rowan_13,0,0,0,120,57,606,3,,,
rowan_33,0,0,0,107,52,605,2,,,
rowan_05A,0,0,0,413,117,1071,6,,,
rowan_25,0,0,2,278,96,983,1,,,
rowan_1,0,1,0,111,57,552,0,,,
rowan_41,0,0,0,614,52,543,4,,,
rowan_14A,1,0,0,556,139,1229,5,,,
rowan_34,0,0,0,577,39,395,1,,,
rowan_35,0,0,0,383,26,163,1,,,
rowan_2,0,0,0,255,27,249,2,,,
rowan_39,0,0,0,428,27,427,2,,,
rowan_38,0,0,0,817,42,321,4,,,
rowan_8,0,0,0,451,83,897,2,,,
rowan_16,0,0,0,225,28,398,2,,,
rowan_29,0,0,0,110,36,396,3,,,
rowan_32,0,1,0,233,47,507,3,,,
rowan_27,0,0,0,182,32,380,0,,,
rowan_4,0,0,0,344,85,1236,3,,,
rowan_12,0,0,0,382,35,360,0,,,
rowan_7,0,0,0,358,45,438,1,,,
rowan_15,0,0,0,359,69,998,2,,,
rowan_17,0,2,0,248,42,480,1,,,
rowan_28,0,0,0,534,63,370,4,,,
rowan_36,0,0,0,724,51,352,1,,,
rowan_10,0,0,0,257,92,895,5,,,
rowan_18,0,0,0,363,6,13,0,,,
rowan_24,0,0,0,151,37,421,2,,,
rowan_30,0,0,0,279,53,456,0,,,
rowan_31,0,0,0,232,39,487,0,,,
rowan_40,0,0,0,644,40,569,4,,,
rowan_45,0,0,0,300,29,241,2,,,
rowan_19A,0,0,0,408,95,1188,4,,,
rowan_9,0,0,0,131,46,674,4,,,
rowan_21,0,0,0,409,81,694,2,,,
rowan_11,0,0,0,451,65,798,5,,,
rowan_42,0,0,0,444,4,4,0,,,
rowan_44,0,0,0,179,49,724,2,,,
rutherford_CURBSIDE,0,0,0,103,11,117,0,,,
rutherford_27,0,0,0,658,91,990,3,,,
rutherford_28,0,0,0,210,43,426,0,,,
rutherford_06A,0,0,0,412,30,626,3,,,
rutherford_19,0,0,0,232,39,427,1,,,
rutherford_04A,0,0,0,293,62,610,2,,,
rutherford_14,0,0,0,424,53,479,0,,,
rutherford_34,0,0,0,175,30,449,0,,,
rutherford_10A,0,0,0,117,18,403,0,,,
rutherford_16A,0,0,0,310,65,760,2,,,
rutherford_09A,0,0,0,369,95,931,5,,,
rutherford_29,0,0,0,274,35,483,2,,,
rutherford_11,0,0,0,635,139,1473,0,,,
rutherford_03A,0,0,0,199,69,726,1,,,
rutherford_05A,0,0,0,302,72,569,0,,,
rutherford_13,0,0,0,815,76,747,0,,,
rutherford_18,0,0,0,344,48,578,2,,,
rutherford_30,0,0,0,596,89,629,2,,,
sampson_MING,0,0,0,187,48,674,1,,,
sampson_GARL,0,0,0,174,11,144,0,,,
sampson_PLVW,0,0,0,139,33,789,3,,,
sampson_KEEN,0,0,0,97,26,274,1,,,
sampson_KFRK,0,0,0,231,25,286,3,,,
sampson_ROSE,0,0,0,83,32,200,1,,,
sampson_CLWE,0,0,0,163,16,322,0,,,
sampson_NGRV,0,0,0,140,14,284,0,,,
sampson_GIDD,0,0,0,193,22,150,0,,,
sampson_SBRG,0,0,0,95,21,245,0,,,
sampson_ONESTOP,0,0,0,3164,183,2699,10,,,
sampson_INGO,0,0,0,126,9,144,1,,,
sampson_TURK,0,0,0,222,14,174,1,,,
sampson_CLNE,0,0,0,178,37,302,2,,,
sampson_LAKE,0,0,0,435,18,210,3,,,
sampson_ROWA,0,0,0,173,19,287,0,,,
sampson_HARR,0,0,0,405,9,186,0,,,
sampson_HERR,0,0,0,44,9,287,2,,,
sampson_CLSW,0,0,0,136,21,179,0,,,
sampson_WBRK,0,0,0,112,20,326,0,,,
sampson_CLCE,0,0,0,203,4,28,0,,,
sampson_CLEM,0,0,0,134,17,377,0,,,
sampson_AUTR,0,0,0,91,20,334,1,,,
sampson_CLEA,0,0,0,414,19,246,0,,,
scotland_1,0,0,1,1044,27,195,0,,,
scotland_4,0,0,0,881,59,981,1,,,
scotland_7,0,0,0,933,26,468,1,,,
scotland_2,0,0,0,694,21,142,1,,,
scotland_5,0,0,0,198,29,390,0,,,
scotland_8,0,0,0,221,29,333,1,,,
scotland_ONESTOP,0,0,0,0,0,0,0,,,
scotland_9,0,0,0,371,32,394,2,,,
scotland_6,0,0,0,147,14,104,2,,,
scotland_3,0,0,1,726,49,734,2,,,
scotland_10,0,0,0,414,32,412,0,,,
stanly_15,0,0,0,168,31,229,1,,,
stanly_18,0,0,0,122,21,241,1,,,
stanly_20,0,0,0,99,51,522,1,,,
stanly_3,0,0,0,228,33,309,2,,,
stanly_22,0,0,0,169,35,468,1,,,
stanly_23,0,0,0,121,62,650,1,,,
stanly_25,0,0,2,135,51,674,1,,,
stanly_11,0,0,0,105,35,246,1,,,
stanly_16,0,0,0,111,19,180,0,,,
stanly_14,0,0,0,87,26,243,1,,,
stanly_26,0,0,0,141,46,370,1,,,
stanly_27,0,1,0,215,47,456,2,,,
stanly_24,0,0,1,95,32,539,0,,,
stanly_7,0,0,0,197,31,301,4,,,
stanly_13,0,0,0,78,33,328,5,,,
stanly_21,0,0,0,55,27,354,7,,,
stanly_28,0,0,0,158,23,182,1,,,
stanly_2,0,0,0,61,33,121,0,,,
stanly_8,0,0,0,390,8,22,1,,,
stanly_ONESTOP,0,0,1,2230,434,4670,21,,,
stanly_10,0,0,0,101,36,197,1,,,
stanly_12,0,0,0,47,15,167,0,,,
stanly_17,0,0,0,124,48,373,2,,,
stanly_19,0,0,0,97,49,394,0,,,
stokes_1,0,0,0,63,36,177,2,,,
stokes_20,0,0,0,120,33,314,3,,,
stokes_14,0,0,0,168,62,484,2,,,
stokes_16,0,0,0,165,28,232,4,,,
stokes_19,0,0,0,107,23,236,3,,,
stokes_4,0,0,0,99,41,419,3,,,
stokes_7,0,0,0,68,18,136,0,,,
stokes_12,0,0,0,120,47,441,1,,,
stokes_15,0,0,0,93,36,368,2,,,
stokes_17,0,0,0,138,44,298,2,,,
stokes_2,0,0,0,190,44,411,2,,,
stokes_5,0,0,0,86,26,176,1,,,
stokes_8,0,1,0,91,30,309,1,,,
stokes_ONESTOP,0,0,1,1239,168,2504,8,,,
stokes_11,0,0,0,195,51,634,3,,,
stokes_10,0,0,0,199,53,642,4,,,
stokes_3,0,0,0,89,39,393,3,,,
stokes_6,0,0,0,61,12,189,0,,,
stokes_9,0,0,0,172,60,461,3,,,
stokes_18,0,0,0,118,5,57,0,,,
stokes_13,0,0,0,90,30,399,3,,,
surry_21,0,0,0,249,43,585,4,,,
surry_9,0,0,0,138,37,328,0,,,
surry_6,0,0,0,293,34,290,2,,,
surry_3,0,0,0,287,70,549,2,,,
surry_13,0,0,0,256,13,281,0,,,
surry_18,0,0,0,225,62,545,1,,,
surry_10,0,0,0,75,28,343,0,,,
surry_33,0,0,0,230,26,343,1,,,
surry_23,0,0,0,146,27,402,0,,,
surry_24,0,0,0,82,26,267,3,,,
surry_26,0,0,0,247,52,641,2,,,
surry_12,0,0,0,289,38,388,2,,,
surry_15,0,0,0,196,29,375,1,,,
surry_4,0,0,0,300,54,525,4,,,
surry_7,0,0,0,217,17,272,4,,,
surry_17,0,0,0,110,30,290,2,,,
surry_2,0,0,0,125,20,113,0,,,
surry_5,0,0,0,152,36,734,2,,,
surry_14,0,0,0,278,26,458,0,,,
surry_16,0,0,0,125,33,369,0,,,
surry_19,0,0,0,268,47,512,1,,,
surry_11,0,0,0,166,32,300,2,,,
surry_22,0,0,0,164,36,351,2,,,
surry_8,0,0,0,209,33,477,2,,,
surry_20,0,0,0,164,24,228,0,,,
surry_CURBSIDE,0,0,0,66,9,79,0,,,
surry_25,0,0,0,197,39,429,1,,,
surry_1,0,0,0,183,36,553,2,,,
surry_27,0,0,0,152,35,405,1,,,
surry_28,0,0,0,119,18,335,1,,,
swain_BC2,,0,,526,83,513,1,,,
swain_BC1,,0,,477,106,546,1,,,
swain_ALARKA,,0,,205,49,233,3,,,
swain_ALMOND,,1,,259,34,359,0,,,
swain_WHCH,,0,,497,83,394,0,,,
transylvania_TC1,0,0,0,87,19,315,1,,,
transylvania_DR,0,0,1,650,46,699,2,,,
transylvania_RE,0,0,0,246,67,649,0,,,
transylvania_B4,0,0,0,461,39,290,0,,,
transylvania_CM,0,0,3,191,17,215,1,,,
transylvania_WC,0,0,0,435,31,550,0,,,
transylvania_B2,0,0,0,425,45,266,3,,,
transylvania_B3,1,0,0,495,34,472,1,,,
transylvania_PF,0,0,0,234,42,341,0,,,
transylvania_B1,0,0,0,531,43,382,0,,,
transylvania_TC7,0,0,0,248,36,551,0,,,
transylvania_LR,0,0,0,294,41,528,1,,,
transylvania_BD,0,0,1,501,97,694,2,,,
transylvania_CC,0,0,0,447,78,712,1,,,
transylvania_EF,0,0,0,234,30,281,1,,,
tyrrell_15,0,0,0,83,9,66,0,,,
tyrrell_3,0,0,0,30,4,40,0,,,
tyrrell_2,0,0,0,161,25,185,0,,,
tyrrell_1,0,0,0,83,3,8,0,,,
tyrrell_14,0,0,0,5,6,12,0,,,
tyrrell_16,0,0,0,0,1,7,0,,,
tyrrell_ONESTOP,0,0,0,196,22,261,0,,,
union_8,0,0,1,629,37,323,1,,,
union_23,0,0,0,311,41,620,0,,,
union_26,0,0,0,176,36,506,4,,,
union_029C,0,9,0,256,31,568,1,,,
union_037A,0,0,0,627,54,946,2,,,
union_ONESTOP,0,0,0,0,0,0,0,,,
union_43,0,0,0,314,10,56,0,,,
union_6,0,0,0,190,37,526,0,,,
union_11,0,0,0,169,45,833,5,,,
union_14,0,5,1,145,24,310,1,,,
union_21,0,2,0,228,52,698,1,,,
union_9,0,0,1,406,17,176,1,,,
union_1,0,1,0,215,7,79,1,,,
union_24,0,0,0,216,36,673,0,,,
union_15,0,1,2,602,70,1092,5,,,
union_029B,0,3,0,259,31,490,1,,,
union_40,0,3,2,449,45,1226,1,,,
union_7,0,3,0,465,65,771,5,,,
union_27,0,0,0,190,41,586,2,,,
union_028C,0,0,1,386,29,1046,3,,,
union_028D,0,1,1,548,30,1077,5,,,
union_020A,0,2,1,544,70,798,5,,,
union_30,0,0,4,657,44,1037,0,,,
union_16,0,7,0,514,62,1101,3,,,
union_038A,0,0,0,441,45,650,6,,,
union_36,0,2,0,258,32,532,1,,,
union_10,0,0,0,362,16,170,1,,,
union_13,0,2,0,150,38,980,2,,,
union_4,0,0,0,400,10,87,0,,,
union_5,0,3,0,403,48,664,0,,,
union_25,0,0,0,244,24,512,1,,,
union_020B,0,2,1,419,54,985,2,,,
union_22,0,9,0,144,31,1048,0,,,
union_18,0,0,0,330,26,993,0,,,
union_42,0,2,0,259,43,390,2,,,
union_029A,0,6,1,770,57,849,5,,,
union_39,0,0,0,182,28,634,2,,,
union_41,0,0,0,396,28,1123,0,,,
union_3,0,0,1,256,15,180,1,,,
union_2,0,0,1,472,18,217,0,,,
union_19,0,4,0,636,79,1303,5,,,
union_017B,0,1,2,480,57,1288,1,,,
union_33,0,3,0,315,34,725,1,,,
union_34,0,2,0,417,47,915,3,,,
union_038B,0,3,0,363,30,651,1,,,
union_017A,0,5,4,398,56,869,1,,,
union_028A,0,0,0,614,35,1329,2,,,
union_028B,0,0,0,364,38,1087,1,,,
union_31,0,3,1,475,61,707,2,,,
union_12,0,1,1,157,55,901,2,,,
union_037B,0,1,0,182,19,604,0,,,
union_32,0,0,0,382,46,1012,3,,,
union_35,0,0,0,292,48,658,3,,,
vance_KITT,2,0,0,847,62,868,0,,,
vance_EH1,0,0,0,800,16,57,0,,,
vance_NH1,0,0,0,816,13,75,0,,,
vance_NV,0,0,0,384,16,193,0,,,
vance_SCRK,0,0,0,994,54,708,3,,,
vance_NH,0,0,0,1036,45,612,0,,,
vance_SH2,0,0,0,218,15,81,0,,,
vance_MIDD,0,0,0,913,58,543,4,,,
vance_SH1,0,0,0,668,25,151,0,,,
vance_WH,0,0,0,993,61,949,6,,,
vance_CC,0,0,0,587,49,696,1,,,
vance_HTOP,0,0,0,269,10,98,0,,,
wake_43853,0,0,0,837,83,381,2,,,
wake_43855,0,0,0,69,0,2,0,,,
wake_43856,0,0,0,516,10,33,1,,,
wake_12785,0,0,0,557,10,14,1,,,
wake_43858,0,0,0,1120,33,184,4,,,
wake_43844,0,0,0,1028,51,249,3,,,
wake_43849,0,0,0,543,6,22,1,,,
wake_44107,0,0,0,497,56,464,2,,,
wake_19-17,0,0,0,1001,62,614,3,,,
wake_16-03,0,0,0,363,39,251,1,,,
wake_16-08,0,0,3,1726,45,321,2,,,
wake_43848,0,0,0,645,48,451,5,,,
wake_16-09,0,2,0,611,51,505,1,,,
wake_16-02,0,0,0,1162,50,300,5,,,
wake_16072,0,0,0,702,32,431,0,,,
wake_16803,0,0,1,733,21,139,1,,,
wake_17-04,0,0,0,781,36,605,0,,,
wake_17-05,0,0,0,925,38,439,2,,,
wake_17-07,0,0,0,883,39,177,2,,,
wake_17-10,0,0,0,247,26,165,0,,,
wake_44075,0,0,0,333,46,508,5,,,
wake_13-09,0,0,0,953,34,369,3,,,
wake_17-01,0,0,0,586,26,297,0,,,
wake_18-01,0,0,0,866,79,351,5,,,
wake_ONESTOP,1,2,8,57665,1401,29484,90,,,
wake_15707,0,0,0,457,24,282,0,,,
wake_43851,0,0,2,826,56,352,1,,,
wake_43852,0,0,0,1014,32,44,0,,,
wake_12420,0,0,0,489,10,15,1,,,
wake_44106,0,0,0,541,32,566,3,,,
wake_13-05,0,0,0,383,19,209,2,,,
wake_18-04,0,0,0,627,41,901,2,,,
wake_18264,0,0,0,682,17,45,0,,,
wake_13-08,0,0,0,635,33,167,0,,,
wake_19-04,0,0,0,975,81,1320,3,,,
wake_17-02,0,0,0,127,16,137,0,,,
wake_17-08,0,0,0,1179,60,774,4,,,
wake_17-09,0,0,0,967,18,87,2,,,
wake_14611,0,0,0,1100,19,52,3,,,
wake_43857,0,0,0,517,23,89,0,,,
wake_43850,0,0,0,589,20,33,1,,,
wake_13881,0,0,0,566,41,343,2,,,
wake_13-01,0,0,0,902,32,232,1,,,
wake_16-01,0,0,0,341,35,487,1,,,
wake_16-04,0,0,0,501,28,595,2,,,
wake_17-11,0,0,1,942,53,380,3,,,
wake_17-03,0,0,0,1173,73,654,3,,,
wake_43843,0,0,0,552,17,146,1,,,
wake_44108,0,0,0,988,81,902,3,,,
wake_13-07,0,0,0,499,26,309,0,,,
wake_16-06,0,0,0,302,19,194,0,,,
wake_13-02,0,0,0,422,33,442,1,,,
wake_44015,0,0,0,345,25,339,2,,,
wake_43835,1,0,0,308,10,282,2,,,
wake_43860,0,0,0,334,23,316,1,,,
wake_44051,0,0,0,735,47,781,2,,,
wake_44025,0,0,0,366,30,303,3,,,
wake_44021,0,0,0,580,46,379,1,,,
wake_44018,0,0,0,636,34,708,0,,,
wake_19-12,0,0,0,548,34,829,3,,,
wake_19-15,0,0,0,308,33,446,2,,,
wake_13-11,0,0,1,581,38,756,2,,,
wake_43864,0,0,0,444,27,846,2,,,
wake_43842,0,0,0,443,27,281,2,,,
wake_43847,0,0,0,205,18,243,1,,,
wake_19-13,0,0,0,353,32,328,0,,,
wake_44048,0,0,0,415,36,414,2,,,
wake_16438,0,0,0,344,30,324,0,,,
wake_13-06,0,0,0,608,32,522,3,,,
wake_14-01,0,0,0,101,5,231,0,,,
wake_43834,0,0,0,339,18,283,2,,,
wake_44054,0,0,0,760,61,594,0,,,
wake_44016,0,0,0,839,57,529,1,,,
wake_44019,0,1,0,730,44,624,2,,,
wake_13150,0,0,0,358,18,514,0,,,
wake_13516,0,0,0,427,34,390,0,,,
wake_19-11,0,0,0,353,52,455,5,,,
wake_14-02,0,0,0,607,70,1455,2,,,
wake_44052,1,0,0,369,33,311,1,,,
wake_14246,0,0,0,444,39,255,1,,,
wake_43841,0,0,0,380,18,714,1,,,
wake_44045,0,0,0,704,34,673,0,,,
wake_44047,0,0,0,337,28,441,0,,,
wake_44050,0,0,0,479,23,663,0,,,
wake_43865,0,0,0,368,26,670,1,,,
wake_43862,0,0,0,550,45,762,0,,,
wake_19-14,0,0,0,319,16,548,2,,,
wake_44023,0,0,0,283,13,263,0,,,
wake_44017,0,0,0,331,26,309,1,,,
wake_19-05,0,0,0,355,35,779,1,,,
wake_44053,0,0,0,442,25,394,2,,,
wake_43833,0,0,0,496,26,525,2,,,
wake_43859,0,0,0,545,21,642,0,,,
wake_18629,0,0,0,300,21,248,1,,,
wake_43867,0,0,0,378,27,704,0,,,
wake_43840,0,0,0,496,15,344,3,,,
wake_43845,1,0,0,343,20,318,0,,,
wake_07-07A,0,0,0,192,5,166,0,,,
wake_43866,0,0,0,216,11,308,0,,,
wake_43863,1,0,2,800,55,1337,2,,,
wake_44046,0,0,0,729,65,738,5,,,
wake_19-03,0,0,0,394,49,599,3,,,
wake_15342,0,0,0,466,21,655,3,,,
wake_17168,0,0,0,439,31,567,3,,,
wake_13-10,0,0,0,1004,61,1190,3,,,
wake_44014,0,0,1,317,14,292,2,,,
wake_17533,0,0,1,685,38,240,2,,,
wake_43932,0,0,0,309,22,156,1,,,
wake_43954,0,0,0,497,30,588,2,,,
wake_43959,0,0,0,469,31,280,0,,,
wake_43956,0,0,0,1193,54,884,4,,,
wake_43935,0,1,0,385,42,359,2,,,
wake_43938,0,0,0,397,49,266,2,,,
wake_43923,0,0,2,562,53,452,2,,,
wake_01-07A,0,0,0,127,9,9,2,,,
wake_43922,0,0,0,520,36,362,1,,,
wake_43941,0,0,0,547,49,390,3,,,
wake_44049,0,0,0,370,23,160,2,,,
wake_43831,0,0,0,562,26,191,1,,,
wake_43837,0,0,0,519,25,162,0,,,
wake_44022,0,0,0,850,56,586,2,,,
wake_43958,0,0,0,1330,71,760,2,,,
wake_43934,0,0,0,823,56,682,1,,,
wake_17899,0,0,0,570,41,213,0,,,
wake_43929,0,0,0,562,32,339,2,,,
wake_11689,0,0,1,553,44,276,2,,,
wake_12055,0,0,0,466,21,294,0,,,
wake_43832,0,0,0,589,26,254,2,,,
wake_44013,0,0,0,411,33,292,0,,,
wake_43926,0,0,0,723,46,540,1,,,
wake_14977,0,0,0,494,43,195,2,,,
wake_43940,0,0,0,405,37,391,1,,,
wake_43939,0,0,0,543,34,410,1,,,
wake_43952,0,0,0,702,52,646,2,,,
wake_43924,0,0,0,383,33,291,2,,,
wake_43925,0,0,0,335,21,253,1,,,
wake_43861,0,0,0,703,55,209,2,,,
wake_44136,0,0,0,770,55,520,4,,,
wake_44137,0,0,0,845,40,667,3,,,
wake_43836,0,0,0,675,31,296,3,,,
wake_18-06,0,0,0,779,49,449,4,,,
wake_43846,0,0,0,677,28,396,1,,,
wake_44024,0,0,0,560,20,384,3,,,
wake_43942,0,0,0,325,24,137,3,,,
wake_43937,0,0,0,492,59,383,1,,,
wake_43839,0,0,0,470,21,159,1,,,
wake_43957,0,0,0,881,36,944,2,,,
wake_44174,0,0,0,526,57,770,5,,,
wake_44170,0,0,0,846,70,1433,2,,,
wake_18-07,0,0,0,397,40,759,4,,,
wake_43927,0,0,0,653,40,518,3,,,
wake_20-12,0,0,0,376,20,451,3,,,
wake_20-14,0,0,0,920,66,804,3,,,
wake_43992,1,1,0,294,39,564,3,,,
wake_43988,0,0,0,860,71,890,4,,,
wake_43987,0,0,2,478,39,839,3,,,
wake_44173,0,0,0,701,61,689,1,,,
wake_20-03,0,0,1,524,52,601,2,,,
wake_43928,0,0,0,541,23,740,2,,,
wake_43933,0,0,0,541,66,535,1,,,
wake_20-10,0,0,0,702,40,615,5,,,
wake_20-04,0,0,0,644,52,596,5,,,
wake_43986,0,0,0,533,52,478,1,,,
wake_43991,0,0,0,646,57,884,6,,,
wake_20-08,0,0,0,614,56,792,6,,,
wake_20-01,0,0,0,478,35,404,3,,,
wake_18-05,0,0,0,900,47,1080,2,,,
wake_36586,0,0,0,506,40,679,1,,,
wake_43931,0,0,0,575,53,514,1,,,
wake_43930,0,0,0,480,24,545,1,,,
wake_20-06A,0,0,0,664,60,646,2,,,
wake_20-11,0,0,1,540,47,665,0,,,
wake_20-13,0,0,0,1416,84,1213,5,,,
wake_44166,0,0,0,641,73,1213,7,,,
wake_18-02,0,0,0,701,59,1115,3,,,
wake_18-03,0,0,0,454,13,530,3,,,
wake_44171,0,0,0,416,61,726,4,,,
wake_20-09,0,0,0,498,35,546,0,,,
wake_18-08,0,0,0,704,44,636,4,,,
wake_20-05,0,0,0,685,35,836,5,,,
wake_20-06B,0,0,0,620,58,710,4,,,
wake_44167,1,0,0,681,89,823,4,,,
wake_43936,1,0,0,577,63,427,3,,,
wake_43990,0,0,0,490,39,411,5,,,
wake_43989,1,0,0,555,37,660,1,,,
wake_15-03,0,0,1,529,76,1183,6,,,
wake_44077,0,0,0,361,31,617,5,,,
wake_19-09,0,0,0,494,61,911,3,,,
wake_44105,0,0,0,142,21,309,0,,,
wake_16-07,0,0,2,777,67,735,7,,,
wake_16-05,0,0,0,429,49,481,0,,,
wake_17-06,0,0,0,276,27,411,0,,,
wake_44076,0,0,0,702,55,496,3,,,
wake_15-02,0,1,0,725,74,1143,5,,,
wake_19-16,0,0,0,467,25,530,4,,,
wake_19-10,0,0,0,832,81,1394,10,,,
wake_44172,0,0,0,281,36,559,1,,,
wake_19-07,0,0,0,329,29,359,1,,,
wake_44169,0,0,1,413,55,965,2,,,
wake_15-01,0,0,6,524,57,1025,3,,,
wake_15-04,0,0,0,379,30,572,1,,,
warren_14,0,0,0,500,14,174,1,,,
warren_11,0,0,0,128,6,42,1,,,
warren_8,0,0,0,488,8,64,2,,,
warren_9,0,0,0,171,5,89,0,,,
warren_3,0,0,0,255,20,149,0,,,
warren_2,0,0,0,179,13,241,1,,,
warren_12,0,1,0,155,10,268,0,,,
warren_7,0,0,0,284,5,91,0,,,
warren_6,0,0,0,444,15,117,1,,,
warren_1,2,0,0,235,17,301,0,,,
warren_10,0,0,0,684,17,149,2,,,
warren_13,0,0,0,159,11,115,0,,,
warren_4,0,0,0,254,4,111,0,,,
warren_5,0,0,1,505,11,122,0,,,
washington_P3,0,0,2,283,23,290,0,,,
washington_ONESTOP,0,0,0,1136,76,734,4,,,
washington_SK,0,0,0,151,15,175,0,,,
washington_P1,0,0,0,236,10,68,0,,,
washington_SC,0,0,0,208,30,267,0,,,
washington_LM,0,0,1,417,20,171,0,,,
washington_P2,0,0,0,204,7,49,0,,,
watauga_12,,,,103,14,58,0,,,
watauga_15,,,,274,43,391,2,,,
watauga_17,,,,87,15,121,0,,,
watauga_7,,,,265,45,359,0,,,
watauga_13,,,,180,31,141,0,,,
watauga_10,,,,109,14,182,0,,,
watauga_6,,,,126,13,76,0,,,
watauga_3,,,,316,32,360,0,,,
watauga_9,,,,69,12,115,2,,,
watauga_18,,,,146,37,387,2,,,
watauga_2,,,,89,16,279,0,,,
watauga_5,,,,158,20,68,0,,,
watauga_8,,,,194,37,422,2,,,
watauga_ONESTOP,,,,4331,366,3076,6,,,
watauga_11,,,,175,50,377,1,,,
watauga_14,,,,222,36,295,0,,,
watauga_16,,,,11,5,38,0,,,
watauga_19,,,,296,37,526,1,,,
watauga_4,,,,290,39,517,0,,,
watauga_1,,,,51,10,81,1,,,
watauga_20,,,,55,5,88,1,,,
wayne_8,0,0,1,98,34,417,0,,,
wayne_5,0,0,0,158,25,431,0,,,
wayne_22,0,0,0,182,15,147,1,,,
wayne_ONESTOP,0,3,0,7396,447,9164,12,,,
wayne_2,0,0,0,209,33,499,0,,,
wayne_30,0,0,0,289,9,97,0,,,
wayne_21,0,0,0,230,9,122,1,,,
wayne_16,0,0,0,215,28,303,1,,,
wayne_1,0,0,0,240,25,416,2,,,
wayne_14,0,0,0,155,14,419,2,,,
wayne_19,0,0,0,274,5,7,1,,,
wayne_11,0,0,0,235,7,149,0,,,
wayne_26,0,0,0,328,22,233,0,,,
wayne_9,0,0,0,117,21,388,1,,,
wayne_10,0,0,0,264,5,97,2,,,
wayne_24,0,0,0,137,34,701,0,,,
wayne_6,0,0,0,168,21,215,0,,,
wayne_3,0,0,0,114,41,496,2,,,
wayne_23,0,0,0,160,16,203,0,,,
wayne_17,0,0,0,195,3,17,0,,,
wayne_15,0,0,0,119,33,429,4,,,
wayne_28,0,0,0,210,30,418,2,,,
wayne_25,0,1,0,127,20,318,0,,,
wayne_4,0,0,0,233,33,611,0,,,
wayne_7,0,0,0,274,30,628,0,,,
wayne_12,0,0,0,330,17,261,1,,,
wayne_13,0,0,0,261,16,108,2,,,
wayne_18,0,0,0,224,9,30,0,,,
wayne_27,0,0,0,303,8,61,1,,,
wayne_20,0,0,0,334,10,28,2,,,
wayne_29,0,0,0,234,11,115,0,,,
wilkes_107,0,0,0,165,50,673,3,,,
wilkes_ONESTOP,0,0,1,1761,202,3196,13,,,
wilkes_124,0,0,1,74,26,329,1,,,
wilkes_104,0,0,0,91,35,273,0,,,
wilkes_105,0,0,0,82,30,290,1,,,
wilkes_102,0,0,0,138,30,300,1,,,
wilkes_108,0,0,0,114,31,218,2,,,
wilkes_109,0,0,0,79,4,159,0,,,
wilkes_111,0,0,2,90,43,342,1,,,
wilkes_117,0,0,0,114,23,362,4,,,
wilkes_123,0,0,0,52,14,217,1,,,
wilkes_128,0,0,0,214,68,539,2,,,
wilkes_113,0,0,0,135,29,292,1,,,
wilkes_114,0,0,0,44,19,155,0,,,
wilkes_120,0,0,0,76,26,348,1,,,
wilkes_126,0,0,0,50,15,181,2,,,
wilkes_129,0,0,0,171,43,470,2,,,
wilkes_106,0,0,0,77,23,235,2,,,
wilkes_112,0,0,1,132,37,505,0,,,
wilkes_118,0,0,0,198,45,278,1,,,
wilkes_110,0,0,0,39,4,82,0,,,
wilkes_121,0,0,0,105,41,361,1,,,
wilkes_127,0,0,0,202,36,348,2,,,
wilkes_125,0,0,0,56,14,186,0,,,
wilkes_119,0,0,0,187,63,639,1,,,
wilkes_101,0,0,0,62,22,160,0,,,
wilkes_115A,0,0,0,167,52,689,2,,,
wilkes_103,0,0,0,50,8,170,1,,,
wilkes_122,0,0,0,23,8,314,0,,,
wilson_PRWQ,0,0,0,299,3,2,0,,,
wilson_PRWE,0,0,0,475,15,172,1,,,
wilson_PRWR,0,0,0,636,3,38,0,,,
wilson_CURBSIDE,0,0,0,304,3,71,0,,,
wilson_PRWA,0,0,0,304,12,56,0,,,
wilson_PRWC,0,0,0,659,3,57,3,,,
wilson_PRWH,0,0,0,364,4,12,1,,,
wilson_PRBL,0,0,0,313,43,817,0,,,
wilson_PRWI,0,0,0,521,14,237,0,,,
wilson_PRWN,0,0,0,1027,18,55,0,,,
wilson_PRTO,0,0,0,816,56,835,2,,,
wilson_PRGA,0,0,0,600,34,473,2,,,
wilson_PRWB,0,0,0,398,4,15,0,,,
wilson_PRWD,0,0,0,346,27,605,0,,,
wilson_PRWL,0,0,0,532,38,699,1,,,
wilson_PRWJ,1,0,0,916,57,676,1,,,
wilson_PRST,0,0,0,349,24,243,1,,,
wilson_PRSP,0,0,0,325,26,603,1,,,
wilson_PRSA,0,0,0,299,11,224,0,,,
wilson_PRCR,0,0,0,337,33,671,0,,,
wilson_PROL,0,0,0,520,63,1176,2,,,
wilson_PRWP,0,0,0,346,30,605,0,,,
wilson_PRWK,0,0,0,342,24,603,2,,,
wilson_PRWM,0,0,0,1034,50,980,4,,,
wilson_PRTA,0,0,0,1131,52,1549,2,,,
yadkin_BNVL,0,0,0,241,59,768,5,,,
yadkin_SLIB,0,0,0,149,45,644,2,,,
yadkin_DCRK,0,0,0,110,56,466,2,,,
yadkin_NFAL,0,0,0,74,27,372,1,,,
yadkin_NLIB,0,0,0,242,46,695,1,,,
yadkin_FBSH,0,0,0,196,55,971,3,,,
yadkin_NKNB,0,0,0,278,71,694,4,,,
yadkin_NBCK,0,0,0,91,30,439,2,,,
yadkin_EBND,0,0,1,182,55,601,3,,,
yadkin_SKNB,0,0,0,41,21,431,2,,,
yadkin_ONESTOP,0,0,0,540,58,1332,2,,,
yadkin_SFAL,0,0,0,95,26,479,0,,,
yadkin_SBCK,0,0,0,72,21,231,3,,,
yancey_06 JAC,,,0,381,53,400,3,,,
yancey_05 GRE,,,0,130,14,147,0,,,
yancey_11 PRI,,,0,237,27,441,5,,,
yancey_03 EGY,,,0,117,16,155,0,,,
yancey_01 BUR,,,0,926,104,980,3,,,
yancey_04 RAM,,,0,67,8,100,1,,,
yancey_10 PEN,,,0,111,21,186,0,,,
yancey_07 BRU,,,0,96,10,110,1,,,
yancey_02 CAN,,,0,273,54,427,0,,,
yancey_08 CRA,,,0,558,62,848,2,,,
yancey_09 SOU,,,1,563,43,549,1,,,
